District,Block,Habitation,LGD_Code,Households,Population,geocode_query_used,latitude,longitude,geocode_status,bhuvan_vid,bhuvan_population
Anjaw,Chaglagam,Metengliang,266838,52,197.0,"Metengliang, Anjaw, Arunachal Pradesh, India",28.2053139,96.5325529,"matched (fallback query, no block)",,
Anjaw,Chaglagam,Aphumna,266826,22,85.0,"Aphumna, Anjaw, Arunachal Pradesh, India",,,NO MATCH — Bhuvan also failed or district mismatch,,
Anjaw,Chaglagam,Chaglagam H.Q.,266837,29,192.0,"Chaglagam H.Q., Anjaw, Arunachal Pradesh, India",,,NO MATCH — Bhuvan also failed or district mismatch,,
Anjaw,Chaglagam,Chakka,266834,30,137.0,"Chakka, Anjaw, Arunachal Pradesh, India",,,NO MATCH — Bhuvan also failed or district mismatch,,
Anjaw,Chaglagam,Chipra,266831,5,35.0,"Chipra, Chaglagam, Anjaw, Arunachal Pradesh, India",28.2687337,96.564114,matched,,
Anjaw,Chaglagam,Chipuiliang,266841,10,57.0,"Chipuiliang, Anjaw, Arunachal Pradesh, India",,,NO MATCH — Bhuvan also failed or district mismatch,,
Anjaw,Chaglagam,Gomin,266850,14,60.0,"Gomin, Anjaw, Arunachal Pradesh, India",,,NO MATCH — Bhuvan also failed or district mismatch,,
Anjaw,Chaglagam,Kaey Maro,266824,3,16.0,"Kaey Maro, Anjaw, Arunachal Pradesh, India",,,NO MATCH — Bhuvan also failed or district mismatch,,
Anjaw,Chaglagam,Kalabro (Kaangbro),266857,0,,"Kalabro (Kaangbro), Anjaw, Arunachal Pradesh, India",,,NO MATCH — Bhuvan also failed or district mismatch,,
Anjaw,Chaglagam,Kalamna,266822,5,21.0,"Kalamna, Anjaw, Arunachal Pradesh, India",,,NO MATCH — Bhuvan also failed or district mismatch,,
Anjaw,Chaglagam,"Khalega, Metengliang",266821,13,53.0,"Khalega, Metengliang, Anjaw, Arunachal Pradesh, India",,,NO MATCH — Bhuvan also failed or district mismatch,,
Anjaw,Chaglagam,Khowegko,266843,5,31.0,"Khowegko, Anjaw, Arunachal Pradesh, India",,,NO MATCH — Bhuvan also failed or district mismatch,,
Anjaw,Chaglagam,Kromna,266840,31,139.0,"Kromna, Anjaw, Arunachal Pradesh, India",,,NO MATCH — Bhuvan also failed or district mismatch,,
Anjaw,Chaglagam,Mailiang,266830,20,81.0,"Mailiang, Anjaw, Arunachal Pradesh, India",,,NO MATCH — Bhuvan also failed or district mismatch,,
Anjaw,Chaglagam,Mithumna,266866,24,102.0,"Mithumna, Anjaw, Arunachal Pradesh, India",28.2346775,96.535261,"matched (fallback query, no block)",,
Anjaw,Chaglagam,Pailiang,266844,13,72.0,"Pailiang, Anjaw, Arunachal Pradesh, India",28.1966606,96.5083691,"matched (fallback query, no block)",,
Anjaw,Chaglagam,Payaparap,266847,4,30.0,"Payaparap, Anjaw, Arunachal Pradesh, India",,,NO MATCH — Bhuvan also failed or district mismatch,,
Anjaw,Chaglagam,Roiliang,266849,26,133.0,"Roiliang, Anjaw, Arunachal Pradesh, India",,,NO MATCH — Bhuvan also failed or district mismatch,,
Anjaw,Chaglagam,Tabretong,266845,10,58.0,"Tabretong, Anjaw, Arunachal Pradesh, India",,,NO MATCH — Bhuvan also failed or district mismatch,,
Anjaw,Chaglagam,Tadumna,266846,5,31.0,"Tadumna, Anjaw, Arunachal Pradesh, India",,,NO MATCH — Bhuvan also failed or district mismatch,,
Anjaw,Chaglagam,Taflagam,266828,39,148.0,"Taflagam, Anjaw, Arunachal Pradesh, India",,,NO MATCH — Bhuvan also failed or district mismatch,,
Anjaw,Chaglagam,Taimna,266842,9,56.0,"Taimna, Anjaw, Arunachal Pradesh, India",,,NO MATCH — Bhuvan also failed or district mismatch,,
Anjaw,Chaglagam,Tamkadu,266832,7,32.0,"Tamkadu, Anjaw, Arunachal Pradesh, India",,,NO MATCH — Bhuvan also failed or district mismatch,,
Anjaw,Chaglagam,Upper Taflagaon,266829,17,53.0,"Upper Taflagaon, Anjaw, Arunachal Pradesh, India",,,NO MATCH — Bhuvan also failed or district mismatch,,
Anjaw,Hayuliang,Glotong,266788,11,69.0,"Glotong, Anjaw, Arunachal Pradesh, India",28.2051645,96.6850333,"matched (fallback query, no block)",,
Anjaw,Hayuliang,Hayuliang,266712,374,1834.0,"Hayuliang, Hayuliang, Anjaw, Arunachal Pradesh, India",28.081317,96.5236674,matched,,
Anjaw,Hayuliang,Keletong,266800,3,9.0,"Keletong, Anjaw, Arunachal Pradesh, India",28.123006,96.6192583,"matched (fallback query, no block)",,
Anjaw,Hayuliang,Kongra(Metung),266690,8,28.0,"Kongra(Metung), Hayuliang, Anjaw, Arunachal Pradesh, India",28.0695862,96.5735857,matched,,
Anjaw,Hayuliang,Zapaliang,266716,4,15.0,"Zapaliang, Hayuliang, Anjaw, Arunachal Pradesh, India",28.009235,96.4411122,matched,,
Anjaw,Walong,Bhaw,266945,15,77.0,"Bhaw, Anjaw, Arunachal Pradesh, India",,,NO MATCH — Bhuvan also failed or district mismatch,,
Anjaw,Walong,Chenguinty,266965,7,16.0,"Chenguinty, Anjaw, Arunachal Pradesh, India",27.8858991,96.8520327,"matched (fallback query, no block)",,
Anjaw,Walong,Dhanbari,266878,6,25.0,"Dhanbari, Anjaw, Arunachal Pradesh, India",28.0078075,96.6214266,"matched (fallback query, no block)",,
Anjaw,Walong,Dong,266880,4,15.0,"Dong, Walong, Anjaw, Arunachal Pradesh, India",28.1679203,97.0389469,matched,,
Anjaw,Walong,Gong,266893,0,0.0,"Gong, Walong, Anjaw, Arunachal Pradesh, India",28.1700892,97.0008029,matched,,
Anjaw,Walong,Hot Spring,266879,1,4.0,"Hot Spring, Anjaw, Arunachal Pradesh, India",28.2928975,97.1638576,"matched (fallback query, no block)",,
Anjaw,Walong,Hunung,266946,0,0.0,"Hunung, Anjaw, Arunachal Pradesh, India",27.8741289,96.9451026,"matched (fallback query, no block)",,
Anjaw,Walong,Kaho,266868,10,65.0,"Kaho, Anjaw, Arunachal Pradesh, India",28.3034238,97.0250574,"matched (fallback query, no block)",,
Anjaw,Walong,Kheyong,266942,5,22.0,"Kheyong, Anjaw, Arunachal Pradesh, India",,,NO MATCH — Bhuvan also failed or district mismatch,,
Anjaw,Walong,Khrawit,266892,3,22.0,"Khrawit, Walong, Anjaw, Arunachal Pradesh, India",27.9044705,96.9437389,matched,,
Anjaw,Walong,Kibithoo H.Q.,266876,129,723.0,"Kibithoo H.Q., Anjaw, Arunachal Pradesh, India",,,NO MATCH — Bhuvan also failed or district mismatch,,
Anjaw,Walong,Krowti,266873,6,27.0,"Krowti, Anjaw, Arunachal Pradesh, India",28.2354088,97.0273216,"matched (fallback query, no block)",,
Anjaw,Walong,Krowti Labour Camp,266874,13,29.0,"Krowti Labour Camp, Anjaw, Arunachal Pradesh, India",28.2318311,97.0285584,"matched (fallback query, no block)",,
Anjaw,Walong,Kundan,266871,4,24.0,"Kundan, Anjaw, Arunachal Pradesh, India",28.2425043,97.0254063,"matched (fallback query, no block)",,
Anjaw,Walong,Lamkung,266938,3,15.0,"Lamkung, Anjaw, Arunachal Pradesh, India",,,NO MATCH — Bhuvan also failed or district mismatch,,
Anjaw,Walong,Misai labour Camp,266870,69,232.0,"Misai labour Camp, Anjaw, Arunachal Pradesh, India",,,NO MATCH — Bhuvan also failed or district mismatch,,
Anjaw,Walong,Musai,266869,65,262.0,"Musai, Anjaw, Arunachal Pradesh, India",28.2588294,97.0287424,"matched (fallback query, no block)",,
Anjaw,Walong,Pranju,266940,1,6.0,"Pranju, Anjaw, Arunachal Pradesh, India",,,NO MATCH — Bhuvan also failed or district mismatch,,
Anjaw,Walong,Samdul,266952,12,51.0,"Samdul, Anjaw, Arunachal Pradesh, India",27.8858936,96.9223997,"matched (fallback query, no block)",,
Anjaw,Walong,Sanglang,266943,17,82.0,"Sanglang, Anjaw, Arunachal Pradesh, India",,,NO MATCH — Bhuvan also failed or district mismatch,,
Anjaw,Walong,Staging Hut Krosam,266962,0,0.0,"Staging Hut Krosam, Anjaw, Arunachal Pradesh, India",,,NO MATCH — Bhuvan also failed or district mismatch,,
Anjaw,Walong,Supkung,266881,4,23.0,"Supkung, Walong, Anjaw, Arunachal Pradesh, India",28.1588813,97.0363709,matched,,
Anjaw,Walong,Walong,266883,21,79.0,"Walong, Walong, Anjaw, Arunachal Pradesh, India",28.1294938,97.0166444,matched,,
Anjaw,Walong,Walong BRTF Camp,266902,25,109.0,"Walong BRTF Camp, Anjaw, Arunachal Pradesh, India",,,NO MATCH — Bhuvan also failed or district mismatch,,
Anjaw,Walong,Walong H.Q.,266901,101,392.0,"Walong H.Q., Anjaw, Arunachal Pradesh, India",,,NO MATCH — Bhuvan also failed or district mismatch,,
Anjaw,Walong,Yakung,266875,13,64.0,"Yakung, Anjaw, Arunachal Pradesh, India",28.1997526,97.0263468,"matched (fallback query, no block)",,
Dibang Valley,Anelih-Arzu,Adane,266010,4,6.0,"Adane, Dibang Valley, Arunachal Pradesh, India",,,NO MATCH — Bhuvan also failed or district mismatch,,
Dibang Valley,Anini-Mipi,Achali,265928,2,11.0,"Achali, Dibang Valley, Arunachal Pradesh, India",28.8429461,95.9704783,"matched (fallback query, no block)",,
Dibang Valley,Anini-Mipi,Achengo,265937,2,5.0,"Achengo, Dibang Valley, Arunachal Pradesh, India",28.8238506,95.9428387,"matched (fallback query, no block)",,
Dibang Valley,Anini-Mipi,Acheso,265936,10,31.0,"Acheso, Dibang Valley, Arunachal Pradesh, India",28.9263772,95.97448,"matched (fallback query, no block)",,
Dibang Valley,Anini-Mipi,Ahungo,265913,7,49.0,"Ahungo, Dibang Valley, Arunachal Pradesh, India",,,NO MATCH — Bhuvan also failed or district mismatch,,
Dibang Valley,Anini-Mipi,Alinye,265926,48,201.0,"Alinye, Dibang Valley, Arunachal Pradesh, India",28.8346828,95.9628967,"matched (fallback query, no block)",,
Dibang Valley,Anini-Mipi,Angrim Valley,265921,31,116.0,"Angrim Valley, Dibang Valley, Arunachal Pradesh, India",28.8842816,95.9786208,"matched (fallback query, no block)",,
Dibang Valley,Anini-Mipi,Aropo,265932,21,95.0,"Aropo, Dibang Valley, Arunachal Pradesh, India",28.8230901,95.9397069,"matched (fallback query, no block)",,
Dibang Valley,Anini-Mipi,Atoto,265922,4,13.0,"Atoto, Dibang Valley, Arunachal Pradesh, India",28.8355826,95.9647411,"matched (fallback query, no block)",,
Dibang Valley,Anini-Mipi,Ebamee,265939,10,20.0,"Ebamee, Dibang Valley, Arunachal Pradesh, India",,,NO MATCH — Bhuvan also failed or district mismatch,,
Dibang Valley,Anini-Mipi,Echito,265940,7,22.0,"Echito, Dibang Valley, Arunachal Pradesh, India",28.9291593,95.9752771,"matched (fallback query, no block)",,
Dibang Valley,Anini-Mipi,Ediya,265915,3,11.0,"Ediya, Dibang Valley, Arunachal Pradesh, India",28.9638191,95.8076515,"matched (fallback query, no block)",,
Dibang Valley,Anini-Mipi,Emuli,265907,15,58.0,"Emuli, Dibang Valley, Arunachal Pradesh, India",28.8871158,95.8356573,"matched (fallback query, no block)",,
Dibang Valley,Anini-Mipi,Gipulin,265923,27,131.0,"Gipulin, Dibang Valley, Arunachal Pradesh, India",28.8479222,95.9666253,"matched (fallback query, no block)",,
Dibang Valley,Anini-Mipi,Kamuyi,265918,4,29.0,"Kamuyi, Dibang Valley, Arunachal Pradesh, India",28.9926912,95.8050502,"matched (fallback query, no block)",,
Dibang Valley,Anini-Mipi,Mipi H.Q.,265920,8,19.0,"Mipi H.Q., Dibang Valley, Arunachal Pradesh, India",28.9641685,95.8081308,"matched (fallback query, no block)",,
Dibang Valley,Anini-Mipi,Mipido,265914,4,25.0,"Mipido, Dibang Valley, Arunachal Pradesh, India",28.950424,95.8144355,"matched (fallback query, no block)",,
Dibang Valley,Anini-Mipi,New Achuli,265927,4,13.0,"New Achuli, Dibang Valley, Arunachal Pradesh, India",,,NO MATCH — Bhuvan also failed or district mismatch,,
Dibang Valley,Etalin-Malinye,Etalin Bridge Point,265975,41,170.0,"Etalin Bridge Point, Dibang Valley, Arunachal Pradesh, India",28.6094048,95.8703668,"matched (fallback query, no block)",,
Dibang Valley,Etalin-Malinye,Etalin H.Q.,266002,64,247.0,"Etalin H.Q., Dibang Valley, Arunachal Pradesh, India",,,NO MATCH — Bhuvan also failed or district mismatch,,
Dibang Valley,Etalin-Malinye,Maliney,265996,27,127.0,"Maliney, Dibang Valley, Arunachal Pradesh, India",28.6750197,96.1532235,"matched (fallback query, no block)",,
Dibang Valley,Etalin-Malinye,Mawali,265991,1,2.0,"Mawali, Dibang Valley, Arunachal Pradesh, India",28.6599698,96.0170217,"matched (fallback query, no block)",,
Dibang Valley,Etalin-Malinye,New Echanli,266000,8,58.0,"New Echanli, Dibang Valley, Arunachal Pradesh, India",,,NO MATCH — Bhuvan also failed or district mismatch,,
Dibang Valley,Etalin-Malinye,New Emali(Old Etalin),266001,0,0.0,"New Emali(Old Etalin), Dibang Valley, Arunachal Pradesh, India",,,NO MATCH — Bhuvan also failed or district mismatch,,
Dibang Valley,Etalin-Malinye,Punli,265983,4,32.0,"Punli, Dibang Valley, Arunachal Pradesh, India",28.6565904,95.8520788,"matched (fallback query, no block)",,
East Kameng,Bameng,Babey Camp,262126,6,30.0,"Babey Camp, East Kameng, Arunachal Pradesh, India",,,NO MATCH — Bhuvan also failed or district mismatch,,
East Kameng,Bameng,Bameng H.Q.,262132,204,934.0,"Bameng H.Q., East Kameng, Arunachal Pradesh, India",,,NO MATCH — Bhuvan also failed or district mismatch,,
East Kameng,Bameng,Beyong,262098,60,242.0,"Beyong, East Kameng, Arunachal Pradesh, India",,,NO MATCH — Bhuvan also failed or district mismatch,,
East Kameng,Bameng,Lengdi/Liang,262116,18,89.0,"Lengdi/Liang, Bameng, East Kameng, Arunachal Pradesh, India",27.5376292,92.923885,matched,,
East Kameng,Bameng,Rasong,262129,15,70.0,"Rasong, East Kameng, Arunachal Pradesh, India",,,NO MATCH — Bhuvan also failed or district mismatch,,
East Kameng,Bameng,Taffo,262123,17,68.0,"Taffo, East Kameng, Arunachal Pradesh, India",,,NO MATCH — Bhuvan also failed or district mismatch,,
East Kameng,Bameng,Tayung,262131,24,99.0,"Tayung, East Kameng, Arunachal Pradesh, India",,,NO MATCH — Bhuvan also failed or district mismatch,,
East Kameng,Bameng,Upper Liyak,262128,30,173.0,"Upper Liyak, Bameng, East Kameng, Arunachal Pradesh, India",27.5337804,92.8465101,matched,,
East Kameng,Bameng,Upper Liyak Doncha,262125,22,130.0,"Upper Liyak Doncha, East Kameng, Arunachal Pradesh, India",,,NO MATCH — Bhuvan also failed or district mismatch,,
East Kameng,Chayangtajo,Chayangtajo H.Q.,262245,281,1329.0,"Chayangtajo H.Q., East Kameng, Arunachal Pradesh, India",,,NO MATCH — Bhuvan also failed or district mismatch,,
East Kameng,Chayangtajo,Dache Sullung,262244,6,32.0,"Dache Sullung, East Kameng, Arunachal Pradesh, India",,,NO MATCH — Bhuvan also failed or district mismatch,,
East Kameng,Chayangtajo,Dao,262251,12,64.0,"Dao, East Kameng, Arunachal Pradesh, India",27.7832832,92.9383609,"matched (fallback query, no block)",,
East Kameng,Chayangtajo,Dara Yangfo,262258,12,66.0,"Dara Yangfo, East Kameng, Arunachal Pradesh, India",27.732817,93.0487159,"matched (fallback query, no block)",,
East Kameng,Chayangtajo,Lamrah,262256,13,100.0,"Lamrah, East Kameng, Arunachal Pradesh, India",27.6967225,93.0373888,"matched (fallback query, no block)",,
East Kameng,Chayangtajo,Loto Yangfo,262255,26,112.0,"Loto Yangfo, East Kameng, Arunachal Pradesh, India",27.7296573,93.059293,"matched (fallback query, no block)",,
East Kameng,Chayangtajo,Diya Sullung,262266,4,18.0,"Diya Sullung, East Kameng, Arunachal Pradesh, India",27.7760452,93.0124888,"matched (fallback query, no block)",,
East Kameng,Chayangtajo,Hara Yangfo,262221,15,103.0,"Hara Yangfo, Chayangtajo, East Kameng, Arunachal Pradesh, India",27.751648,93.1327809,matched,,
East Kameng,Chayangtajo,Jayang Bagang,262218,105,659.0,"Jayang Bagang, Chayangtajo, East Kameng, Arunachal Pradesh, India",27.7547367,93.1791026,matched,,
East Kameng,Chayangtajo,Kesse Bagang,262219,34,255.0,"Kesse Bagang, Chayangtajo, East Kameng, Arunachal Pradesh, India",27.7809294,93.2034502,matched,,
East Kameng,Chayangtajo,Langchu Sullung,262252,19,77.0,"Langchu Sullung, East Kameng, Arunachal Pradesh, India",27.7569534,92.9355132,"matched (fallback query, no block)",,
East Kameng,Chayangtajo,Langruk Tajo,262233,3,15.0,"Langruk Tajo, East Kameng, Arunachal Pradesh, India",,,NO MATCH — Bhuvan also failed or district mismatch,,
East Kameng,Chayangtajo,Nampe Bagang,262273,22,170.0,"Nampe Bagang, East Kameng, Arunachal Pradesh, India",27.7140627,93.0313033,"matched (fallback query, no block)",,
East Kameng,Chayangtajo,Raro Sullung,262268,12,55.0,"Raro Sullung, East Kameng, Arunachal Pradesh, India",27.6890058,93.0717372,"matched (fallback query, no block)",,
East Kameng,Chayangtajo,Saria Takhang,262271,36,148.0,"Saria Takhang, East Kameng, Arunachal Pradesh, India",,,NO MATCH — Bhuvan also failed or district mismatch,,
East Kameng,Chayangtajo,Sawa H.Q.,262272,6,34.0,"Sawa H.Q., East Kameng, Arunachal Pradesh, India",,,NO MATCH — Bhuvan also failed or district mismatch,,
East Kameng,Chayangtajo,Tamsang Yangfo,262227,13,88.0,"Tamsang Yangfo, Chayangtajo, East Kameng, Arunachal Pradesh, India",27.6760974,93.0917894,matched,,
East Kameng,Chayangtajo,Warriam Sullung,262270,7,39.0,"Warriam Sullung, East Kameng, Arunachal Pradesh, India",27.7279436,92.9802579,"matched (fallback query, no block)",,
East Kameng,Khenewa,Bisai,262069,21,145.0,"Bisai, East Kameng, Arunachal Pradesh, India",,,NO MATCH — Bhuvan also failed or district mismatch,,
East Kameng,Khenewa,Sachung,262072,21,165.0,"Sachung, East Kameng, Arunachal Pradesh, India",,,NO MATCH — Bhuvan also failed or district mismatch,,
East Kameng,Khenewa,Dongkha,262075,8,45.0,"Dongkha, East Kameng, Arunachal Pradesh, India",,,NO MATCH — Bhuvan also failed or district mismatch,,
East Kameng,Khenewa,Welling Tawe,262074,3,22.0,"Welling Tawe, East Kameng, Arunachal Pradesh, India",,,NO MATCH — Bhuvan also failed or district mismatch,,
East Kameng,Khenewa,Drakshi,262088,30,198.0,"Drakshi, East Kameng, Arunachal Pradesh, India",,,NO MATCH — Bhuvan also failed or district mismatch,,
East Kameng,Khenewa,Kojo,262089,20,147.0,"Kojo, East Kameng, Arunachal Pradesh, India",,,NO MATCH — Bhuvan also failed or district mismatch,,
East Kameng,Khenewa,Lada H.Q.,262082,48,251.0,"Lada H.Q., East Kameng, Arunachal Pradesh, India",,,NO MATCH — Bhuvan also failed or district mismatch,,
East Kameng,Khenewa,Rawa,262200,56,323.0,"Rawa, East Kameng, Arunachal Pradesh, India",,,NO MATCH — Bhuvan also failed or district mismatch,,
East Kameng,Khenewa,Rojo,262090,15,110.0,"Rojo, East Kameng, Arunachal Pradesh, India",,,NO MATCH — Bhuvan also failed or district mismatch,,
East Kameng,Khenewa,Wabalang,262084,9,82.0,"Wabalang, East Kameng, Arunachal Pradesh, India",,,NO MATCH — Bhuvan also failed or district mismatch,,
East Kameng,Khenewa,Wagyung,262187,6,25.0,"Wagyung, East Kameng, Arunachal Pradesh, India",,,NO MATCH — Bhuvan also failed or district mismatch,,
East Kameng,Khenewa,Wallong,262209,28,113.0,"Wallong, East Kameng, Arunachal Pradesh, India",27.6530641,92.9685879,"matched (fallback query, no block)",,
Kurung Kumey,Damin,Boruk,265781,12,61.0,"Boruk, Kurung Kumey, Arunachal Pradesh, India",,,NO MATCH — Bhuvan also failed or district mismatch,,
Kurung Kumey,Damin,Chate,265796,12,84.0,"Chate, Damin, Kurung Kumey, Arunachal Pradesh, India",28.1191826,93.3236259,matched,,
Kurung Kumey,Damin,Chulla,265826,18,106.0,"Chulla, Damin, Kurung Kumey, Arunachal Pradesh, India",28.1242982,93.411274,matched,,
Kurung Kumey,Damin,Damin H.Q.,265777,99,660.0,"Damin H.Q., Damin, Kurung Kumey, Arunachal Pradesh, India",28.1041982,93.3343841,matched,,
Kurung Kumey,Damin,Damin Village,265780,11,50.0,"Damin Village, Damin, Kurung Kumey, Arunachal Pradesh, India",28.1050092,93.3443566,matched,,
Kurung Kumey,Damin,Digok,265811,7,29.0,"Digok, Damin, Kurung Kumey, Arunachal Pradesh, India",28.1272533,93.3496878,matched,,
Kurung Kumey,Damin,Fuba,265808,58,304.0,"Fuba, Damin, Kurung Kumey, Arunachal Pradesh, India",28.1198537,93.3376816,matched,,
Kurung Kumey,Damin,Hume,265828,10,66.0,"Hume, Kurung Kumey, Arunachal Pradesh, India",,,NO MATCH — Bhuvan also failed or district mismatch,,
Kurung Kumey,Damin,Huri,265794,8,49.0,"Huri, Damin, Kurung Kumey, Arunachal Pradesh, India",28.1095105,93.3045975,matched,,
Kurung Kumey,Damin,Katuk,265805,8,46.0,"Katuk, Damin, Kurung Kumey, Arunachal Pradesh, India",28.1189094,93.2501395,matched,,
Kurung Kumey,Damin,Kopila,265793,17,118.0,"Kopila, Damin, Kurung Kumey, Arunachal Pradesh, India",28.1092251,93.3088818,matched,,
Kurung Kumey,Damin,Machang,265792,22,137.0,"Machang, Damin, Kurung Kumey, Arunachal Pradesh, India",28.0962492,93.3005705,matched,,
Kurung Kumey,Damin,Nisuk,265820,6,35.0,"Nisuk, Damin, Kurung Kumey, Arunachal Pradesh, India",28.1081822,93.414929,matched,,
Kurung Kumey,Damin,Pipa,265801,10,40.0,"Pipa, Damin, Kurung Kumey, Arunachal Pradesh, India",28.0735847,93.283149,matched,,
Kurung Kumey,Damin,Ramu,265818,24,130.0,"Ramu, Damin, Kurung Kumey, Arunachal Pradesh, India",28.1084035,93.4191096,matched,,
Kurung Kumey,Damin,Rane,265802,4,30.0,"Rane, Damin, Kurung Kumey, Arunachal Pradesh, India",28.1440384,93.3476122,matched,,
Kurung Kumey,Damin,Rawiok,265806,12,47.0,"Rawiok, Damin, Kurung Kumey, Arunachal Pradesh, India",28.137739,93.3249207,matched,,
Kurung Kumey,Damin,Ruba,265807,45,204.0,"Ruba, Damin, Kurung Kumey, Arunachal Pradesh, India",28.1221707,93.2334312,matched,,
Kurung Kumey,Damin,Senamriang,265800,13,60.0,"Senamriang, Damin, Kurung Kumey, Arunachal Pradesh, India",28.1320477,93.3191302,matched,,
Kurung Kumey,Damin,Sibia,265795,10,61.0,"Sibia, Damin, Kurung Kumey, Arunachal Pradesh, India",28.1070207,93.3012679,matched,,
Kurung Kumey,Damin,Tarba,265798,16,74.0,"Tarba, Damin, Kurung Kumey, Arunachal Pradesh, India",28.1607522,93.4195471,matched,,
Kurung Kumey,Damin,Tokriang,265778,20,150.0,"Tokriang, Damin, Kurung Kumey, Arunachal Pradesh, India",28.1110736,93.3311986,matched,,
Kurung Kumey,Damin,Yaso,265784,8,43.0,"Yaso, Damin, Kurung Kumey, Arunachal Pradesh, India",28.1002726,93.3473375,matched,,
Kurung Kumey,Koloriang,Buhan,265467,3,12.0,"Buhan, Koloriang, Kurung Kumey, Arunachal Pradesh, India",27.8895447,93.283152,matched,,
Kurung Kumey,Koloriang,Buyang,265476,0,0.0,"Buyang, Koloriang, Kurung Kumey, Arunachal Pradesh, India",27.9419935,93.286116,matched,,
Kurung Kumey,Koloriang,Buyang-II,265477,27,149.0,"Buyang-II, Koloriang, Kurung Kumey, Arunachal Pradesh, India",27.9419935,93.286116,matched,,
Kurung Kumey,Koloriang,Chello,265464,14,93.0,"Chello, Koloriang, Kurung Kumey, Arunachal Pradesh, India",27.8849215,93.291646,matched,,
Kurung Kumey,Koloriang,Chimpu,265478,4,19.0,"Chimpu, Koloriang, Kurung Kumey, Arunachal Pradesh, India",27.9522411,93.2566277,matched,,
Kurung Kumey,Koloriang,Chomi,265486,11,57.0,"Chomi, Koloriang, Kurung Kumey, Arunachal Pradesh, India",27.955673,93.2595487,matched,,
Kurung Kumey,Koloriang,Chote,265485,3,13.0,"Chote, Koloriang, Kurung Kumey, Arunachal Pradesh, India",27.9524396,93.2616596,matched,,
Kurung Kumey,Koloriang,Degging I,265482,11,48.0,"Degging I, Kurung Kumey, Arunachal Pradesh, India",,,NO MATCH — Bhuvan also failed or district mismatch,,
Kurung Kumey,Koloriang,Kachanjane,265452,5,28.0,"Kachanjane, Kurung Kumey, Arunachal Pradesh, India",,,NO MATCH — Bhuvan also failed or district mismatch,,
Kurung Kumey,Koloriang,Kiodhriang,265473,7,27.0,"Kiodhriang, Koloriang, Kurung Kumey, Arunachal Pradesh, India",27.8581693,93.2541827,matched,,
Kurung Kumey,Koloriang,Naji Bibok,265472,14,86.0,"Naji Bibok, Kurung Kumey, Arunachal Pradesh, India",,,NO MATCH — Bhuvan also failed or district mismatch,,
Kurung Kumey,Koloriang,Nangram,265438,83,350.0,"Nangram, Koloriang, Kurung Kumey, Arunachal Pradesh, India",27.9071735,93.4387839,matched,,
Kurung Kumey,Koloriang,Nyolo,265469,21,75.0,"Nyolo, Koloriang, Kurung Kumey, Arunachal Pradesh, India",27.9012651,93.3076219,matched,,
Kurung Kumey,Koloriang,Pakba,265433,28,175.0,"Pakba, Koloriang, Kurung Kumey, Arunachal Pradesh, India",27.8903622,93.3997806,matched,,
Kurung Kumey,Koloriang,Papu,265453,16,87.0,"Papu, Koloriang, Kurung Kumey, Arunachal Pradesh, India",27.9111524,93.3917445,matched,,
Kurung Kumey,Koloriang,Rengchi,265431,12,69.0,"Rengchi, Koloriang, Kurung Kumey, Arunachal Pradesh, India",27.8914093,93.4267781,matched,,
Kurung Kumey,Koloriang,Sollung Tapin,265463,3,22.0,"Sollung Tapin, Kurung Kumey, Arunachal Pradesh, India",,,NO MATCH — Bhuvan also failed or district mismatch,,
Kurung Kumey,Koloriang,Tate,265488,15,99.0,"Tate, Koloriang, Kurung Kumey, Arunachal Pradesh, India",27.9539309,93.2699171,matched,,
Kurung Kumey,Koloriang,Yumlam,265426,35,241.0,"Yumlam, Kurung Kumey, Arunachal Pradesh, India",27.8897958,93.4560068,"matched (fallback query, no block)",,
Kurung Kumey,Parsi-Parlo,Cheba,265748,16,109.0,"Cheba, Parsi-Parlo, Kurung Kumey, Arunachal Pradesh, India",28.0204954,93.4801015,matched,,
Kurung Kumey,Parsi-Parlo,Dalang,265761,25,136.0,"Dalang, Kurung Kumey, Arunachal Pradesh, India",,,NO MATCH — Bhuvan also failed or district mismatch,,
Kurung Kumey,Parsi-Parlo,Dape,265773,18,112.0,"Dape, Parsi-Parlo, Kurung Kumey, Arunachal Pradesh, India",28.0305059,93.4762607,matched,,
Kurung Kumey,Parsi-Parlo,Dare,265768,8,42.0,"Dare, Parsi-Parlo, Kurung Kumey, Arunachal Pradesh, India",28.040746,93.4566336,matched,,
Kurung Kumey,Parsi-Parlo,Geyang,265774,31,167.0,"Geyang, Parsi-Parlo, Kurung Kumey, Arunachal Pradesh, India",28.032302,93.4718342,matched,,
Kurung Kumey,Parsi-Parlo,Gonang,265716,48,365.0,"Gonang, Parsi-Parlo, Kurung Kumey, Arunachal Pradesh, India",27.9884834,93.5169908,matched,,
Kurung Kumey,Parsi-Parlo,Hissang,265745,12,48.0,"Hissang, Kurung Kumey, Arunachal Pradesh, India",,,NO MATCH — Bhuvan also failed or district mismatch,,
Kurung Kumey,Parsi-Parlo,Leneriang,265746,12,55.0,"Leneriang, Kurung Kumey, Arunachal Pradesh, India",,,NO MATCH — Bhuvan also failed or district mismatch,,
Kurung Kumey,Parsi-Parlo,Nyokuriang,265740,12,63.0,"Nyokuriang, Parsi-Parlo, Kurung Kumey, Arunachal Pradesh, India",28.0062351,93.5622034,matched,,
Kurung Kumey,Parsi-Parlo,Pachang,265762,31,161.0,"Pachang, Parsi-Parlo, Kurung Kumey, Arunachal Pradesh, India",28.0250521,93.4720132,matched,,
Kurung Kumey,Parsi-Parlo,Pado I,265733,24,133.0,"Pado I, Parsi-Parlo, Kurung Kumey, Arunachal Pradesh, India",27.9756026,93.5757879,matched,,
Kurung Kumey,Parsi-Parlo,Pagam,265766,10,55.0,"Pagam, Kurung Kumey, Arunachal Pradesh, India",28.049312,93.4584998,"matched (fallback query, no block)",,
Kurung Kumey,Parsi-Parlo,Pape,265765,24,129.0,"Pape, Parsi-Parlo, Kurung Kumey, Arunachal Pradesh, India",28.0129617,93.4902587,matched,,
Kurung Kumey,Parsi-Parlo,Pariang,265747,20,122.0,"Pariang, Parsi-Parlo, Kurung Kumey, Arunachal Pradesh, India",28.0328165,93.4803814,matched,,
Kurung Kumey,Parsi-Parlo,Parsi-Parlo H.Q.,265712,39,234.0,"Parsi-Parlo H.Q., Kurung Kumey, Arunachal Pradesh, India",,,NO MATCH — Bhuvan also failed or district mismatch,,
Kurung Kumey,Parsi-Parlo,Passik,265753,14,83.0,"Passik, Parsi-Parlo, Kurung Kumey, Arunachal Pradesh, India",28.0360017,93.4705453,matched,,
Kurung Kumey,Parsi-Parlo,Pilop,265751,24,114.0,"Pilop, Parsi-Parlo, Kurung Kumey, Arunachal Pradesh, India",28.004125,93.5674707,matched,,
Kurung Kumey,Parsi-Parlo,Rashik,265741,14,88.0,"Rashik, Parsi-Parlo, Kurung Kumey, Arunachal Pradesh, India",28.0080613,93.5508476,matched,,
Kurung Kumey,Parsi-Parlo,Renchiporiang -I,265720,24,165.0,"Renchiporiang -I, Kurung Kumey, Arunachal Pradesh, India",,,NO MATCH — Bhuvan also failed or district mismatch,,
Kurung Kumey,Parsi-Parlo,Yarba-I,265731,24,142.0,"Yarba-I, Parsi-Parlo, Kurung Kumey, Arunachal Pradesh, India",27.96349,93.5654022,matched,,
Kurung Kumey,Sarli,Bala,265704,3,15.0,"Bala, Sarli, Kurung Kumey, Arunachal Pradesh, India",27.9431025,93.1252507,matched,,
Kurung Kumey,Sarli,Chaching,265693,6,43.0,"Chaching, Sarli, Kurung Kumey, Arunachal Pradesh, India",27.9375989,93.2339474,matched,,
Kurung Kumey,Sarli,Chulu,265711,15,65.0,"Chulu, Sarli, Kurung Kumey, Arunachal Pradesh, India",27.8792111,93.0545229,matched,,
Kurung Kumey,Sarli,Gane,265702,5,30.0,"Gane, Sarli, Kurung Kumey, Arunachal Pradesh, India",27.9643147,93.0391329,matched,,
Kurung Kumey,Sarli,Haraiho,265678,5,29.0,"Haraiho, Sarli, Kurung Kumey, Arunachal Pradesh, India",27.9804475,93.1383943,matched,,
Kurung Kumey,Sarli,Kapu,265708,16,91.0,"Kapu, Sarli, Kurung Kumey, Arunachal Pradesh, India",27.8879985,93.075251,matched,,
Kurung Kumey,Sarli,Koropu,265685,10,49.0,"Koropu, Sarli, Kurung Kumey, Arunachal Pradesh, India",27.9899045,93.2023371,matched,,
Kurung Kumey,Sarli,Machane,265701,16,99.0,"Machane, Sarli, Kurung Kumey, Arunachal Pradesh, India",27.9220981,93.0770012,matched,,
Kurung Kumey,Sarli,Malo,265677,7,44.0,"Malo, Sarli, Kurung Kumey, Arunachal Pradesh, India",27.9563848,93.1153543,matched,,
Kurung Kumey,Sarli,Milli,265703,21,121.0,"Milli, Sarli, Kurung Kumey, Arunachal Pradesh, India",27.9506354,93.0574678,matched,,
Kurung Kumey,Sarli,Namjo,265698,6,51.0,"Namjo, Sarli, Kurung Kumey, Arunachal Pradesh, India",27.942996,93.1849686,matched,,
Kurung Kumey,Sarli,New Sarli,265681,7,26.0,"New Sarli, Sarli, Kurung Kumey, Arunachal Pradesh, India",27.9582217,93.1705235,matched,,
Kurung Kumey,Sarli,Pale,265700,8,62.0,"Pale, Kurung Kumey, Arunachal Pradesh, India",,,NO MATCH — Bhuvan also failed or district mismatch,,
Kurung Kumey,Sarli,Riya,265710,4,15.0,"Riya, Sarli, Kurung Kumey, Arunachal Pradesh, India",27.8776779,93.0467319,matched,,
Kurung Kumey,Sarli,Sahrma,265706,10,64.0,"Sahrma, Kurung Kumey, Arunachal Pradesh, India",,,NO MATCH — Bhuvan also failed or district mismatch,,
Kurung Kumey,Sarli,Sape,265676,19,226.0,"Sape, Sarli, Kurung Kumey, Arunachal Pradesh, India",27.9549291,93.1321419,matched,,
Kurung Kumey,Sarli,Sarli,265673,39,340.0,"Sarli, Sarli, Kurung Kumey, Arunachal Pradesh, India",27.9525582,93.163373,matched,,
Kurung Kumey,Sarli,Sate,265674,56,248.0,"Sate, Sarli, Kurung Kumey, Arunachal Pradesh, India",27.9537376,93.1572444,matched,,
Kurung Kumey,Sarli,Vatalin,265707,10,52.0,"Vatalin, Kurung Kumey, Arunachal Pradesh, India",,,NO MATCH — Bhuvan also failed or district mismatch,,
Kurung Kumey,Sarli,Wabia,265696,11,95.0,"Wabia, Sarli, Kurung Kumey, Arunachal Pradesh, India",27.9413919,93.1360402,matched,,
Kurung Kumey,Sarli,Walu,265699,5,47.0,"Walu, Sarli, Kurung Kumey, Arunachal Pradesh, India",27.9413919,93.1360402,matched,,
Kurung Kumey,Sarli,Waru,265709,24,122.0,"Waru, Sarli, Kurung Kumey, Arunachal Pradesh, India",27.8852647,93.0448126,matched,,
Lower Dibang,Hunli-Desali,Chanli,266090,8,45.0,"Chanli, Lower Dibang, Arunachal Pradesh, India",28.2923493,96.0296242,"matched (fallback query, no block)",,
Lower Dibang,Hunli-Desali,Yuma (7 KM),266052,8,21.0,"Yuma (7 KM), Lower Dibang, Arunachal Pradesh, India",,,NO MATCH — Bhuvan also failed or district mismatch,,
Tawang,Jang-Thingbu,Broxer,261609,0,0.0,"Broxer, Tawang, Arunachal Pradesh, India",27.622647,91.9631993,"matched (fallback query, no block)",,
Tawang,Jang-Thingbu,Dungse,261557,375,1770.0,"Dungse, Tawang, Arunachal Pradesh, India",,,NO MATCH — Bhuvan also failed or district mismatch,,
Tawang,Jang-Thingbu,Kharsa(New),261555,102,559.0,"Kharsa(New), Tawang, Arunachal Pradesh, India",,,NO MATCH — Bhuvan also failed or district mismatch,,
Tawang,Jang-Thingbu,Kharsa(Old),261554,24,132.0,"Kharsa(Old), Tawang, Arunachal Pradesh, India",,,NO MATCH — Bhuvan also failed or district mismatch,,
Tawang,Jang-Thingbu,Luguthang,261611,11,58.0,"Luguthang, Tawang, Arunachal Pradesh, India",27.5948234,92.1857466,"matched (fallback query, no block)",,
Tawang,Jang-Thingbu,Mago,261607,75,486.0,"Mago, Tawang, Arunachal Pradesh, India",27.6883395,92.2081099,"matched (fallback query, no block)",,
Tawang,Jang-Thingbu,Marmang,261553,74,497.0,"Marmang, Tawang, Arunachal Pradesh, India",,,NO MATCH — Bhuvan also failed or district mismatch,,
Tawang,Jang-Thingbu,Namazing,261556,121,664.0,"Namazing, Tawang, Arunachal Pradesh, India",27.5506261,91.9768197,"matched (fallback query, no block)",,
Tawang,Jang-Thingbu,Rho,261608,132,652.0,"Rho, Tawang, Arunachal Pradesh, India",27.6141065,91.987227,"matched (fallback query, no block)",,
Tawang,Jang-Thingbu,Sarong,261606,10,33.0,"Sarong, Tawang, Arunachal Pradesh, India",,,NO MATCH — Bhuvan also failed or district mismatch,,
Tawang,Jang-Thingbu,Thingbu H.Q.,261610,69,363.0,"Thingbu H.Q., Tawang, Arunachal Pradesh, India",,,NO MATCH — Bhuvan also failed or district mismatch,,
Tawang,Jang-Thingbu,Yuthumbu,261558,204,1363.0,"Yuthumbu, Tawang, Arunachal Pradesh, India",,,NO MATCH — Bhuvan also failed or district mismatch,,
Tawang,Kitpi,Audung,261537,41,145.0,"Audung, Tawang, Arunachal Pradesh, India",,,NO MATCH — Bhuvan also failed or district mismatch,,
Tawang,Kitpi,Bathung,261536,9,39.0,"Bathung, Tawang, Arunachal Pradesh, India",,,NO MATCH — Bhuvan also failed or district mismatch,,
Tawang,Kitpi,Boimkang,261550,12,41.0,"Boimkang, Tawang, Arunachal Pradesh, India",,,NO MATCH — Bhuvan also failed or district mismatch,,
Tawang,Kitpi,Boksar,261543,16,64.0,"Boksar, Tawang, Arunachal Pradesh, India",,,NO MATCH — Bhuvan also failed or district mismatch,,
Tawang,Kitpi,Bomdir Basti,261528,59,235.0,"Bomdir Basti, Tawang, Arunachal Pradesh, India",,,NO MATCH — Bhuvan also failed or district mismatch,,
Tawang,Kitpi,Bongbong/Chaksam,261545,9,40.0,"Bongbong/Chaksam, Tawang, Arunachal Pradesh, India",,,NO MATCH — Bhuvan also failed or district mismatch,,
Tawang,Kitpi,Bragyap,261548,19,81.0,"Bragyap, Tawang, Arunachal Pradesh, India",,,NO MATCH — Bhuvan also failed or district mismatch,,
Tawang,Kitpi,Grenghar,261521,21,112.0,"Grenghar, Tawang, Arunachal Pradesh, India",,,NO MATCH — Bhuvan also failed or district mismatch,,
Tawang,Kitpi,Jamkhar (Shemghar),261538,17,90.0,"Jamkhar (Shemghar), Tawang, Arunachal Pradesh, India",,,NO MATCH — Bhuvan also failed or district mismatch,,
Tawang,Kitpi,Jyarmang Ani Gonpa,261526,5,5.0,"Jyarmang Ani Gonpa, Tawang, Arunachal Pradesh, India",,,NO MATCH — Bhuvan also failed or district mismatch,,
Tawang,Kitpi,Khardung,261551,35,127.0,"Khardung, Tawang, Arunachal Pradesh, India",,,NO MATCH — Bhuvan also failed or district mismatch,,
Tawang,Kitpi,Khrimu,261547,148,596.0,"Khrimu, Tawang, Arunachal Pradesh, India",,,NO MATCH — Bhuvan also failed or district mismatch,,
Tawang,Kitpi,Khromten Gonpa,261525,1,2.0,"Khromten Gonpa, Tawang, Arunachal Pradesh, India",,,NO MATCH — Bhuvan also failed or district mismatch,,
Tawang,Kitpi,Kitpi,261533,15,53.0,"Kitpi, Kitpi, Tawang, Arunachal Pradesh, India",27.5731189,91.90284,matched,,
Tawang,Kitpi,Kitpi II,261534,60,210.0,"Kitpi II, Kitpi, Tawang, Arunachal Pradesh, India",27.5731189,91.90284,matched,,
Tawang,Kitpi,Kralling,261544,23,124.0,"Kralling, Tawang, Arunachal Pradesh, India",,,NO MATCH — Bhuvan also failed or district mismatch,,
Tawang,Kitpi,Langbutse,261530,30,134.0,"Langbutse, Tawang, Arunachal Pradesh, India",,,NO MATCH — Bhuvan also failed or district mismatch,,
Tawang,Kitpi,Lhargong,261523,16,58.0,"Lhargong, Tawang, Arunachal Pradesh, India",,,NO MATCH — Bhuvan also failed or district mismatch,,
Tawang,Kitpi,Namet,261524,36,150.0,"Namet, Tawang, Arunachal Pradesh, India",,,NO MATCH — Bhuvan also failed or district mismatch,,
Tawang,Kitpi,Namtungtse,261527,18,89.0,"Namtungtse, Tawang, Arunachal Pradesh, India",,,NO MATCH — Bhuvan also failed or district mismatch,,
Tawang,Kitpi,Ruighar,261539,10,28.0,"Ruighar, Tawang, Arunachal Pradesh, India",,,NO MATCH — Bhuvan also failed or district mismatch,,
Tawang,Kitpi,Shernup,261542,21,94.0,"Shernup, Tawang, Arunachal Pradesh, India",,,NO MATCH — Bhuvan also failed or district mismatch,,
Tawang,Kitpi,Soma,261546,15,37.0,"Soma, Tawang, Arunachal Pradesh, India",,,NO MATCH — Bhuvan also failed or district mismatch,,
Tawang,Kitpi,Tarmang Gonpa,261531,5,21.0,"Tarmang Gonpa, Tawang, Arunachal Pradesh, India",,,NO MATCH — Bhuvan also failed or district mismatch,,
Tawang,Kitpi,Tengteng (Thengthin),261522,14,47.0,"Tengteng (Thengthin), Tawang, Arunachal Pradesh, India",,,NO MATCH — Bhuvan also failed or district mismatch,,
Tawang,Kitpi,Themkhar,261535,8,38.0,"Themkhar, Tawang, Arunachal Pradesh, India",,,NO MATCH — Bhuvan also failed or district mismatch,,
Tawang,Kitpi,Thongmin Gonpa,261549,6,13.0,"Thongmin Gonpa, Tawang, Arunachal Pradesh, India",,,NO MATCH — Bhuvan also failed or district mismatch,,
Tawang,Kitpi,Waikher,261532,19,79.0,"Waikher, Tawang, Arunachal Pradesh, India",,,NO MATCH — Bhuvan also failed or district mismatch,,
Tawang,Kitpi,Zyemteng,261529,30,109.0,"Zyemteng, Tawang, Arunachal Pradesh, India",,,NO MATCH — Bhuvan also failed or district mismatch,,
Tawang,Tawang,8 K.M. Labour Camp,261446,84,348.0,"8 K.M. Labour Camp, Tawang, Arunachal Pradesh, India",,,NO MATCH — Bhuvan also failed or district mismatch,,
Tawang,Tawang,Bigha,261460,13,48.0,"Bigha, Tawang, Arunachal Pradesh, India",,,NO MATCH — Bhuvan also failed or district mismatch,,
Tawang,Tawang,Blemleng,261468,3,13.0,"Blemleng, Tawang, Arunachal Pradesh, India",,,NO MATCH — Bhuvan also failed or district mismatch,,
Tawang,Tawang,Bomba,261464,19,85.0,"Bomba, Tawang, Arunachal Pradesh, India",,,NO MATCH — Bhuvan also failed or district mismatch,,
Tawang,Tawang,Bomdir Supply,261505,0,0.0,"Bomdir Supply, Tawang, Arunachal Pradesh, India",,,NO MATCH — Bhuvan also failed or district mismatch,,
Tawang,Tawang,Brakhar Gompa,261572,12,104.0,"Brakhar Gompa, Tawang, Arunachal Pradesh, India",,,NO MATCH — Bhuvan also failed or district mismatch,,
Tawang,Tawang,Brukpaleng,261568,4,45.0,"Brukpaleng, Tawang, Arunachal Pradesh, India",,,NO MATCH — Bhuvan also failed or district mismatch,,
Tawang,Tawang,Bumteng,261463,32,114.0,"Bumteng, Tawang, Arunachal Pradesh, India",,,NO MATCH — Bhuvan also failed or district mismatch,,
Tawang,Tawang,Chala Gonpa,261475,1,3.0,"Chala Gonpa, Tawang, Arunachal Pradesh, India",,,NO MATCH — Bhuvan also failed or district mismatch,,
Tawang,Tawang,Changprong,261457,42,201.0,"Changprong, Tawang, Arunachal Pradesh, India",,,NO MATCH — Bhuvan also failed or district mismatch,,
Tawang,Tawang,Changteng,261511,13,68.0,"Changteng, Tawang, Arunachal Pradesh, India",,,NO MATCH — Bhuvan also failed or district mismatch,,
Tawang,Tawang,Damgyen,261455,25,115.0,"Damgyen, Tawang, Arunachal Pradesh, India",,,NO MATCH — Bhuvan also failed or district mismatch,,
Tawang,Tawang,Darmong G,261516,0,0.0,"Darmong G, Tawang, Arunachal Pradesh, India",,,NO MATCH — Bhuvan also failed or district mismatch,,
Tawang,Tawang,Dharmakang,261514,16,83.0,"Dharmakang, Tawang, Arunachal Pradesh, India",,,NO MATCH — Bhuvan also failed or district mismatch,,
Tawang,Tawang,Dungkhar,261581,6,19.0,"Dungkhar, Tawang, Arunachal Pradesh, India",,,NO MATCH — Bhuvan also failed or district mismatch,,
Tawang,Tawang,Famla,261499,13,88.0,"Famla, Tawang, Tawang, Arunachal Pradesh, India",27.5612427,91.8523298,matched,,
Tawang,Tawang,Gemreteng,261576,8,24.0,"Gemreteng, Tawang, Arunachal Pradesh, India",,,NO MATCH — Bhuvan also failed or district mismatch,,
Tawang,Tawang,Gompa Village(Basti),261448,0,0.0,"Gompa Village(Basti), Tawang, Arunachal Pradesh, India",,,NO MATCH — Bhuvan also failed or district mismatch,,
Tawang,Tawang,Gorman Gompa,261520,0,0.0,"Gorman Gompa, Tawang, Arunachal Pradesh, India",,,NO MATCH — Bhuvan also failed or district mismatch,,
Tawang,Tawang,Gormang,261478,13,48.0,"Gormang, Tawang, Arunachal Pradesh, India",,,NO MATCH — Bhuvan also failed or district mismatch,,
Tawang,Tawang,Gorze Gonpa,261492,0,0.0,"Gorze Gonpa, Tawang, Arunachal Pradesh, India",,,NO MATCH — Bhuvan also failed or district mismatch,,
Tawang,Tawang,Grakhang,261566,12,66.0,"Grakhang, Tawang, Arunachal Pradesh, India",,,NO MATCH — Bhuvan also failed or district mismatch,,
Tawang,Tawang,Grelleng,261565,31,258.0,"Grelleng, Tawang, Arunachal Pradesh, India",,,NO MATCH — Bhuvan also failed or district mismatch,,
Tawang,Tawang,Gridar Gonpa,261483,3,3.0,"Gridar Gonpa, Tawang, Arunachal Pradesh, India",,,NO MATCH — Bhuvan also failed or district mismatch,,
Tawang,Tawang,Gyada,261484,13,44.0,"Gyada, Tawang, Arunachal Pradesh, India",,,NO MATCH — Bhuvan also failed or district mismatch,,
Tawang,Tawang,Gyanggit,261465,16,54.0,"Gyanggit, Tawang, Arunachal Pradesh, India",,,NO MATCH — Bhuvan also failed or district mismatch,,
Tawang,Tawang,Gyangkhar,261498,47,239.0,"Gyangkhar, Tawang, Arunachal Pradesh, India",,,NO MATCH — Bhuvan also failed or district mismatch,,
Tawang,Tawang,Gyangong Ani Gompa,261445,25,45.0,"Gyangong Ani Gompa, Tawang, Tawang, Arunachal Pradesh, India",27.6003059,91.8525209,matched,,
Tawang,Tawang,Jamyang Choikorling Gonpa,261459,22,166.0,"Jamyang Choikorling Gonpa, Tawang, Arunachal Pradesh, India",,,NO MATCH — Bhuvan also failed or district mismatch,,
Tawang,Tawang,Jangda,261584,137,682.0,"Jangda, Tawang, Tawang, Arunachal Pradesh, India",27.5942319,91.9742379,matched,,
Tawang,Tawang,Jobrang,261573,11,47.0,"Jobrang, Tawang, Arunachal Pradesh, India",,,NO MATCH — Bhuvan also failed or district mismatch,,
Tawang,Tawang,Kangteng,261472,5,22.0,"Kangteng, Tawang, Arunachal Pradesh, India",,,NO MATCH — Bhuvan also failed or district mismatch,,
Tawang,Tawang,Kegorbteng,261473,30,125.0,"Kegorbteng, Tawang, Arunachal Pradesh, India",,,NO MATCH — Bhuvan also failed or district mismatch,,
Tawang,Tawang,Khalengche,261582,1,4.0,"Khalengche, Tawang, Arunachal Pradesh, India",,,NO MATCH — Bhuvan also failed or district mismatch,,
Tawang,Tawang,Khamba,261575,63,352.0,"Khamba, Tawang, Arunachal Pradesh, India",,,NO MATCH — Bhuvan also failed or district mismatch,,
Tawang,Tawang,Khartoth,261503,24,103.0,"Khartoth, Tawang, Arunachal Pradesh, India",,,NO MATCH — Bhuvan also failed or district mismatch,,
Tawang,Tawang,Khinmey Gonpa,261507,4,103.0,"Khinmey Gonpa, Tawang, Arunachal Pradesh, India",,,NO MATCH — Bhuvan also failed or district mismatch,,
Tawang,Tawang,Kitkhar,261461,7,37.0,"Kitkhar, Tawang, Arunachal Pradesh, India",,,NO MATCH — Bhuvan also failed or district mismatch,,
Tawang,Tawang,Kyableng,261504,98,370.0,"Kyableng, Tawang, Arunachal Pradesh, India",,,NO MATCH — Bhuvan also failed or district mismatch,,
Tawang,Tawang,Labour Camp,261467,1,7.0,"Labour Camp, Tawang, Arunachal Pradesh, India",,,NO MATCH — Bhuvan also failed or district mismatch,,
Tawang,Tawang,Lamrong,261476,6,28.0,"Lamrong, Tawang, Arunachal Pradesh, India",,,NO MATCH — Bhuvan also failed or district mismatch,,
Tawang,Tawang,Lebrang,261453,24,107.0,"Lebrang, Tawang, Arunachal Pradesh, India",,,NO MATCH — Bhuvan also failed or district mismatch,,
Tawang,Tawang,Lemberdung,261497,74,328.0,"Lemberdung, Tawang, Arunachal Pradesh, India",,,NO MATCH — Bhuvan also failed or district mismatch,,
Tawang,Tawang,Lhoukhar,261563,25,123.0,"Lhoukhar, Tawang, Arunachal Pradesh, India",,,NO MATCH — Bhuvan also failed or district mismatch,,
Tawang,Tawang,Lugudung,261579,3,10.0,"Lugudung, Tawang, Arunachal Pradesh, India",,,NO MATCH — Bhuvan also failed or district mismatch,,
Tawang,Tawang,Lumkang,261564,9,26.0,"Lumkang, Tawang, Arunachal Pradesh, India",,,NO MATCH — Bhuvan also failed or district mismatch,,
Tawang,Tawang,Mandrelling,261449,72,279.0,"Mandrelling, Tawang, Tawang, Arunachal Pradesh, India",27.5952914,91.8697249,matched,,
Tawang,Tawang,New Lebrang,261454,0,0.0,"New Lebrang, Tawang, Arunachal Pradesh, India",,,NO MATCH — Bhuvan also failed or district mismatch,,
Tawang,Tawang,Nodo,261479,3,12.0,"Nodo, Tawang, Arunachal Pradesh, India",,,NO MATCH — Bhuvan also failed or district mismatch,,
Tawang,Tawang,Paidhar,261509,6,33.0,"Paidhar, Tawang, Arunachal Pradesh, India",,,NO MATCH — Bhuvan also failed or district mismatch,,
Tawang,Tawang,Paigong,261567,95,462.0,"Paigong, Tawang, Arunachal Pradesh, India",,,NO MATCH — Bhuvan also failed or district mismatch,,
Tawang,Tawang,Paikhar,261513,29,120.0,"Paikhar, Tawang, Arunachal Pradesh, India",,,NO MATCH — Bhuvan also failed or district mismatch,,
Tawang,Tawang,Pamaghar,261488,60,248.0,"Pamaghar, Tawang, Arunachal Pradesh, India",,,NO MATCH — Bhuvan also failed or district mismatch,,
Tawang,Tawang,Ponkang,261518,0,0.0,"Ponkang, Tawang, Arunachal Pradesh, India",,,NO MATCH — Bhuvan also failed or district mismatch,,
Tawang,Tawang,Prangteng,261517,0,0.0,"Prangteng, Tawang, Arunachal Pradesh, India",,,NO MATCH — Bhuvan also failed or district mismatch,,
Tawang,Tawang,Rengyang,261570,24,180.0,"Rengyang, Tawang, Arunachal Pradesh, India",,,NO MATCH — Bhuvan also failed or district mismatch,,
Tawang,Tawang,Saikharteng,261502,0,0.0,"Saikharteng, Tawang, Arunachal Pradesh, India",,,NO MATCH — Bhuvan also failed or district mismatch,,
Tawang,Tawang,Sakpret,261490,54,184.0,"Sakpret, Tawang, Tawang, Arunachal Pradesh, India",27.57568,91.79901,matched,,
Tawang,Tawang,Sangeeling,261458,3,4.0,"Sangeeling, Tawang, Arunachal Pradesh, India",,,NO MATCH — Bhuvan also failed or district mismatch,,
Tawang,Tawang,Seru,261471,145,671.0,"Seru, Tawang, Arunachal Pradesh, India",,,NO MATCH — Bhuvan also failed or district mismatch,,
Tawang,Tawang,Shabur,261485,29,132.0,"Shabur, Tawang, Arunachal Pradesh, India",,,NO MATCH — Bhuvan also failed or district mismatch,,
Tawang,Tawang,Shakpaleng,261578,4,14.0,"Shakpaleng, Tawang, Arunachal Pradesh, India",,,NO MATCH — Bhuvan also failed or district mismatch,,
Tawang,Tawang,Shepeadung,261515,4,20.0,"Shepeadung, Tawang, Arunachal Pradesh, India",,,NO MATCH — Bhuvan also failed or district mismatch,,
Tawang,Tawang,Shyro,261583,97,636.0,"Shyro, Tawang, Tawang, Arunachal Pradesh, India",27.5744459,91.9464757,matched,,
Tawang,Tawang,Singsore Ani Gompa,261571,27,46.0,"Singsore Ani Gompa, Tawang, Tawang, Arunachal Pradesh, India",27.5952914,91.8697249,matched,,
Tawang,Tawang,Surbi,261469,44,209.0,"Surbi, Tawang, Arunachal Pradesh, India",,,NO MATCH — Bhuvan also failed or district mismatch,,
Tawang,Tawang,Surbu/Tseretse,261580,20,193.0,"Surbu/Tseretse, Tawang, Arunachal Pradesh, India",,,NO MATCH — Bhuvan also failed or district mismatch,,
Tawang,Tawang,Tawang Gompa,261447,40,422.0,"Tawang Gompa, Tawang, Tawang, Arunachal Pradesh, India",27.5866091,91.8573902,matched,,
Tawang,Tawang,Tengpuche Gonpa,261494,4,15.0,"Tengpuche Gonpa, Tawang, Arunachal Pradesh, India",,,NO MATCH — Bhuvan also failed or district mismatch,,
Tawang,Tawang,Tepsha,261510,11,80.0,"Tepsha, Tawang, Arunachal Pradesh, India",,,NO MATCH — Bhuvan also failed or district mismatch,,
Tawang,Tawang,Tepsotmey,261560,16,73.0,"Tepsotmey, Tawang, Arunachal Pradesh, India",,,NO MATCH — Bhuvan also failed or district mismatch,,
Tawang,Tawang,Thangphe Gonpa,261496,0,0.0,"Thangphe Gonpa, Tawang, Arunachal Pradesh, India",,,NO MATCH — Bhuvan also failed or district mismatch,,
Tawang,Tawang,Thespa Gonpa,261508,0,0.0,"Thespa Gonpa, Tawang, Arunachal Pradesh, India",,,NO MATCH — Bhuvan also failed or district mismatch,,
Tawang,Tawang,Thongleng,261493,110,377.0,"Thongleng, Tawang, Tawang, Arunachal Pradesh, India",27.57294,91.79215,matched,,
Tawang,Tawang,Timelo,261451,12,52.0,"Timelo, Tawang, Arunachal Pradesh, India",,,NO MATCH — Bhuvan also failed or district mismatch,,
Tawang,Tawang,Tohsur Gonpa,261489,0,0.0,"Tohsur Gonpa, Tawang, Arunachal Pradesh, India",,,NO MATCH — Bhuvan also failed or district mismatch,,
Tawang,Tawang,Tsewkhar/DHPD colony,261562,30,279.0,"Tsewkhar/DHPD colony, Tawang, Arunachal Pradesh, India",,,NO MATCH — Bhuvan also failed or district mismatch,,
Tawang,Tawang,Unghar,261500,17,66.0,"Unghar, Tawang, Arunachal Pradesh, India",,,NO MATCH — Bhuvan also failed or district mismatch,,
Tawang,Tawang,Yanla Gompa,261577,24,124.0,"Yanla Gompa, Tawang, Arunachal Pradesh, India",,,NO MATCH — Bhuvan also failed or district mismatch,,
Tawang,Tawang,Yubu,261512,8,47.0,"Yubu, Tawang, Arunachal Pradesh, India",,,NO MATCH — Bhuvan also failed or district mismatch,,
Tawang,Tawang,Yuesa Gonpa,261491,2,2.0,"Yuesa Gonpa, Tawang, Arunachal Pradesh, India",,,NO MATCH — Bhuvan also failed or district mismatch,,
Tawang,Tawang,Yusum,261486,27,96.0,"Yusum, Tawang, Arunachal Pradesh, India",,,NO MATCH — Bhuvan also failed or district mismatch,,
Tawang,Zemithang-Dudunghar,B.T.K (Chumrong),261388,32,125.0,"B.T.K (Chumrong), Tawang, Arunachal Pradesh, India",,,NO MATCH — Bhuvan also failed or district mismatch,,
Tawang,Zemithang-Dudunghar,Brokenthang,261378,14,42.0,"Brokenthang, Tawang, Arunachal Pradesh, India",27.7352592,91.724121,"matched (fallback query, no block)",,
Tawang,Zemithang-Dudunghar,Chellengdung,261428,26,113.0,"Chellengdung, Tawang, Arunachal Pradesh, India",,,NO MATCH — Bhuvan also failed or district mismatch,,
Tawang,Zemithang-Dudunghar,Dorkarong,261437,19,71.0,"Dorkarong, Tawang, Arunachal Pradesh, India",,,NO MATCH — Bhuvan also failed or district mismatch,,
Tawang,Zemithang-Dudunghar,Dudunghar H.Q.,261430,35,164.0,"Dudunghar H.Q., Tawang, Arunachal Pradesh, India",,,NO MATCH — Bhuvan also failed or district mismatch,,
Tawang,Zemithang-Dudunghar,Dung,261386,10,54.0,"Dung, Tawang, Arunachal Pradesh, India",,,NO MATCH — Bhuvan also failed or district mismatch,,
Tawang,Zemithang-Dudunghar,Gorsam,261382,27,103.0,"Gorsam, Tawang, Arunachal Pradesh, India",27.6973252,91.7142454,"matched (fallback query, no block)",,
Tawang,Zemithang-Dudunghar,Gyamo,261431,0,0.0,"Gyamo, Tawang, Arunachal Pradesh, India",,,NO MATCH — Bhuvan also failed or district mismatch,,
Tawang,Zemithang-Dudunghar,Hanggang,261390,2,4.0,"Hanggang, Tawang, Arunachal Pradesh, India",,,NO MATCH — Bhuvan also failed or district mismatch,,
Tawang,Zemithang-Dudunghar,Kelengteng,261385,38,131.0,"Kelengteng, Tawang, Arunachal Pradesh, India",,,NO MATCH — Bhuvan also failed or district mismatch,,
Tawang,Zemithang-Dudunghar,Kharman,261384,44,200.0,"Kharman, Tawang, Arunachal Pradesh, India",27.691851,91.7463062,"matched (fallback query, no block)",,
Tawang,Zemithang-Dudunghar,Khebleteng,261393,4,18.0,"Khebleteng, Tawang, Arunachal Pradesh, India",,,NO MATCH — Bhuvan also failed or district mismatch,,
Tawang,Zemithang-Dudunghar,Kheleteng,261436,2,8.0,"Kheleteng, Tawang, Arunachal Pradesh, India",,,NO MATCH — Bhuvan also failed or district mismatch,,
Tawang,Zemithang-Dudunghar,Khobleteng,261387,66,273.0,"Khobleteng, Tawang, Arunachal Pradesh, India",,,NO MATCH — Bhuvan also failed or district mismatch,,
Tawang,Zemithang-Dudunghar,Khokem,261441,44,171.0,"Khokem, Tawang, Arunachal Pradesh, India",,,NO MATCH — Bhuvan also failed or district mismatch,,
Tawang,Zemithang-Dudunghar,Lumchang,261420,19,98.0,"Lumchang, Tawang, Arunachal Pradesh, India",,,NO MATCH — Bhuvan also failed or district mismatch,,
Tawang,Zemithang-Dudunghar,Lumpo,261379,52,254.0,"Lumpo, Tawang, Arunachal Pradesh, India",27.7204821,91.7144005,"matched (fallback query, no block)",,
Tawang,Zemithang-Dudunghar,Maling,261433,11,37.0,"Maling, Tawang, Arunachal Pradesh, India",27.6350823,92.0693622,"matched (fallback query, no block)",,
Tawang,Zemithang-Dudunghar,Muchut (Kharakpu),261381,39,177.0,"Muchut (Kharakpu), Tawang, Arunachal Pradesh, India",,,NO MATCH — Bhuvan also failed or district mismatch,,
Tawang,Zemithang-Dudunghar,Muktur,261443,41,191.0,"Muktur, Tawang, Arunachal Pradesh, India",27.5800562,91.6627629,"matched (fallback query, no block)",,
Tawang,Zemithang-Dudunghar,Narmaleng,261438,3,17.0,"Narmaleng, Tawang, Arunachal Pradesh, India",,,NO MATCH — Bhuvan also failed or district mismatch,,
Tawang,Zemithang-Dudunghar,Pamdung,261432,6,25.0,"Pamdung, Tawang, Arunachal Pradesh, India",,,NO MATCH — Bhuvan also failed or district mismatch,,
Tawang,Zemithang-Dudunghar,Phomghar,261440,15,49.0,"Phomghar, Tawang, Arunachal Pradesh, India",,,NO MATCH — Bhuvan also failed or district mismatch,,
Tawang,Zemithang-Dudunghar,Ramyang,261429,19,97.0,"Ramyang, Tawang, Arunachal Pradesh, India",27.514701,91.6549664,"matched (fallback query, no block)",,
Tawang,Zemithang-Dudunghar,Shakti,261394,102,370.0,"Shakti, Tawang, Arunachal Pradesh, India",27.61139,91.71387,"matched (fallback query, no block)",,
Tawang,Zemithang-Dudunghar,Shoktsen,261377,118,475.0,"Shoktsen, Tawang, Arunachal Pradesh, India",27.7416556,91.7318533,"matched (fallback query, no block)",,
Tawang,Zemithang-Dudunghar,Sirdi,261392,15,73.0,"Sirdi, Tawang, Arunachal Pradesh, India",27.6466524,91.7230296,"matched (fallback query, no block)",,
Tawang,Zemithang-Dudunghar,T.Gonpa,261380,57,204.0,"T.Gonpa, Tawang, Arunachal Pradesh, India",,,NO MATCH — Bhuvan also failed or district mismatch,,
Tawang,Zemithang-Dudunghar,Tebo,261389,4,8.0,"Tebo, Tawang, Arunachal Pradesh, India",,,NO MATCH — Bhuvan also failed or district mismatch,,
Tawang,Zemithang-Dudunghar,Thikshi,261391,18,79.0,"Thikshi, Tawang, Arunachal Pradesh, India",,,NO MATCH — Bhuvan also failed or district mismatch,,
Tawang,Zemithang-Dudunghar,Yuser,261423,24,115.0,"Yuser, Tawang, Arunachal Pradesh, India",,,NO MATCH — Bhuvan also failed or district mismatch,,
Tawang,Zemithang-Dudunghar,Zemithang H.Q.,261383,99,336.0,"Zemithang H.Q., Tawang, Arunachal Pradesh, India",,,NO MATCH — Bhuvan also failed or district mismatch,,
Upper Siang,Jengging,Jengging Vill.,263996,0,0.0,"Jengging Vill., Upper Siang, Arunachal Pradesh, India",,,NO MATCH — Bhuvan also failed or district mismatch,,
Upper Siang,Jengging,Pittung,263989,16,50.0,"Pittung, Upper Siang, Arunachal Pradesh, India",,,NO MATCH — Bhuvan also failed or district mismatch,,
Upper Siang,Jengging,Tageng,263995,15,33.0,"Tageng, Upper Siang, Arunachal Pradesh, India",,,NO MATCH — Bhuvan also failed or district mismatch,,
Upper Siang,Jengging,Tayeng,263988,0,0.0,"Tayeng, Upper Siang, Arunachal Pradesh, India",,,NO MATCH — Bhuvan also failed or district mismatch,,
Upper Siang,Jengging,Tenemoka,263991,6,32.0,"Tenemoka, Upper Siang, Arunachal Pradesh, India",,,NO MATCH — Bhuvan also failed or district mismatch,,
Upper Siang,Singa-Gelling,Bishing,263959,26,121.0,"Bishing, Upper Siang, Arunachal Pradesh, India",29.1107736,95.0268102,"matched (fallback query, no block)",,
Upper Siang,Singa-Gelling,Bona,263960,24,98.0,"Bona, Upper Siang, Arunachal Pradesh, India",29.0974164,94.9475348,"matched (fallback query, no block)",,
Upper Siang,Singa-Gelling,Gelling H.Q.,263962,31,123.0,"Gelling H.Q., Upper Siang, Arunachal Pradesh, India",,,NO MATCH — Bhuvan also failed or district mismatch,,
Upper Siang,Singa-Gelling,Kopu,263961,47,186.0,"Kopu, Upper Siang, Arunachal Pradesh, India",,,NO MATCH — Bhuvan also failed or district mismatch,,
Upper Siang,Singa-Gelling,Mankota,263967,18,177.0,"Mankota, Upper Siang, Arunachal Pradesh, India",28.8878329,95.0759463,"matched (fallback query, no block)",,
Upper Siang,Singa-Gelling,Mayum,263958,17,99.0,"Mayum, Upper Siang, Arunachal Pradesh, India",29.0924208,94.9597907,"matched (fallback query, no block)",,
Upper Siang,Singa-Gelling,Norbudling,263963,31,153.0,"Norbudling, Upper Siang, Arunachal Pradesh, India",,,NO MATCH — Bhuvan also failed or district mismatch,,
Upper Siang,Singa-Gelling,Singa H.Q.,263977,33,176.0,"Singa H.Q., Upper Siang, Arunachal Pradesh, India",,,NO MATCH — Bhuvan also failed or district mismatch,,
Upper Siang,Singa-Gelling,Tashi Gaon,263969,16,117.0,"Tashi Gaon, Upper Siang, Arunachal Pradesh, India",28.8743385,95.1028336,"matched (fallback query, no block)",,
Upper Siang,Tuting,Dompo,263936,0,0.0,"Dompo, Upper Siang, Arunachal Pradesh, India",,,NO MATCH — Bhuvan also failed or district mismatch,,
Upper Siang,Tuting,Jido,263928,22,124.0,"Jido, Tuting, Upper Siang, Arunachal Pradesh, India",28.9820594,94.904882,matched,,
Upper Siang,Tuting,Kuging,263931,32,156.0,"Kuging, Upper Siang, Arunachal Pradesh, India",,,NO MATCH — Bhuvan also failed or district mismatch,,
Upper Siang,Tuting,Lali,263945,35,201.0,"Lali, Tuting, Upper Siang, Arunachal Pradesh, India",29.0003932,94.8912175,matched,,
Upper Siang,Tuting,Ngaming,263934,74,472.0,"Ngaming, Tuting, Upper Siang, Arunachal Pradesh, India",28.9686342,94.9381419,matched,,
Upper Siang,Tuting,Ningging,263937,58,330.0,"Ningging, Upper Siang, Arunachal Pradesh, India",,,NO MATCH — Bhuvan also failed or district mismatch,,
Upper Siang,Tuting,Nyering,263938,18,87.0,"Nyering, Tuting, Upper Siang, Arunachal Pradesh, India",28.9360701,95.0104597,matched,,
Upper Siang,Tuting,Pango,263950,56,283.0,"Pango, Upper Siang, Arunachal Pradesh, India",28.8870297,94.7578559,"matched (fallback query, no block)",,
Upper Siang,Tuting,Pekong,263939,0,0.0,"Pekong, Tuting, Upper Siang, Arunachal Pradesh, India",28.9878787,94.8919255,matched,,
Upper Siang,Tuting,Pekong,263947,91,616.0,"Pekong, Tuting, Upper Siang, Arunachal Pradesh, India",28.9878787,94.8919255,matched,,
Upper Siang,Tuting,Pokbir,263929,33,219.0,"Pokbir, Tuting, Upper Siang, Arunachal Pradesh, India",28.963981,94.9375517,matched,,
Upper Siang,Tuting,Rishing,263946,36,165.0,"Rishing, Tuting, Upper Siang, Arunachal Pradesh, India",28.9984023,94.8852907,matched,,
Upper Siang,Tuting,Tenggo,263935,9,50.0,"Tenggo, Tuting, Upper Siang, Arunachal Pradesh, India",29.0668244,94.478654,matched,,
Upper Siang,Tuting,Tuting H.Q.,263944,482,2733.0,"Tuting H.Q., Upper Siang, Arunachal Pradesh, India",,,NO MATCH — Bhuvan also failed or district mismatch,,
Upper Siang,Tuting,Tuting Panikheti(Ongkong),263943,0,0.0,"Tuting Panikheti(Ongkong), Upper Siang, Arunachal Pradesh, India",,,NO MATCH — Bhuvan also failed or district mismatch,,
Upper Siang,Tuting,Tuting Village,263940,1,2.0,"Tuting Village, Upper Siang, Arunachal Pradesh, India",,,NO MATCH — Bhuvan also failed or district mismatch,,
Upper Subansiri,Limeking,Dadu,262764,5,32.0,"Dadu, Limeking, Upper Subansiri, Arunachal Pradesh, India",28.3625828,93.5395735,matched,,
Upper Subansiri,Limeking,Dojubung,262763,2,11.0,"Dojubung, Upper Subansiri, Arunachal Pradesh, India",,,NO MATCH — Bhuvan also failed or district mismatch,,
Upper Subansiri,Limeking,Gelomo Camp(Golomoring),262791,11,40.0,"Gelomo Camp(Golomoring), Upper Subansiri, Arunachal Pradesh, India",,,NO MATCH — Bhuvan also failed or district mismatch,,
Upper Subansiri,Limeking,Gumsing,262772,21,117.0,"Gumsing, Upper Subansiri, Arunachal Pradesh, India",28.4321817,93.2172532,"matched (fallback query, no block)",,
Upper Subansiri,Limeking,Ishneya(Isnia) I,262773,20,121.0,"Ishneya(Isnia) I, Upper Subansiri, Arunachal Pradesh, India",,,NO MATCH — Bhuvan also failed or district mismatch,,
Upper Subansiri,Limeking,Kacha,262768,20,119.0,"Kacha, Upper Subansiri, Arunachal Pradesh, India",,,NO MATCH — Bhuvan also failed or district mismatch,,
Upper Subansiri,Limeking,Limeking H.Q.,262798,62,376.0,"Limeking H.Q., Upper Subansiri, Arunachal Pradesh, India",,,NO MATCH — Bhuvan also failed or district mismatch,,
Upper Subansiri,Limeking,Lingbing,262770,19,116.0,"Lingbing, Upper Subansiri, Arunachal Pradesh, India",28.4367283,93.2151175,"matched (fallback query, no block)",,
Upper Subansiri,Limeking,Ojugu,262775,21,105.0,"Ojugu, Upper Subansiri, Arunachal Pradesh, India",,,NO MATCH — Bhuvan also failed or district mismatch,,
Upper Subansiri,Limeking,Redding,262766,12,74.0,"Redding, Limeking, Upper Subansiri, Arunachal Pradesh, India",28.4851077,93.4621565,matched,,
Upper Subansiri,Limeking,Redding Camp,262792,7,39.0,"Redding Camp, Limeking, Upper Subansiri, Arunachal Pradesh, India",28.4851077,93.4621565,matched,,
Upper Subansiri,Limeking,Reddy,262765,13,67.0,"Reddy, Upper Subansiri, Arunachal Pradesh, India",,,NO MATCH — Bhuvan also failed or district mismatch,,
Upper Subansiri,Limeking,Taksing H.Q.,262776,52,324.0,"Taksing H.Q., Upper Subansiri, Arunachal Pradesh, India",,,NO MATCH — Bhuvan also failed or district mismatch,,
Upper Subansiri,Limeking,Taying,262771,7,51.0,"Taying, Upper Subansiri, Arunachal Pradesh, India",28.4321817,93.2172532,"matched (fallback query, no block)",,
Upper Subansiri,Limeking,Thungba(Tungba),262769,6,35.0,"Thungba(Tungba), Upper Subansiri, Arunachal Pradesh, India",,,NO MATCH — Bhuvan also failed or district mismatch,,
Upper Subansiri,Limeking,Yaja,262767,7,34.0,"Yaja, Upper Subansiri, Arunachal Pradesh, India",28.4354329,93.2468461,"matched (fallback query, no block)",,
Upper Subansiri,Nacho,Chokar,262817,15,86.0,"Chokar, Nacho, Upper Subansiri, Arunachal Pradesh, India",28.4279157,93.8094041,matched,,
Upper Subansiri,Siyum,Byachng(Siyum H.Q.),262864,25,131.0,"Byachng(Siyum H.Q.), Upper Subansiri, Arunachal Pradesh, India",,,NO MATCH — Bhuvan also failed or district mismatch,,
West Kameng,Nafra,Dibbin,261732,54,390.0,"Dibbin, West Kameng, Arunachal Pradesh, India",,,NO MATCH — Bhuvan also failed or district mismatch,,
West Kameng,Nafra,Dibirick,261728,36,200.0,"Dibirick, West Kameng, Arunachal Pradesh, India",,,NO MATCH — Bhuvan also failed or district mismatch,,
West Kameng,Nafra,Dillung,261730,12,65.0,"Dillung, West Kameng, Arunachal Pradesh, India",,,NO MATCH — Bhuvan also failed or district mismatch,,
West Kameng,Nafra,Dingchang,261742,27,91.0,"Dingchang, West Kameng, Arunachal Pradesh, India",,,NO MATCH — Bhuvan also failed or district mismatch,,
West Kameng,Nafra,Dishing,261731,8,34.0,"Dishing, West Kameng, Arunachal Pradesh, India",,,NO MATCH — Bhuvan also failed or district mismatch,,
West Kameng,Nafra,Jerigaon,261743,115,534.0,"Jerigaon, Nafra, West Kameng, Arunachal Pradesh, India",27.3403204,92.4726477,matched,,
West Kameng,Nafra,Khellong,261722,66,357.0,"Khellong, West Kameng, Arunachal Pradesh, India",27.0133852,92.4145185,"matched (fallback query, no block)",,
West Kameng,Nafra,Mathow,261734,44,237.0,"Mathow, West Kameng, Arunachal Pradesh, India",,,NO MATCH — Bhuvan also failed or district mismatch,,
West Kameng,Nafra,Nafra H.Q.,261745,274,1169.0,"Nafra H.Q., West Kameng, Arunachal Pradesh, India",,,NO MATCH — Bhuvan also failed or district mismatch,,
West Kameng,Nafra,Nakhu,261724,55,303.0,"Nakhu, West Kameng, Arunachal Pradesh, India",,,NO MATCH — Bhuvan also failed or district mismatch,,
West Kameng,Nafra,Pedung (New Bomdila),261746,193,839.0,"Pedung (New Bomdila), West Kameng, Arunachal Pradesh, India",,,NO MATCH — Bhuvan also failed or district mismatch,,
Shiyomi,Mechuka,Charu,263433,0,0.0,"Charu, Shiyomi, Arunachal Pradesh, India",,,NO MATCH — Bhuvan also failed or district mismatch,,
Shiyomi,Mechuka,Dechengtung East,263321,23,160.0,"Dechengtung East, Shiyomi, Arunachal Pradesh, India",,,NO MATCH — Bhuvan also failed or district mismatch,,
Shiyomi,Mechuka,Gai,263437,2,16.0,"Gai, Shiyomi, Arunachal Pradesh, India",,,NO MATCH — Bhuvan also failed or district mismatch,,
Shiyomi,Mechuka,Galling,263324,10,73.0,"Galling, Shiyomi, Arunachal Pradesh, India",,,NO MATCH — Bhuvan also failed or district mismatch,,
Shiyomi,Mechuka,Hone,263445,14,140.0,"Hone, Shiyomi, Arunachal Pradesh, India",,,NO MATCH — Bhuvan also failed or district mismatch,,
Shiyomi,Mechuka,Lamak,263402,15,71.0,"Lamak, Shiyomi, Arunachal Pradesh, India",,,NO MATCH — Bhuvan also failed or district mismatch,,
Shiyomi,Mechuka,Lhalung,263319,43,310.0,"Lhalung, Shiyomi, Arunachal Pradesh, India",,,NO MATCH — Bhuvan also failed or district mismatch,,
Shiyomi,Mechuka,Mechuka H.Q.,263348,282,1998.0,"Mechuka H.Q., Shiyomi, Arunachal Pradesh, India",,,NO MATCH — Bhuvan also failed or district mismatch,,
Shiyomi,Mechuka,Pene,263446,4,45.0,"Pene, Shiyomi, Arunachal Pradesh, India",,,NO MATCH — Bhuvan also failed or district mismatch,,
Shiyomi,Mechuka,Segong,263320,14,97.0,"Segong, Shiyomi, Arunachal Pradesh, India",,,NO MATCH — Bhuvan also failed or district mismatch,,
Shiyomi,Mechuka,Singbir,263323,23,160.0,"Singbir, Shiyomi, Arunachal Pradesh, India",,,NO MATCH — Bhuvan also failed or district mismatch,,
Shiyomi,Mechuka,Thargelling,263317,15,110.0,"Thargelling, Shiyomi, Arunachal Pradesh, India",,,NO MATCH — Bhuvan also failed or district mismatch,,
Shiyomi,Mechuka,Yapu,263432,4,38.0,"Yapu, Shiyomi, Arunachal Pradesh, India",,,NO MATCH — Bhuvan also failed or district mismatch,,
Shiyomi,Mechuka,Yorko,263318,17,77.0,"Yorko, Shiyomi, Arunachal Pradesh, India",,,NO MATCH — Bhuvan also failed or district mismatch,,
Shiyomi,Monigong,Chingo,263359,15,81.0,"Chingo, Shiyomi, Arunachal Pradesh, India",,,NO MATCH — Bhuvan also failed or district mismatch,,
Shiyomi,Monigong,Korle,263358,12,69.0,"Korle, Shiyomi, Arunachal Pradesh, India",,,NO MATCH — Bhuvan also failed or district mismatch,,
Shiyomi,Monigong,Labukar,263367,16,82.0,"Labukar, Shiyomi, Arunachal Pradesh, India",,,NO MATCH — Bhuvan also failed or district mismatch,,
Shiyomi,Monigong,Nema Sibo,263360,21,125.0,"Nema Sibo, Shiyomi, Arunachal Pradesh, India",,,NO MATCH — Bhuvan also failed or district mismatch,,
Shiyomi,Monigong,Paning,263380,19,74.0,"Paning, Shiyomi, Arunachal Pradesh, India",,,NO MATCH — Bhuvan also failed or district mismatch,,
Shiyomi,Monigong,Pape Krong,263361,21,138.0,"Pape Krong, Shiyomi, Arunachal Pradesh, India",,,NO MATCH — Bhuvan also failed or district mismatch,,
Shiyomi,Monigong,Pullom,263370,13,70.0,"Pullom, Shiyomi, Arunachal Pradesh, India",,,NO MATCH — Bhuvan also failed or district mismatch,,
Shiyomi,Monigong,Remang Village,263353,15,67.0,"Remang Village, Shiyomi, Arunachal Pradesh, India",,,NO MATCH — Bhuvan also failed or district mismatch,,
Shiyomi,Monigong,Sheet,263383,22,118.0,"Sheet, Shiyomi, Arunachal Pradesh, India",,,NO MATCH — Bhuvan also failed or district mismatch,,
Shiyomi,Monigong,Soyorgong,263364,12,74.0,"Soyorgong, Shiyomi, Arunachal Pradesh, India",,,NO MATCH — Bhuvan also failed or district mismatch,,
Shiyomi,Monigong,Sukudom,263369,12,67.0,"Sukudom, Shiyomi, Arunachal Pradesh, India",,,NO MATCH — Bhuvan also failed or district mismatch,,
Shiyomi,Monigong,Tabha,263351,7,36.0,"Tabha, Shiyomi, Arunachal Pradesh, India",,,NO MATCH — Bhuvan also failed or district mismatch,,
Shiyomi,Monigong,Tasum,263365,2,15.0,"Tasum, Shiyomi, Arunachal Pradesh, India",,,NO MATCH — Bhuvan also failed or district mismatch,,
Shiyomi,Monigong,Yadang,263352,10,45.0,"Yadang, Shiyomi, Arunachal Pradesh, India",,,NO MATCH — Bhuvan also failed or district mismatch,,
Shiyomi,Monigong,Yangrang,263388,13,95.0,"Yangrang, Shiyomi, Arunachal Pradesh, India",,,NO MATCH — Bhuvan also failed or district mismatch,,
Shiyomi,Monigong,Yorkodom,263363,16,89.0,"Yorkodom, Shiyomi, Arunachal Pradesh, India",,,NO MATCH — Bhuvan also failed or district mismatch,,
Kra daadi,Pipsorang,Gatam,265857,5,34.0,"Gatam, Pipsorang, Kra daadi, Arunachal Pradesh, India",28.0979458,93.6001405,matched,,
Kra daadi,Pipsorang,Habak,265858,7,49.0,"Habak, Pipsorang, Kra daadi, Arunachal Pradesh, India",28.1084846,93.5827385,matched,,
Kra daadi,Pipsorang,Hapuk (I),265841,0,0.0,"Hapuk (I), Pipsorang, Kra daadi, Arunachal Pradesh, India",28.0967863,93.5839299,matched,,
Kra daadi,Pipsorang,Kokso,265862,7,50.0,"Kokso, Pipsorang, Kra daadi, Arunachal Pradesh, India",28.0838152,93.6115937,matched,,
Kra daadi,Pipsorang,Neopum,265838,0,0.0,"Neopum, Kra daadi, Arunachal Pradesh, India",,,NO MATCH — Bhuvan also failed or district mismatch,,
Kra daadi,Pipsorang,Richik,265851,6,33.0,"Richik, Pipsorang, Kra daadi, Arunachal Pradesh, India",28.064816,93.6543383,matched,,
