village_id,village,district,block,state,is_core_sample,latitude,longitude,built_before,built_after,built_before_image_count,built_after_image_count
1,Metengliang,Anjaw,Chaglagam,Arunachal Pradesh,True,28.2053139,96.5325529,0.09638169366147786,0.116780299103733,17,23
2,Chipra,Anjaw,Chaglagam,Arunachal Pradesh,True,28.2687337,96.564114,0.0542578437066526,0.07547587465268644,17,23
3,Mithumna,Anjaw,Chaglagam,Arunachal Pradesh,True,28.2346775,96.535261,0.04171544392610608,0.049953563377677555,17,23
4,Pailiang,Anjaw,Chaglagam,Arunachal Pradesh,True,28.1966606,96.5083691,0.040694401757331654,0.04641440959052756,17,23
5,Glotong,Anjaw,Hayuliang,Arunachal Pradesh,True,28.2051645,96.6850333,0.03127424986320892,0.03888081659120983,17,23
6,Hayuliang,Anjaw,Hayuliang,Arunachal Pradesh,True,28.081317,96.5236674,0.24082029647298966,0.3024571813723982,17,23
7,Keletong,Anjaw,Hayuliang,Arunachal Pradesh,True,28.123006,96.6192583,0.03478399371370697,0.0357474493813451,17,23
8,Kongra(Metung),Anjaw,Hayuliang,Arunachal Pradesh,True,28.0695862,96.5735857,0.035934578158528366,0.03628286041656932,17,23
9,Zapaliang,Anjaw,Hayuliang,Arunachal Pradesh,True,28.009235,96.4411122,0.03522115027335023,0.03786899167152653,17,23
10,Chenguinty,Anjaw,Walong,Arunachal Pradesh,True,27.8858991,96.8520327,0.03481961713410226,0.04613033590663957,21,29
11,Dhanbari,Anjaw,Walong,Arunachal Pradesh,True,28.0078075,96.6214266,0.041085059606231454,0.03684215783402087,17,23
12,Dong,Anjaw,Walong,Arunachal Pradesh,True,28.1679203,97.0389469,0.040188496533492706,0.05742500850529612,29,50
13,Gong,Anjaw,Walong,Arunachal Pradesh,True,28.1700892,97.0008029,0.030821181132307182,0.0309128024685209,29,50
14,Hot Spring,Anjaw,Walong,Arunachal Pradesh,True,28.2928975,97.1638576,0.037365465790441,0.03618788692084018,12,27
15,Hunung,Anjaw,Walong,Arunachal Pradesh,True,27.8741289,96.9451026,0.03649692183192973,0.035958251718299854,21,29
16,Kaho,Anjaw,Walong,Arunachal Pradesh,True,28.3034238,97.0250574,0.07355415845268487,0.11752057492967652,29,52
17,Khrawit,Anjaw,Walong,Arunachal Pradesh,True,27.9044705,96.9437389,0.04000183422130044,0.03998412577745433,21,29
18,Krowti,Anjaw,Walong,Arunachal Pradesh,True,28.2354088,97.0273216,0.08110565369987893,0.09513737113846317,29,50
19,Krowti Labour Camp,Anjaw,Walong,Arunachal Pradesh,True,28.2318311,97.0285584,0.09083626323529465,0.11584964814331349,29,50
20,Kundan,Anjaw,Walong,Arunachal Pradesh,True,28.2425043,97.0254063,0.05052935021295136,0.06323127226461861,29,50
21,Musai,Anjaw,Walong,Arunachal Pradesh,True,28.2588294,97.0287424,0.11482145706529791,0.12095196004241415,29,50
22,Samdul,Anjaw,Walong,Arunachal Pradesh,True,27.8858936,96.9223997,0.042607365622521695,0.12039114471629143,21,29
23,Supkung,Anjaw,Walong,Arunachal Pradesh,True,28.1588813,97.0363709,0.06249740382425232,0.08638641844054039,29,50
24,Walong,Anjaw,Walong,Arunachal Pradesh,True,28.1294938,97.0166444,0.2150284208962558,0.23059265560648315,29,50
25,Yakung,Anjaw,Walong,Arunachal Pradesh,True,28.1997526,97.0263468,0.057629177758770536,0.06826522460086595,29,50
26,Achali,Dibang Valley,Anini-Mipi,Arunachal Pradesh,True,28.8429461,95.9704783,0.035872234316363785,0.04034465882920526,137,218
27,Achengo,Dibang Valley,Anini-Mipi,Arunachal Pradesh,True,28.8238506,95.9428387,0.057920196464374164,0.06892347876261325,137,218
28,Acheso,Dibang Valley,Anini-Mipi,Arunachal Pradesh,True,28.9263772,95.97448,0.04878950498620257,0.06733698290769234,48,114
29,Alinye,Dibang Valley,Anini-Mipi,Arunachal Pradesh,True,28.8346828,95.9628967,0.12456305407214913,0.16661349551178758,137,218
30,Angrim Valley,Dibang Valley,Anini-Mipi,Arunachal Pradesh,True,28.8842816,95.9786208,0.06184445265516037,0.08722958589391258,137,218
31,Aropo,Dibang Valley,Anini-Mipi,Arunachal Pradesh,True,28.8230901,95.9397069,0.06606901243819883,0.07695892161794517,137,218
32,Atoto,Dibang Valley,Anini-Mipi,Arunachal Pradesh,True,28.8355826,95.9647411,0.11023495658710744,0.1391844104833725,137,218
33,Echito,Dibang Valley,Anini-Mipi,Arunachal Pradesh,True,28.9291593,95.9752771,0.05274408107105265,0.07057732137515338,48,114
34,Ediya,Dibang Valley,Anini-Mipi,Arunachal Pradesh,True,28.9638191,95.8076515,0.04474176602130003,0.06581265717639184,25,54
35,Emuli,Dibang Valley,Anini-Mipi,Arunachal Pradesh,True,28.8871158,95.8356573,0.03609929254066641,0.040214728779547675,74,106
36,Gipulin,Dibang Valley,Anini-Mipi,Arunachal Pradesh,True,28.8479222,95.9666253,0.06826085487922331,0.0805556586122437,137,218
37,Kamuyi,Dibang Valley,Anini-Mipi,Arunachal Pradesh,True,28.9926912,95.8050502,0.03508511387733504,0.03820662015420773,25,53
38,Mipi H.Q.,Dibang Valley,Anini-Mipi,Arunachal Pradesh,True,28.9641685,95.8081308,0.047237070549760736,0.06683927524488308,25,54
39,Mipido,Dibang Valley,Anini-Mipi,Arunachal Pradesh,True,28.950424,95.8144355,0.050634769950661025,0.07186036687368394,25,54
40,Etalin Bridge Point,Dibang Valley,Etalin-Malinye,Arunachal Pradesh,True,28.6094048,95.8703668,0.07021860426660045,0.07536260351465746,48,52
41,Maliney,Dibang Valley,Etalin-Malinye,Arunachal Pradesh,True,28.6750197,96.1532235,0.11939362730245036,0.1217716119419504,88,105
42,Mawali,Dibang Valley,Etalin-Malinye,Arunachal Pradesh,True,28.6599698,96.0170217,0.0397335855800974,0.053607616992563015,86,105
43,Punli,Dibang Valley,Etalin-Malinye,Arunachal Pradesh,True,28.6565904,95.8520788,0.04414524376301203,0.04941580366962773,48,52
44,Lengdi/Liang,East Kameng,Bameng,Arunachal Pradesh,True,27.5376292,92.923885,0.042668348551411044,0.043640235003694815,46,53
45,Upper Liyak,East Kameng,Bameng,Arunachal Pradesh,True,27.5337804,92.8465101,0.0519713606180677,0.07423823391743614,46,53
46,Dao,East Kameng,Chayangtajo,Arunachal Pradesh,True,27.7832832,92.9383609,0.03259293593017856,0.032962275109007594,46,51
47,Dara Yangfo,East Kameng,Chayangtajo,Arunachal Pradesh,True,27.732817,93.0487159,0.03443635302866903,0.04029023212115246,101,99
48,Lamrah,East Kameng,Chayangtajo,Arunachal Pradesh,True,27.6967225,93.0373888,0.035067717505062254,0.04113559273314428,101,101
49,Loto Yangfo,East Kameng,Chayangtajo,Arunachal Pradesh,True,27.7296573,93.059293,0.03843995095469815,0.044925968125092516,101,99
50,Diya Sullung,East Kameng,Chayangtajo,Arunachal Pradesh,True,27.7760452,93.0124888,0.033881502197958685,0.034658568903543456,101,98
51,Hara Yangfo,East Kameng,Chayangtajo,Arunachal Pradesh,True,27.751648,93.1327809,0.03436629407037297,0.04238470125616966,55,47
52,Jayang Bagang,East Kameng,Chayangtajo,Arunachal Pradesh,True,27.7547367,93.1791026,0.052501478148468075,0.055447390074809644,55,47
53,Kesse Bagang,East Kameng,Chayangtajo,Arunachal Pradesh,True,27.7809294,93.2034502,0.05118743190834073,0.06094006208358266,55,47
54,Langchu Sullung,East Kameng,Chayangtajo,Arunachal Pradesh,True,27.7569534,92.9355132,0.032792202142938896,0.03340097242568306,46,51
55,Nampe Bagang,East Kameng,Chayangtajo,Arunachal Pradesh,True,27.7140627,93.0313033,0.032320104129064275,0.0326461902664741,101,100
56,Raro Sullung,East Kameng,Chayangtajo,Arunachal Pradesh,True,27.6890058,93.0717372,0.033378527204086815,0.03422182555211658,101,101
57,Tamsang Yangfo,East Kameng,Chayangtajo,Arunachal Pradesh,True,27.6760974,93.0917894,0.04322997814583103,0.044426534828441985,101,101
58,Warriam Sullung,East Kameng,Chayangtajo,Arunachal Pradesh,True,27.7279436,92.9802579,0.03366245834553018,0.03938817013649307,46,52
59,Wallong,East Kameng,Khenewa,Arunachal Pradesh,True,27.6530641,92.9685879,0.032823715477732975,0.033495481762467846,46,53
60,Chate,Kurung Kumey,Damin,Arunachal Pradesh,True,28.1191826,93.3236259,0.03437156040007629,0.036523200412664374,24,43
61,Chulla,Kurung Kumey,Damin,Arunachal Pradesh,True,28.1242982,93.411274,0.03532898125834725,0.03533319944269779,24,43
62,Damin H.Q.,Kurung Kumey,Damin,Arunachal Pradesh,True,28.1041982,93.3343841,0.14849977179232568,0.1972975186104608,24,43
63,Damin Village,Kurung Kumey,Damin,Arunachal Pradesh,True,28.1050092,93.3443566,0.03619606152153578,0.040313289829465034,24,43
64,Digok,Kurung Kumey,Damin,Arunachal Pradesh,True,28.1272533,93.3496878,0.03174880325832827,0.03199389757895809,24,43
65,Fuba,Kurung Kumey,Damin,Arunachal Pradesh,True,28.1198537,93.3376816,0.0337548286827174,0.036432067913103466,24,43
66,Huri,Kurung Kumey,Damin,Arunachal Pradesh,True,28.1095105,93.3045975,0.047338861374941706,0.0763061510035983,24,43
67,Katuk,Kurung Kumey,Damin,Arunachal Pradesh,True,28.1189094,93.2501395,0.03256618845241637,0.039660465409886124,24,43
68,Kopila,Kurung Kumey,Damin,Arunachal Pradesh,True,28.1092251,93.3088818,0.05654548171550362,0.10424541601871118,24,43
69,Machang,Kurung Kumey,Damin,Arunachal Pradesh,True,28.0962492,93.3005705,0.03312265748664247,0.03693526533421386,24,43
70,Nisuk,Kurung Kumey,Damin,Arunachal Pradesh,True,28.1081822,93.414929,0.030762120353401295,0.036423568549645145,24,43
71,Pipa,Kurung Kumey,Damin,Arunachal Pradesh,True,28.0735847,93.283149,0.03295428727921348,0.033646101256065625,24,43
72,Ramu,Kurung Kumey,Damin,Arunachal Pradesh,True,28.1084035,93.4191096,0.030695871288619274,0.03836073582510948,24,43
73,Rane,Kurung Kumey,Damin,Arunachal Pradesh,True,28.1440384,93.3476122,0.03468023462651623,0.03506187401006169,24,43
74,Rawiok,Kurung Kumey,Damin,Arunachal Pradesh,True,28.137739,93.3249207,0.033825986649752046,0.03441716863918192,24,43
75,Ruba,Kurung Kumey,Damin,Arunachal Pradesh,True,28.1221707,93.2334312,0.03526503446662906,0.035580882013161425,24,43
76,Senamriang,Kurung Kumey,Damin,Arunachal Pradesh,True,28.1320477,93.3191302,0.03478374221769094,0.03686811492784825,24,43
77,Sibia,Kurung Kumey,Damin,Arunachal Pradesh,True,28.1070207,93.3012679,0.040549659063247825,0.04883558175971546,24,43
78,Tarba,Kurung Kumey,Damin,Arunachal Pradesh,True,28.1607522,93.4195471,0.03350686750259597,0.03455492907356596,24,43
79,Tokriang,Kurung Kumey,Damin,Arunachal Pradesh,True,28.1110736,93.3311986,0.03345384945226701,0.03470710000646722,24,43
80,Yaso,Kurung Kumey,Damin,Arunachal Pradesh,True,28.1002726,93.3473375,0.03464851368685187,0.035080176339653046,24,43
81,Buhan,Kurung Kumey,Koloriang,Arunachal Pradesh,True,27.8895447,93.283152,0.035019230501155296,0.03533494419211325,55,47
82,Buyang,Kurung Kumey,Koloriang,Arunachal Pradesh,True,27.9419935,93.286116,0.04358134253437912,0.05546707207341499,79,90
83,Buyang-II,Kurung Kumey,Koloriang,Arunachal Pradesh,True,27.9419935,93.286116,0.04358134253437912,0.05546707207341499,79,90
84,Chello,Kurung Kumey,Koloriang,Arunachal Pradesh,True,27.8849215,93.291646,0.03742719624627748,0.05318367129891922,55,47
85,Chimpu,Kurung Kumey,Koloriang,Arunachal Pradesh,True,27.9522411,93.2566277,0.037813064248695634,0.03717975180828406,79,90
86,Chomi,Kurung Kumey,Koloriang,Arunachal Pradesh,True,27.955673,93.2595487,0.039442482968392575,0.03883194543906798,79,90
87,Chote,Kurung Kumey,Koloriang,Arunachal Pradesh,True,27.9524396,93.2616596,0.03932454624403233,0.038233085403230435,79,90
88,Kiodhriang,Kurung Kumey,Koloriang,Arunachal Pradesh,True,27.8581693,93.2541827,0.033195483751971344,0.05149839664955634,55,47
89,Nangram,Kurung Kumey,Koloriang,Arunachal Pradesh,True,27.9071735,93.4387839,0.04638033937542755,0.05018679183892857,34,25
90,Nyolo,Kurung Kumey,Koloriang,Arunachal Pradesh,True,27.9012651,93.3076219,0.03483619468005593,0.037119445079755155,55,47
91,Pakba,Kurung Kumey,Koloriang,Arunachal Pradesh,True,27.8903622,93.3997806,0.032290500030902496,0.03363489201610262,55,47
92,Papu,Kurung Kumey,Koloriang,Arunachal Pradesh,True,27.9111524,93.3917445,0.034027600544501026,0.033994915386291735,55,47
93,Rengchi,Kurung Kumey,Koloriang,Arunachal Pradesh,True,27.8914093,93.4267781,0.0333293168585568,0.03547017109937748,49,38
94,Tate,Kurung Kumey,Koloriang,Arunachal Pradesh,True,27.9539309,93.2699171,0.03479130512291294,0.037545132951605824,79,90
95,Yumlam,Kurung Kumey,Koloriang,Arunachal Pradesh,True,27.8897958,93.4560068,0.05927697190059654,0.06774410156390384,29,22
96,Cheba,Kurung Kumey,Parsi-Parlo,Arunachal Pradesh,True,28.0204954,93.4801015,0.03776343775868582,0.03842691103912133,53,65
97,Dape,Kurung Kumey,Parsi-Parlo,Arunachal Pradesh,True,28.0305059,93.4762607,0.03393517133889652,0.0459010010594919,24,43
98,Dare,Kurung Kumey,Parsi-Parlo,Arunachal Pradesh,True,28.040746,93.4566336,0.04558642387036553,0.04986888030637831,24,43
99,Geyang,Kurung Kumey,Parsi-Parlo,Arunachal Pradesh,True,28.032302,93.4718342,0.04827445038312866,0.08237808059474197,24,43
100,Gonang,Kurung Kumey,Parsi-Parlo,Arunachal Pradesh,True,27.9884834,93.5169908,0.14683307423284406,0.16041891681502285,53,65
101,Nyokuriang,Kurung Kumey,Parsi-Parlo,Arunachal Pradesh,True,28.0062351,93.5622034,0.05086172603204769,0.06692279939434127,53,65
102,Pachang,Kurung Kumey,Parsi-Parlo,Arunachal Pradesh,True,28.0250521,93.4720132,0.03762403220015671,0.05397303894986024,53,65
103,Pado I,Kurung Kumey,Parsi-Parlo,Arunachal Pradesh,True,27.9756026,93.5757879,0.04207038094465826,0.047217750224813344,53,65
104,Pagam,Kurung Kumey,Parsi-Parlo,Arunachal Pradesh,True,28.049312,93.4584998,0.032916207833368245,0.03830195671559986,24,43
105,Pape,Kurung Kumey,Parsi-Parlo,Arunachal Pradesh,True,28.0129617,93.4902587,0.04329948110820778,0.0532178815765793,53,65
106,Pariang,Kurung Kumey,Parsi-Parlo,Arunachal Pradesh,True,28.0328165,93.4803814,0.03181504217645051,0.035165019315278,24,43
107,Passik,Kurung Kumey,Parsi-Parlo,Arunachal Pradesh,True,28.0360017,93.4705453,0.04098125421990997,0.06380096526335705,24,43
108,Pilop,Kurung Kumey,Parsi-Parlo,Arunachal Pradesh,True,28.004125,93.5674707,0.03651879011481309,0.04700952382972673,53,65
109,Rashik,Kurung Kumey,Parsi-Parlo,Arunachal Pradesh,True,28.0080613,93.5508476,0.03394659271376657,0.0386884015248693,53,65
110,Yarba-I,Kurung Kumey,Parsi-Parlo,Arunachal Pradesh,True,27.96349,93.5654022,0.046587119586780766,0.044496440885971864,53,65
111,Bala,Kurung Kumey,Sarli,Arunachal Pradesh,True,27.9431025,93.1252507,0.03155436691104905,0.03531254773192879,79,90
112,Chaching,Kurung Kumey,Sarli,Arunachal Pradesh,True,27.9375989,93.2339474,0.03424371606628199,0.03513854725714734,79,90
113,Chulu,Kurung Kumey,Sarli,Arunachal Pradesh,True,27.8792111,93.0545229,0.03165487257904328,0.03256835070145833,101,98
114,Gane,Kurung Kumey,Sarli,Arunachal Pradesh,True,27.9643147,93.0391329,0.035787165536445516,0.03487191602863221,157,196
115,Haraiho,Kurung Kumey,Sarli,Arunachal Pradesh,True,27.9804475,93.1383943,0.03229316370503514,0.03302548749141422,79,90
116,Kapu,Kurung Kumey,Sarli,Arunachal Pradesh,True,27.8879985,93.075251,0.04331262586591256,0.06539876634620873,101,98
117,Koropu,Kurung Kumey,Sarli,Arunachal Pradesh,True,27.9899045,93.2023371,0.03554858611622835,0.04464616688087524,79,90
118,Machane,Kurung Kumey,Sarli,Arunachal Pradesh,True,27.9220981,93.0770012,0.034044339095477466,0.03518125116657603,101,98
119,Malo,Kurung Kumey,Sarli,Arunachal Pradesh,True,27.9563848,93.1153543,0.03519273174141308,0.03830604704320313,79,90
120,Milli,Kurung Kumey,Sarli,Arunachal Pradesh,True,27.9506354,93.0574678,0.03810384111357607,0.052027181083667856,157,196
121,Namjo,Kurung Kumey,Sarli,Arunachal Pradesh,True,27.942996,93.1849686,0.031071447811887244,0.03133513864345107,79,90
122,New Sarli,Kurung Kumey,Sarli,Arunachal Pradesh,True,27.9582217,93.1705235,0.0490877844443794,0.05782397943900731,79,90
123,Riya,Kurung Kumey,Sarli,Arunachal Pradesh,True,27.8776779,93.0467319,0.0321931098473767,0.03345005693187721,101,98
124,Sape,Kurung Kumey,Sarli,Arunachal Pradesh,True,27.9549291,93.1321419,0.04509067691300989,0.04996787216451033,79,90
125,Sarli,Kurung Kumey,Sarli,Arunachal Pradesh,True,27.9525582,93.163373,0.17964231410867224,0.19286076826781995,79,90
126,Sate,Kurung Kumey,Sarli,Arunachal Pradesh,True,27.9537376,93.1572444,0.13795343289515963,0.1506175561632697,79,90
127,Wabia,Kurung Kumey,Sarli,Arunachal Pradesh,True,27.9413919,93.1360402,0.04014546280495818,0.03576083631677113,79,90
128,Walu,Kurung Kumey,Sarli,Arunachal Pradesh,True,27.9413919,93.1360402,0.04014546280495818,0.03576083631677113,79,90
129,Waru,Kurung Kumey,Sarli,Arunachal Pradesh,True,27.8852647,93.0448126,0.03746234395006965,0.047537053588869324,101,98
130,Chanli,Lower Dibang,Hunli-Desali,Arunachal Pradesh,True,28.2923493,96.0296242,0.037227999816729446,0.049570320977841406,86,103
131,Broxer,Tawang,Jang-Thingbu,Arunachal Pradesh,True,27.622647,91.9631993,0.045037875423077384,0.0407093601124916,25,35
132,Luguthang,Tawang,Jang-Thingbu,Arunachal Pradesh,True,27.5948234,92.1857466,,,16,26
133,Mago,Tawang,Jang-Thingbu,Arunachal Pradesh,True,27.6883395,92.2081099,,,16,26
134,Namazing,Tawang,Jang-Thingbu,Arunachal Pradesh,True,27.5506261,91.9768197,0.03991419814697409,0.042585014197988866,25,35
135,Rho,Tawang,Jang-Thingbu,Arunachal Pradesh,True,27.6141065,91.987227,0.07494084003443198,0.09011045049154859,41,61
136,Kitpi,Tawang,Kitpi,Arunachal Pradesh,True,27.5731189,91.90284,0.2274531198887977,0.22396217435905988,25,35
137,Kitpi II,Tawang,Kitpi,Arunachal Pradesh,True,27.5731189,91.90284,0.2274531198887977,0.22396217435905988,25,35
138,Famla,Tawang,Tawang,Arunachal Pradesh,True,27.5612427,91.8523298,0.11839748940172723,0.0832950965829024,25,35
139,Gyangong Ani Gompa,Tawang,Tawang,Arunachal Pradesh,True,27.6003059,91.8525209,0.0519947571718657,0.04848546527320873,25,35
140,Jangda,Tawang,Tawang,Arunachal Pradesh,True,27.5942319,91.9742379,0.0951760867679873,0.09400357682245403,25,35
141,Mandrelling,Tawang,Tawang,Arunachal Pradesh,True,27.5952914,91.8697249,0.5952160239539447,0.6109825588994031,25,35
142,Sakpret,Tawang,Tawang,Arunachal Pradesh,True,27.57568,91.79901,0.08287860694516715,0.08853675420670347,25,35
143,Shyro,Tawang,Tawang,Arunachal Pradesh,True,27.5744459,91.9464757,0.07103783669931733,0.08053554039412861,25,35
144,Singsore Ani Gompa,Tawang,Tawang,Arunachal Pradesh,True,27.5952914,91.8697249,0.5952160239539447,0.6109825588994031,25,35
145,Tawang Gompa,Tawang,Tawang,Arunachal Pradesh,True,27.5866091,91.8573902,0.16376560379731195,0.16738798261803958,25,35
146,Thongleng,Tawang,Tawang,Arunachal Pradesh,True,27.57294,91.79215,0.08788326301166888,0.08742756954450114,25,35
147,Brokenthang,Tawang,Zemithang-Dudunghar,Arunachal Pradesh,True,27.7352592,91.724121,0.06455807543021667,0.06274135023816141,25,35
148,Gorsam,Tawang,Zemithang-Dudunghar,Arunachal Pradesh,True,27.6973252,91.7142454,0.06386167749901632,0.057562869824479335,25,35
149,Kharman,Tawang,Zemithang-Dudunghar,Arunachal Pradesh,True,27.691851,91.7463062,0.04247112721500503,0.03946397444021489,25,35
150,Lumpo,Tawang,Zemithang-Dudunghar,Arunachal Pradesh,True,27.7204821,91.7144005,0.0670701441763484,0.07267136540926315,25,35
151,Maling,Tawang,Zemithang-Dudunghar,Arunachal Pradesh,True,27.6350823,92.0693622,0.03500427464050284,0.03336466090058788,41,61
152,Muktur,Tawang,Zemithang-Dudunghar,Arunachal Pradesh,True,27.5800562,91.6627629,0.051256359091872976,0.050096486061500384,25,35
153,Ramyang,Tawang,Zemithang-Dudunghar,Arunachal Pradesh,True,27.514701,91.6549664,0.07303548411991818,0.06245544343115282,25,35
154,Shakti,Tawang,Zemithang-Dudunghar,Arunachal Pradesh,True,27.61139,91.71387,0.0665010038127858,0.08513910264746526,25,35
155,Shoktsen,Tawang,Zemithang-Dudunghar,Arunachal Pradesh,True,27.7416556,91.7318533,0.041135853258623435,0.0363199311640885,25,35
156,Sirdi,Tawang,Zemithang-Dudunghar,Arunachal Pradesh,True,27.6466524,91.7230296,0.03773380345549018,0.04048028058242123,25,35
157,Bishing,Upper Siang,Singa-Gelling,Arunachal Pradesh,True,29.1107736,95.0268102,0.042030001668354695,0.04410984638613584,16,26
158,Bona,Upper Siang,Singa-Gelling,Arunachal Pradesh,True,29.0974164,94.9475348,0.04773989437419409,0.04355614591574937,16,26
159,Mankota,Upper Siang,Singa-Gelling,Arunachal Pradesh,True,28.8878329,95.0759463,0.059668311286048506,0.06960837687050332,81,97
160,Mayum,Upper Siang,Singa-Gelling,Arunachal Pradesh,True,29.0924208,94.9597907,0.036930442590696055,0.040654804133944934,16,26
161,Tashi Gaon,Upper Siang,Singa-Gelling,Arunachal Pradesh,True,28.8743385,95.1028336,0.046509310884566536,0.04677208249841372,81,97
162,Jido,Upper Siang,Tuting,Arunachal Pradesh,True,28.9820594,94.904882,0.07842431539556582,0.08392927093361194,16,26
163,Lali,Upper Siang,Tuting,Arunachal Pradesh,True,29.0003932,94.8912175,0.2069367636316852,0.22472983211215533,16,26
164,Ngaming,Upper Siang,Tuting,Arunachal Pradesh,True,28.9686342,94.9381419,0.09867954236278392,0.10798641172791681,16,26
165,Nyering,Upper Siang,Tuting,Arunachal Pradesh,True,28.9360701,95.0104597,0.048641079626405966,0.05184393412932756,16,26
166,Pango,Upper Siang,Tuting,Arunachal Pradesh,True,28.8870297,94.7578559,0.058907325100711304,0.06355652064494731,39,47
167,Pekong,Upper Siang,Tuting,Arunachal Pradesh,True,28.9878787,94.8919255,0.2914355473015578,0.3063177143243442,16,26
168,Pekong,Upper Siang,Tuting,Arunachal Pradesh,True,28.9878787,94.8919255,0.2914355473015578,0.3063177143243442,16,26
169,Pokbir,Upper Siang,Tuting,Arunachal Pradesh,True,28.963981,94.9375517,0.06860765546125226,0.08595941281329617,16,26
170,Rishing,Upper Siang,Tuting,Arunachal Pradesh,True,28.9984023,94.8852907,0.2662168057606868,0.27245361033454324,16,26
171,Tenggo,Upper Siang,Tuting,Arunachal Pradesh,True,29.0668244,94.478654,0.04039580456237153,0.039374300878732615,16,26
172,Dadu,Upper Subansiri,Limeking,Arunachal Pradesh,True,28.3625828,93.5395735,0.04657647263386023,0.046713533867727315,24,43
173,Gumsing,Upper Subansiri,Limeking,Arunachal Pradesh,True,28.4321817,93.2172532,0.04527759442182231,0.05647898848225985,24,43
174,Lingbing,Upper Subansiri,Limeking,Arunachal Pradesh,True,28.4367283,93.2151175,0.038906593649855624,0.04966411433758019,24,43
175,Redding,Upper Subansiri,Limeking,Arunachal Pradesh,True,28.4851077,93.4621565,0.06249762232826596,0.050889013142367226,24,43
176,Redding Camp,Upper Subansiri,Limeking,Arunachal Pradesh,True,28.4851077,93.4621565,0.06249762232826596,0.050889013142367226,24,43
177,Taying,Upper Subansiri,Limeking,Arunachal Pradesh,True,28.4321817,93.2172532,0.04527759442182231,0.05647898848225985,24,43
178,Yaja,Upper Subansiri,Limeking,Arunachal Pradesh,True,28.4354329,93.2468461,0.036288996985037986,0.03746797292348212,24,43
179,Chokar,Upper Subansiri,Nacho,Arunachal Pradesh,True,28.4279157,93.8094041,0.03538921113543833,0.03683443310392195,13,20
180,Jerigaon,West Kameng,Nafra,Arunachal Pradesh,True,27.3403204,92.4726477,0.14017705172376224,0.14368686397029642,16,26
181,Khellong,West Kameng,Nafra,Arunachal Pradesh,True,27.0133852,92.4145185,0.03486490502256613,0.034930428908066205,76,72
182,Gatam,Kra daadi,Pipsorang,Arunachal Pradesh,True,28.0979458,93.6001405,0.03264375254984111,0.03390772880786398,23,43
183,Habak,Kra daadi,Pipsorang,Arunachal Pradesh,True,28.1084846,93.5827385,0.03351069838360724,0.03415697328734471,23,43
184,Hapuk (I),Kra daadi,Pipsorang,Arunachal Pradesh,True,28.0967863,93.5839299,0.03329992985134216,0.0387562139471973,23,43
185,Kokso,Kra daadi,Pipsorang,Arunachal Pradesh,True,28.0838152,93.6115937,0.0324406630997577,0.03439527215609081,23,43
186,Richik,Kra daadi,Pipsorang,Arunachal Pradesh,True,28.064816,93.6543383,0.034564099305963665,0.03365351562942394,23,43
187,Chungthang,North,Chungthang,Sikkim,True,27.604236,88.6465196,0.19410889680357057,0.1964631095088154,19,36
188,Tung,North,Chungthang,Sikkim,True,27.5475,88.6493,0.03623245364237329,0.03477103396331861,19,36
189,Chawang,North,Kabi Tingda,Sikkim,True,27.4415,88.5992,0.045236880416623715,0.04880296026436587,19,36
190,Labi,North,Kabi Tingda,Sikkim,True,27.4373,88.6584,0.03093994431683163,0.03170529692146799,19,36
191,Paney-Phensong,North,Kabi Tingda,Sikkim,True,27.4340487,88.6127695,0.06693944067265074,0.066305851613075,19,36
192,Phamtam,North,Kabi Tingda,Sikkim,True,27.4557,88.61,0.03536004494047489,0.03664579491260408,19,36
193,Phodong,North,Kabi Tingda,Sikkim,True,27.4130306,88.5838702,0.10298184780755774,0.10713315109270961,19,36
194,Ramthang,North,Kabi Tingda,Sikkim,True,27.4039854,88.550947,0.05713835246199763,0.05339434021428796,19,36
195,Rongong,North,Kabi Tingda,Sikkim,True,27.4092,88.5635,0.041925731273881384,0.04057796674802704,19,36
196,Tangyek,North,Kabi Tingda,Sikkim,True,27.4207,88.527,0.06844740284993024,0.08141607208929696,19,36
197,Tingchim,North,Kabi Tingda,Sikkim,True,27.4607586,88.5277316,0.07474900005793939,0.08463865002256685,19,36
198,Tingda,North,Kabi Tingda,Sikkim,True,27.3957,88.6272,0.07063780701822052,0.0682449041893972,19,36
199,Tumlong,North,Kabi Tingda,Sikkim,True,27.4198712,88.5898311,0.10051647239021123,0.09718766487081175,19,36
200,Lachen,North,Lachen,Sikkim,True,27.7305455,88.5469054,0.20188442434102272,0.2138559703855394,19,36
201,Lachung,North,Lachung,Sikkim,True,27.7794,88.7152648,0.04227496301068868,0.040295438703960615,19,36
202,Barfok,North,Passingdang,Sikkim,True,27.4977,88.491,0.033967787837311886,0.03572271096028699,19,36
203,Gor,North,Passingdang,Sikkim,True,27.4302826,88.4984203,0.042642976352597575,0.04538980422333156,19,36
204,Hee-Gyathang,North,Passingdang,Sikkim,True,27.4816,88.4991,0.03309052458286262,0.03236068677582199,19,36
205,Lingdem,North,Passingdang,Sikkim,True,27.5494817,88.4569319,0.046925932868105216,0.052062850748835175,19,36
206,Lingdong,North,Passingdang,Sikkim,True,27.5073091,88.5194632,0.07036624577135149,0.07149802142803117,19,36
207,Lingthem,North,Passingdang,Sikkim,True,27.5224732,88.5014686,0.059397144861925155,0.06224265343357017,19,36
208,Lingzah-Tolung,North,Passingdang,Sikkim,True,27.571,88.4466,0.032106410249385146,0.032006159251733814,19,36
209,Lum,North,Passingdang,Sikkim,True,27.394,88.48,0.03521142199716456,0.036743314539034684,19,36
210,Namok,North,Passingdang,Sikkim,True,27.4504654,88.5375829,0.042255793731303476,0.045869091601854296,19,36
211,Sakyong-Pentong,North,Passingdang,Sikkim,True,27.5797,88.4049,0.03368639730164864,0.03220590700870159,19,36
212,Salim Pakel,North,Passingdang,Sikkim,True,27.5379,88.5518,0.038422892929073686,0.040590864327506374,19,36
213,Sangtok,North,Passingdang,Sikkim,True,27.4091,88.504,0.04323786179298886,0.042293035052077425,19,36
214,Sheyam,North,Passingdang,Sikkim,True,27.4367,88.528,0.09198033514408346,0.0809206256081151,19,36
215,Shipgyer,North,Passingdang,Sikkim,True,27.5544461,88.6336147,0.060751993802921546,0.0602713714099664,19,36
216,Tingbong,North,Passingdang,Sikkim,True,27.5524,88.4984,0.033225118546885674,0.034131994590603565,19,36
217,Zimchung,North,Passingdang,Sikkim,True,27.4903,88.5321,0.13653006644887752,0.12785772252210478,19,36
218,Bampa,Chamoli,Joshimath,Uttarakhand,True,30.7436664,79.8297153,0.05124462482736242,0.05993706735077718,39,59
219,Gamsali,Chamoli,Joshimath,Uttarakhand,True,30.7559986,79.8261873,0.09068503214736116,0.1176159314439508,39,59
220,Gurguti,Chamoli,Joshimath,Uttarakhand,True,30.7738,79.8758,0.03831345162146825,0.03693646627490847,39,59
221,Joshimath,Chamoli,Joshimath,Uttarakhand,True,30.5555752,79.5612607,0.5497596170611327,0.5424152920859011,39,50
222,Kailashpur,Chamoli,Joshimath,Uttarakhand,True,30.7148,79.8639,0.033962225227837116,0.032282134938244625,78,110
223,Mahargaon,Chamoli,Joshimath,Uttarakhand,True,30.4061118,79.4205814,0.09449350259480202,0.09912248853436217,39,51
224,Malari,Chamoli,Joshimath,Uttarakhand,True,30.6845508,79.8893688,0.04702746357216637,0.09471296834022727,78,110
225,Mana,Chamoli,Joshimath,Uttarakhand,True,30.9671228,79.4109692,0.063839649513009,0.06171142844004428,39,59
226,Bilju,Pithoragarh,Munsyari,Uttarakhand,True,30.3949398,80.1659059,0.03831670180558386,0.03632552859151813,30,52
227,Burphu,Pithoragarh,Munsyari,Uttarakhand,True,30.3666548,80.1842308,0.03805161402164966,0.04047725874767499,30,52
228,Martoli,Pithoragarh,Munsyari,Uttarakhand,True,30.3482498,80.1931552,0.047566225633257755,0.04019752478821218,30,52
229,Rilkot,Pithoragarh,Munsyari,Uttarakhand,True,30.3104468,80.2080315,0.04229198232681722,0.040207986458960454,30,51
230,Tola,Pithoragarh,Munsyari,Uttarakhand,True,30.3356863,80.2121168,0.04292680309430273,0.038276066238274155,30,52
231,Baling,Pithoragarh,Dharchula or Kanalichhina (unresolved),Uttarakhand,True,30.2092254,80.5479905,0.04957672636498808,0.0391086402272197,30,53
232,Dar,Pithoragarh,Dharchula or Kanalichhina (unresolved),Uttarakhand,True,30.069216,80.602947,0.11239969869801662,0.13417936560197657,30,53
233,Dugtu,Pithoragarh,Dharchula or Kanalichhina (unresolved),Uttarakhand,True,30.21,80.5679,0.03973119610071759,0.03725968640567117,30,53
234,Garbyang,Pithoragarh,Dharchula or Kanalichhina (unresolved),Uttarakhand,True,30.1251387,80.8575277,0.06967915105917764,0.0974836088343766,60,104
235,Gunji,Pithoragarh,Dharchula or Kanalichhina (unresolved),Uttarakhand,True,30.1865763,80.8508108,0.07259413409199929,0.09519046016866188,60,104
236,Kuti,Pithoragarh,Dharchula or Kanalichhina (unresolved),Uttarakhand,True,30.3078792,80.7599224,0.06775241725958492,0.07565331980723952,60,102
237,Navi,Pithoragarh,Dharchula or Kanalichhina (unresolved),Uttarakhand,True,30.2049725,80.8373063,0.06771956997590249,0.09429315806764997,60,104
238,Rongkong (Raung Kong),Pithoragarh,Dharchula or Kanalichhina (unresolved),Uttarakhand,True,30.2033451,80.8316381,0.05268003170767509,0.06632038081445865,60,104
239,Sela,Pithoragarh,Dharchula or Kanalichhina (unresolved),Uttarakhand,True,30.1472581,80.6056591,0.05240971393231701,0.05368084733890918,30,53
240,Tidang,Pithoragarh,Dharchula or Kanalichhina (unresolved),Uttarakhand,True,30.246,80.5487,0.08244297368457255,0.08100318931083378,30,53
241,Amali,Pithoragarh,Dharchula or Kanalichhina (unresolved),Uttarakhand,True,29.7039,80.3278,0.04562946619237,0.04658451955414933,46,52
242,Bagori,Uttarkashi,Bhatwari,Uttarakhand,True,30.7702443,78.4746317,0.03475543100921795,0.034168865773226094,65,104
243,Dharali,Uttarkashi,Bhatwari,Uttarakhand,True,31.0408468,78.7815312,0.14904844953688948,0.12779824659267902,65,106
244,Harshil,Uttarkashi,Bhatwari,Uttarakhand,True,31.0350501,78.7572289,0.07462012920859068,0.07580459048635711,65,106
245,Jadung,Uttarkashi,Bhatwari,Uttarakhand,True,31.1648,79.0397,0.03141327942636434,0.03211286021262467,84,115
246,Jaspur,Uttarkashi,Bhatwari,Uttarakhand,True,30.727214,78.4636435,0.0347340423191764,0.035014137494203706,65,104
247,Jhala,Uttarkashi,Bhatwari,Uttarakhand,True,31.0248573,78.7101354,0.14076091459536721,0.18818494535715152,65,106
248,Mukhawa,Uttarkashi,Bhatwari,Uttarakhand,True,31.0542,78.7901,0.03187389495193073,0.0325373545754112,65,106
249,Nelang,Uttarkashi,Bhatwari,Uttarakhand,True,31.121954,79.0304088,0.0396937048071905,0.0395974442206255,83,115
250,Purali,Uttarkashi,Bhatwari,Uttarakhand,True,31.0299258,78.7099965,0.09081576130777672,0.11150158545092519,65,106
251,Sukki,Uttarkashi,Bhatwari,Uttarakhand,True,31.014,78.7108,0.1235716624946788,0.16966919832724764,65,107
252,Chhitkul,Kinnaur,Unknown,Himachal Pradesh,False,31.3881,78.46219,,0.04525902055002515,66,103
253,Pooh,Kinnaur,Unknown,Himachal Pradesh,False,31.76159,78.5839324,0.24429407014636123,0.27326770153111785,39,62
254,Nako,Kinnaur,Unknown,Himachal Pradesh,False,31.8813748,78.6270483,0.1623106662781089,0.1909927564583251,39,62
255,Leo,Kinnaur,Unknown,Himachal Pradesh,False,31.8839167,78.5935199,0.11229604750059623,0.11708513264376427,39,62
256,Chango,Kinnaur,Unknown,Himachal Pradesh,False,31.9777573,78.5944015,0.33577190357496267,0.3003198839274538,39,62
257,Gue,Lahaul and Spiti,Unknown,Himachal Pradesh,False,32.1310531,78.5697113,0.054927801766177196,0.11227014296621295,39,61
258,Lalung,Lahaul and Spiti,Unknown,Himachal Pradesh,False,32.14927,78.27071,0.032300611344194194,0.03225590519360174,73,111
