village_id,village,district,block,state,is_core_sample,latitude,longitude,ndbi_before,ndbi_after,ndbi_before_image_count,ndbi_after_image_count,lights_before,lights_after,lights_before_image_count,lights_after_image_count,ndbi_change,lights_change
1,Metengliang,Anjaw,Chaglagam,Arunachal Pradesh,True,28.2053139,96.5325529,-0.2139028033382926,-0.2530490160511819,24,29,0.3386945694090257,0.2662028824278626,4,4,-0.03914621271288932,-0.0724916869811631
2,Chipra,Anjaw,Chaglagam,Arunachal Pradesh,True,28.2687337,96.564114,-0.2264847171958869,-0.1989792965734346,24,29,0.2817972230745686,0.0897611104945341,4,4,0.027505420622452287,-0.1920361125800345
3,Mithumna,Anjaw,Chaglagam,Arunachal Pradesh,True,28.2346775,96.535261,-0.2528194224685219,-0.2657355763772654,24,29,0.256412805919484,0.146029252057307,4,4,-0.01291615390874351,-0.11038355386217702
4,Pailiang,Anjaw,Chaglagam,Arunachal Pradesh,True,28.1966606,96.5083691,-0.2457797923896411,-0.2750297282325391,24,29,0.3047197234603855,0.194644055976595,4,4,-0.02924993584289798,-0.1100756674837905
5,Glotong,Anjaw,Hayuliang,Arunachal Pradesh,True,28.2051645,96.6850333,-0.276436327358106,-0.2680745078974558,24,29,0.2952927884620588,0.2101238782072926,4,4,0.008361819460650233,-0.0851689102547662
6,Hayuliang,Anjaw,Hayuliang,Arunachal Pradesh,True,28.081317,96.5236674,-0.0620204106506969,-0.0763418256812013,24,29,0.4249280884664143,0.5441675815500517,4,4,-0.014321415030504409,0.11923949308363746
7,Keletong,Anjaw,Hayuliang,Arunachal Pradesh,True,28.123006,96.6192583,-0.2057175673852735,-0.2525151770868171,24,29,0.3101637135202956,0.1641398451469846,4,4,-0.04679760970154359,-0.146023868373311
8,Kongra(Metung),Anjaw,Hayuliang,Arunachal Pradesh,True,28.0695862,96.5735857,-0.2489019399559069,-0.2663573326577088,24,29,0.3673396015094708,0.2729009938121369,4,4,-0.01745539270180188,-0.09443860769733392
9,Zapaliang,Anjaw,Hayuliang,Arunachal Pradesh,True,28.009235,96.4411122,-0.2256927385228842,-0.2567003443160368,24,29,0.3591123665986436,0.2244016804219631,4,4,-0.031007605793152565,-0.1347106861766805
10,Chenguinty,Anjaw,Walong,Arunachal Pradesh,True,27.8858991,96.8520327,-0.2753600961835515,-0.2554341358901372,24,29,0.4024028742849231,0.346487244973569,4,4,0.019925960293414313,-0.05591562931135413
11,Dhanbari,Anjaw,Walong,Arunachal Pradesh,True,28.0078075,96.6214266,-0.247305063298806,-0.2751264898937322,48,58,0.0815770501217199,0.2494983380689324,4,4,-0.027821426594926174,0.1679212879472125
12,Dong,Anjaw,Walong,Arunachal Pradesh,True,28.1679203,97.0389469,-0.1052093889697206,-0.1608515452643401,48,58,0.3120449447671529,0.2158851202961872,4,4,-0.055642156294619494,-0.09615982447096569
13,Gong,Anjaw,Walong,Arunachal Pradesh,True,28.1700892,97.0008029,-0.2381452388733587,-0.1832103134477606,48,58,0.2829678858633453,0.2113621274498214,4,4,0.05493492542559811,-0.0716057584135239
14,Hot Spring,Anjaw,Walong,Arunachal Pradesh,True,28.2928975,97.1638576,-0.1701920714146532,-0.2559970994471193,24,29,0.2909883724758659,0.1934662244776687,4,4,-0.08580502803246609,-0.0975221479981972
15,Hunung,Anjaw,Walong,Arunachal Pradesh,True,27.8741289,96.9451026,-0.2544357316516141,-0.2679511350777377,24,29,0.1546618656529952,0.2180044366224378,4,4,-0.013515403426123618,0.0633425709694426
16,Kaho,Anjaw,Walong,Arunachal Pradesh,True,28.3034238,97.0250574,-0.1615273722343476,-0.1938778007094258,48,58,0.2667283931397963,0.3638496144385182,4,4,-0.03235042847507821,0.09712122129872192
17,Khrawit,Anjaw,Walong,Arunachal Pradesh,True,27.9044705,96.9437389,-0.2489965067745979,-0.262061867123321,24,29,0.218662791985478,0.1299390952089432,4,4,-0.013065360348723132,-0.0887236967765348
18,Krowti,Anjaw,Walong,Arunachal Pradesh,True,28.2354088,97.0273216,-0.1740521763956032,-0.1799361002638896,48,58,0.1763103317665866,0.2471043754841476,4,4,-0.0058839238682864,0.07079404371756101
19,Krowti Labour Camp,Anjaw,Walong,Arunachal Pradesh,True,28.2318311,97.0285584,-0.1593871000360554,-0.1342129617965073,48,58,0.2276133863107029,0.2530088490452123,4,4,0.025174138239548116,0.025395462734509405
20,Kundan,Anjaw,Walong,Arunachal Pradesh,True,28.2425043,97.0254063,-0.1688052835337248,-0.1684327566019071,48,58,0.1410292516777057,0.20817052688096,4,4,0.0003725269318176905,0.0671412752032543
21,Musai,Anjaw,Walong,Arunachal Pradesh,True,28.2588294,97.0287424,-0.137899917964084,-0.1515465782513991,48,58,0.2220741144950147,0.2612610522789501,4,4,-0.013646660287315121,0.039186937783935366
22,Samdul,Anjaw,Walong,Arunachal Pradesh,True,27.8858936,96.9223997,-0.1639046524612286,-0.1299642596969927,24,29,0.271476130159396,0.26601276554159,4,4,0.03394039276423588,-0.005463364617805999
23,Supkung,Anjaw,Walong,Arunachal Pradesh,True,28.1588813,97.0363709,-0.1528996539306198,-0.1670069602195754,48,58,0.2925166050230018,0.2667829321402384,4,4,-0.014107306288955596,-0.025733672882763403
24,Walong,Anjaw,Walong,Arunachal Pradesh,True,28.1294938,97.0166444,-0.1249048635663252,-0.1382053208704159,48,58,0.7029051149592679,1.4988207511446716,4,4,-0.013300457304090699,0.7959156361854037
25,Yakung,Anjaw,Walong,Arunachal Pradesh,True,28.1997526,97.0263468,-0.1758935025811989,-0.1919861259207141,48,58,0.2799170378562624,0.2360536422646415,4,4,-0.016092623339515194,-0.04386339559162086
26,Achali,Dibang Valley,Anini-Mipi,Arunachal Pradesh,True,28.8429461,95.9704783,-0.2235841728820867,-0.2377830473499601,196,236,0.3871700248328897,0.3170385923928328,4,4,-0.014198874467873407,-0.07013143244005693
27,Achengo,Dibang Valley,Anini-Mipi,Arunachal Pradesh,True,28.8238506,95.9428387,-0.178435678385396,-0.1816443277240884,196,236,0.3700559866455074,0.2436506136634449,4,4,-0.0032086493386923876,-0.12640537298206247
28,Acheso,Dibang Valley,Anini-Mipi,Arunachal Pradesh,True,28.9263772,95.97448,-0.224600671745051,-0.2412131895166576,98,118,0.3374396853737141,0.0510773030191398,4,4,-0.016612517771606605,-0.2863623823545743
29,Alinye,Dibang Valley,Anini-Mipi,Arunachal Pradesh,True,28.8346828,95.9628967,-0.1739863636774496,-0.1933090253068009,196,236,0.4526876420045794,0.2530849874841983,4,4,-0.019322661629351312,-0.19960265452038112
30,Angrim Valley,Dibang Valley,Anini-Mipi,Arunachal Pradesh,True,28.8842816,95.9786208,-0.2131769726410399,-0.2481724525781447,196,236,0.3931848128439963,0.1174257426257311,4,4,-0.03499547993710478,-0.2757590702182652
31,Aropo,Dibang Valley,Anini-Mipi,Arunachal Pradesh,True,28.8230901,95.9397069,-0.1935234115737186,-0.1969255593727831,196,236,0.3317574196883423,0.2494939493857594,4,4,-0.0034021477990645033,-0.08226347030258294
32,Atoto,Dibang Valley,Anini-Mipi,Arunachal Pradesh,True,28.8355826,95.9647411,-0.1778232254357092,-0.1998194594235073,196,236,0.4333713850159953,0.2577171407656574,4,4,-0.021996233987798097,-0.17565424425033793
33,Echito,Dibang Valley,Anini-Mipi,Arunachal Pradesh,True,28.9291593,95.9752771,-0.2169395663131494,-0.246967131145495,98,118,0.3341355593353673,0.0083754116794018,4,4,-0.030027564832345616,-0.3257601476559655
34,Ediya,Dibang Valley,Anini-Mipi,Arunachal Pradesh,True,28.9638191,95.8076515,-0.231469518690691,-0.183864265811042,49,59,0.3849752221404193,0.2778386543402324,4,4,0.04760525287964898,-0.10713656780018688
35,Emuli,Dibang Valley,Anini-Mipi,Arunachal Pradesh,True,28.8871158,95.8356573,-0.2634856016425803,-0.2308067761431136,98,118,0.364636161985839,0.1670424492317103,4,4,0.032678825499466685,-0.19759371275412868
36,Gipulin,Dibang Valley,Anini-Mipi,Arunachal Pradesh,True,28.8479222,95.9666253,-0.1996290684869892,-0.2258475807352935,196,236,0.4016462813097325,0.2731729677077528,4,4,-0.02621851224830432,-0.12847331360197972
37,Kamuyi,Dibang Valley,Anini-Mipi,Arunachal Pradesh,True,28.9926912,95.8050502,-0.2586917211162948,-0.2508675946561142,49,59,0.3697494433183501,0.1304102405282106,4,4,0.007824126460180603,-0.23933920279013948
38,Mipi H.Q.,Dibang Valley,Anini-Mipi,Arunachal Pradesh,True,28.9641685,95.8081308,-0.2288211980242991,-0.1822329988878079,49,59,0.381644371959278,0.2949916358908416,4,4,0.046588199136491204,-0.08665273606843638
39,Mipido,Dibang Valley,Anini-Mipi,Arunachal Pradesh,True,28.950424,95.8144355,-0.2178579544602741,-0.2161896997906204,49,59,0.419239848983013,0.1310235965224115,4,4,0.0016682546696537015,-0.28821625246060145
40,Etalin Bridge Point,Dibang Valley,Etalin-Malinye,Arunachal Pradesh,True,28.6094048,95.8703668,-0.1928446977574426,-0.204895381012304,50,59,0.331196748288223,0.315238235777269,4,4,-0.012050683254861416,-0.01595851251095398
41,Maliney,Dibang Valley,Etalin-Malinye,Arunachal Pradesh,True,28.6750197,96.1532235,-0.2000596529982347,-0.2224623783494047,49,59,0.394001675565504,0.1288227041395718,4,4,-0.022402725351169994,-0.26517897142593216
42,Mawali,Dibang Valley,Etalin-Malinye,Arunachal Pradesh,True,28.6599698,96.0170217,-0.2093510869291811,-0.2013086697432284,100,118,0.3748576962056436,0.165119974591237,4,4,0.008042417185952722,-0.20973772161440657
43,Punli,Dibang Valley,Etalin-Malinye,Arunachal Pradesh,True,28.6565904,95.8520788,-0.2180218090134875,-0.2665855429062531,50,59,0.3922709474350487,0.2176340770122058,4,4,-0.04856373389276558,-0.1746368704228429
44,Lengdi/Liang,East Kameng,Bameng,Arunachal Pradesh,True,27.5376292,92.923885,-0.2592452604697068,-0.2698777656544255,49,60,0.3948363432362171,0.2988487490311971,4,4,-0.010632505184718699,-0.09598759420501995
45,Upper Liyak,East Kameng,Bameng,Arunachal Pradesh,True,27.5337804,92.8465101,-0.2431891088799573,-0.2396561558139513,49,60,0.4199776308115163,0.3082941759219372,4,4,0.003532953066005984,-0.11168345488957909
46,Dao,East Kameng,Chayangtajo,Arunachal Pradesh,True,27.7832832,92.9383609,-0.2129906238661555,-0.2397242002358998,49,59,0.362863493184006,0.2157380725779094,4,4,-0.0267335763697443,-0.14712542060609662
47,Dara Yangfo,East Kameng,Chayangtajo,Arunachal Pradesh,True,27.732817,93.0487159,-0.2614216139895804,-0.221079477298034,98,120,0.3398773729668279,0.2488656607825088,4,4,0.040342136691546404,-0.09101171218431911
48,Lamrah,East Kameng,Chayangtajo,Arunachal Pradesh,True,27.6967225,93.0373888,-0.2252423970823206,-0.2138892753058823,98,120,0.3298500063684252,0.3056138890981674,4,4,0.011353121776438296,-0.024236117270257818
49,Loto Yangfo,East Kameng,Chayangtajo,Arunachal Pradesh,True,27.7296573,93.059293,-0.2442155639839622,-0.2157769642987284,98,120,0.341713477319546,0.2781994323047359,4,4,0.028438599685233795,-0.06351404501481006
50,Diya Sullung,East Kameng,Chayangtajo,Arunachal Pradesh,True,27.7760452,93.0124888,-0.2561402462467278,-0.2864669845276615,98,120,0.4139938692052495,0.1998522834003038,4,4,-0.030326738280933685,-0.2141415858049457
51,Hara Yangfo,East Kameng,Chayangtajo,Arunachal Pradesh,True,27.751648,93.1327809,-0.2699341544705203,-0.2673389691147204,49,61,0.3402901745866983,0.3135044561765555,4,4,0.002595185355799945,-0.026785718410142823
52,Jayang Bagang,East Kameng,Chayangtajo,Arunachal Pradesh,True,27.7547367,93.1791026,-0.2572971304763714,-0.2496378281596043,49,61,0.3919022343345194,0.2936815616804794,4,4,0.007659302316767119,-0.09822067265404
53,Kesse Bagang,East Kameng,Chayangtajo,Arunachal Pradesh,True,27.7809294,93.2034502,-0.251541648988653,-0.2615405818668682,49,61,0.3745027894775072,0.3202194382415878,4,4,-0.009998932878215183,-0.05428335123591943
54,Langchu Sullung,East Kameng,Chayangtajo,Arunachal Pradesh,True,27.7569534,92.9355132,-0.2578248765104832,-0.2385142920966899,49,59,0.3890033469168275,0.1502199326133675,4,4,0.019310584413793297,-0.23878341430345998
55,Nampe Bagang,East Kameng,Chayangtajo,Arunachal Pradesh,True,27.7140627,93.0313033,-0.2515771701726964,-0.2502416310720952,98,120,0.3782878586138808,0.3248190409887607,4,4,0.0013355391006011907,-0.053468817625120124
56,Raro Sullung,East Kameng,Chayangtajo,Arunachal Pradesh,True,27.6890058,93.0717372,-0.2665705178451608,-0.2474385783012154,98,120,0.417797884988891,0.341450438268466,4,4,0.019131939543945375,-0.07634744672042498
57,Tamsang Yangfo,East Kameng,Chayangtajo,Arunachal Pradesh,True,27.6760974,93.0917894,-0.2357241223363607,-0.2620204002194278,98,120,0.3904213166263486,0.3228264541498252,4,4,-0.0262962778830671,-0.06759486247652341
58,Warriam Sullung,East Kameng,Chayangtajo,Arunachal Pradesh,True,27.7279436,92.9802579,-0.226371440117532,-0.2065962500281174,49,59,0.3833898288045226,0.2562598919632745,4,4,0.019775190089414585,-0.12712993684124813
59,Wallong,East Kameng,Khenewa,Arunachal Pradesh,True,27.6530641,92.9685879,-0.247173070086126,-0.2773426614767024,49,60,0.2951085803437073,0.2396380892210123,4,4,-0.0301695913905764,-0.055470491122695004
60,Chate,Kurung Kumey,Damin,Arunachal Pradesh,True,28.1191826,93.3236259,-0.2932178964432387,-0.2622015727095705,49,60,0.3791554432726067,0.2218153762195246,4,4,0.031016323733668194,-0.1573400670530821
61,Chulla,Kurung Kumey,Damin,Arunachal Pradesh,True,28.1242982,93.411274,-0.2794907390864677,-0.2810210898289113,49,60,0.4198083370554407,0.1375676432315768,4,4,-0.0015303507424435647,-0.28224069382386385
62,Damin H.Q.,Kurung Kumey,Damin,Arunachal Pradesh,True,28.1041982,93.3343841,-0.2369193355189544,-0.2097779975522245,49,60,0.3535869555462695,0.3111594198572729,4,4,0.027141337966729878,-0.0424275356889966
63,Damin Village,Kurung Kumey,Damin,Arunachal Pradesh,True,28.1050092,93.3443566,-0.2495229110383979,-0.2731733269846547,49,60,0.3310282699218611,0.2310282648303556,4,4,-0.023650415946256775,-0.10000000509150547
64,Digok,Kurung Kumey,Damin,Arunachal Pradesh,True,28.1272533,93.3496878,-0.2657118183671154,-0.2540666826163172,49,60,0.3498470534273197,0.1963181331074145,4,4,0.011645135750798175,-0.1535289203199052
65,Fuba,Kurung Kumey,Damin,Arunachal Pradesh,True,28.1198537,93.3376816,-0.2946788569751516,-0.2577136334669405,49,60,0.4310930607163852,0.1765162548376038,4,4,0.03696522350821113,-0.2545768058787814
66,Huri,Kurung Kumey,Damin,Arunachal Pradesh,True,28.1095105,93.3045975,-0.2718530814976503,-0.2327977944748027,49,60,0.3779439510039563,0.2691537181657638,4,4,0.03905528702284761,-0.1087902328381925
67,Katuk,Kurung Kumey,Damin,Arunachal Pradesh,True,28.1189094,93.2501395,-0.2639251515045057,-0.225960843333231,49,60,0.4039961216987762,0.2947151544874749,4,4,0.03796430817127469,-0.10928096721130132
68,Kopila,Kurung Kumey,Damin,Arunachal Pradesh,True,28.1092251,93.3088818,-0.2492285299134043,-0.2222808195792703,49,60,0.3766871474641662,0.2999525131127022,4,4,0.026947710334134012,-0.07673463435146399
69,Machang,Kurung Kumey,Damin,Arunachal Pradesh,True,28.0962492,93.3005705,-0.2729396271262213,-0.2643875681942141,49,60,0.3777469133688544,0.2891778919666035,4,4,0.008552058932007167,-0.08856902140225092
70,Nisuk,Kurung Kumey,Damin,Arunachal Pradesh,True,28.1081822,93.414929,-0.3002374099846522,-0.2456873007924984,49,60,0.3866759134450314,0.2013429494101252,4,4,0.054550109192153806,-0.18533296403490618
71,Pipa,Kurung Kumey,Damin,Arunachal Pradesh,True,28.0735847,93.283149,-0.2493787959966248,-0.2476628149743776,49,60,0.4006845903502335,0.2456513222827351,4,4,0.0017159810222472094,-0.15503326806749843
72,Ramu,Kurung Kumey,Damin,Arunachal Pradesh,True,28.1084035,93.4191096,-0.3058571747840049,-0.2281970262245825,49,60,0.3769034352008827,0.2320393958314012,4,4,0.07766014855942244,-0.1448640393694815
73,Rane,Kurung Kumey,Damin,Arunachal Pradesh,True,28.1440384,93.3476122,-0.2783264154039929,-0.301485112144449,49,60,0.3404687573534569,0.2228459847226206,4,4,-0.02315869674045612,-0.11762277263083629
74,Rawiok,Kurung Kumey,Damin,Arunachal Pradesh,True,28.137739,93.3249207,-0.2558634123077426,-0.2685709822531695,49,60,0.3974014622335499,0.2360107031994843,4,4,-0.012707569945426878,-0.16139075903406558
75,Ruba,Kurung Kumey,Damin,Arunachal Pradesh,True,28.1221707,93.2334312,-0.2789138562999902,-0.2696600057806445,49,60,0.3986414197027551,0.2423357428912331,4,4,0.009253850519345741,-0.15630567681152197
76,Senamriang,Kurung Kumey,Damin,Arunachal Pradesh,True,28.1320477,93.3191302,-0.2707960836494038,-0.2661765849147731,49,60,0.3923715083625729,0.2089022323738929,4,4,0.004619498734630689,-0.18346927598868
77,Sibia,Kurung Kumey,Damin,Arunachal Pradesh,True,28.1070207,93.3012679,-0.2772284296923675,-0.2490807044091809,49,60,0.3906618517153255,0.2780811962680901,4,4,0.028147725283186598,-0.11258065544723544
78,Tarba,Kurung Kumey,Damin,Arunachal Pradesh,True,28.1607522,93.4195471,-0.2901059013669821,-0.2853687465096028,49,60,0.4531018090663798,0.1232620913564689,4,4,0.0047371548573793,-0.32983971770991094
79,Tokriang,Kurung Kumey,Damin,Arunachal Pradesh,True,28.1110736,93.3311986,-0.2670570289069653,-0.2533267213448218,49,60,0.3956360517283984,0.2141067477651929,4,4,0.013730307562143496,-0.1815293039632055
80,Yaso,Kurung Kumey,Damin,Arunachal Pradesh,True,28.1002726,93.3473375,-0.2642527512005974,-0.2773939528615005,49,60,0.3690823130268144,0.2153921006982928,4,4,-0.013141201660903101,-0.1536902123285216
81,Buhan,Kurung Kumey,Koloriang,Arunachal Pradesh,True,27.8895447,93.283152,-0.2739870490840717,-0.3068955457234833,49,61,0.2779555677428958,0.3551237349166913,4,4,-0.032908496639411644,0.07716816717379549
82,Buyang,Kurung Kumey,Koloriang,Arunachal Pradesh,True,27.9419935,93.286116,-0.279253373974743,-0.2504079547789687,98,121,0.3214055517315864,0.3117527675628662,4,4,0.02884541919577427,-0.00965278416872023
83,Buyang-II,Kurung Kumey,Koloriang,Arunachal Pradesh,True,27.9419935,93.286116,-0.279253373974743,-0.2504079547789687,98,121,0.3214055517315864,0.3117527675628662,4,4,0.02884541919577427,-0.00965278416872023
84,Chello,Kurung Kumey,Koloriang,Arunachal Pradesh,True,27.8849215,93.291646,-0.2535542273581768,-0.2480045513204815,49,61,0.3494506057570962,0.3939705828450761,4,4,0.005549676037695295,0.04451997708797989
85,Chimpu,Kurung Kumey,Koloriang,Arunachal Pradesh,True,27.9522411,93.2566277,-0.2846069917358205,-0.2701880562860881,98,121,0.3370155055789589,0.4555647787395637,4,4,0.014418935449732384,0.11854927316060482
86,Chomi,Kurung Kumey,Koloriang,Arunachal Pradesh,True,27.955673,93.2595487,-0.2943611894526293,-0.2688525874207804,98,121,0.3470172069048907,0.3786792397234468,4,4,0.025508602031848904,0.03166203281855612
87,Chote,Kurung Kumey,Koloriang,Arunachal Pradesh,True,27.9524396,93.2616596,-0.2866925336104576,-0.2664200767274505,98,121,0.3604297795322503,0.4803314494283011,4,4,0.020272456883007106,0.11990166989605078
88,Kiodhriang,Kurung Kumey,Koloriang,Arunachal Pradesh,True,27.8581693,93.2541827,-0.2610925811886007,-0.2677446725107071,49,61,0.4059671904908585,0.3201300876712368,4,4,-0.006652091322106424,-0.0858371028196217
89,Nangram,Kurung Kumey,Koloriang,Arunachal Pradesh,True,27.9071735,93.4387839,-0.2680032608683707,-0.2261800702097985,25,30,0.3505685643574333,0.2604598663954963,4,4,0.04182319065857218,-0.09010869796193699
90,Nyolo,Kurung Kumey,Koloriang,Arunachal Pradesh,True,27.9012651,93.3076219,-0.2821413498401846,-0.2681740479214286,49,61,0.3845540592436541,0.4004264146986614,4,4,0.013967301918755948,0.015872355455007314
91,Pakba,Kurung Kumey,Koloriang,Arunachal Pradesh,True,27.8903622,93.3997806,-0.2820361110453345,-0.2603955298948192,39,35,0.3529800218297426,0.3343285222627742,4,4,0.021640581150515315,-0.018651499566968377
92,Papu,Kurung Kumey,Koloriang,Arunachal Pradesh,True,27.9111524,93.3917445,-0.2560703667704415,-0.2419119877879332,49,57,0.4210777807897991,0.3719194373488426,4,4,0.014158378982508268,-0.04915834344095654
93,Rengchi,Kurung Kumey,Koloriang,Arunachal Pradesh,True,27.8914093,93.4267781,-0.2617095949180829,-0.2381202542297689,25,30,0.2829542921538337,0.2588684495741973,4,4,0.023589340688313976,-0.02408584257963642
94,Tate,Kurung Kumey,Koloriang,Arunachal Pradesh,True,27.9539309,93.2699171,-0.3110107152020048,-0.2844881407546675,98,121,0.4195953464825243,0.4435670728694044,4,4,0.0265225744473373,0.02397172638688011
95,Yumlam,Kurung Kumey,Koloriang,Arunachal Pradesh,True,27.8897958,93.4560068,-0.2470274930302098,-0.2442840577572534,25,30,0.40909999344084,0.27568332966831,4,4,0.002743435272956396,-0.13341666377253003
96,Cheba,Kurung Kumey,Parsi-Parlo,Arunachal Pradesh,True,28.0204954,93.4801015,-0.244505705712648,-0.2248234514166438,50,60,0.3840050454431051,0.3630577381282644,4,4,0.019682254296004204,-0.02094730731484068
97,Dape,Kurung Kumey,Parsi-Parlo,Arunachal Pradesh,True,28.0305059,93.4762607,-0.2872536408492523,-0.2341421963177576,25,30,0.355674381113483,0.3083182808104271,4,4,0.05311144453149472,-0.04735610030305587
98,Dare,Kurung Kumey,Parsi-Parlo,Arunachal Pradesh,True,28.040746,93.4566336,-0.2530614633701173,-0.2238980211377063,25,30,0.3853989912063948,0.3513420767350388,4,4,0.02916344223241102,-0.034056914471356003
99,Geyang,Kurung Kumey,Parsi-Parlo,Arunachal Pradesh,True,28.032302,93.4718342,-0.2725685481281262,-0.1994239474278522,25,30,0.3582578289095455,0.3221672199649832,4,4,0.07314460070027401,-0.036090608944562286
100,Gonang,Kurung Kumey,Parsi-Parlo,Arunachal Pradesh,True,27.9884834,93.5169908,-0.200440786805615,-0.2078192777441898,50,60,0.3130674133809765,0.3274297790915778,4,4,-0.007378490938574789,0.014362365710601288
101,Nyokuriang,Kurung Kumey,Parsi-Parlo,Arunachal Pradesh,True,28.0062351,93.5622034,-0.2095806369161353,-0.2099456223566355,50,60,0.3953500031762653,0.3136055552959442,4,4,-0.000364985440500204,-0.08174444788032109
102,Pachang,Kurung Kumey,Parsi-Parlo,Arunachal Pradesh,True,28.0250521,93.4720132,-0.2301862453413153,-0.1882314305856593,50,60,0.3887541687594637,0.3271996687198507,4,4,0.04195481475565599,-0.06155450003961305
103,Pado I,Kurung Kumey,Parsi-Parlo,Arunachal Pradesh,True,27.9756026,93.5757879,-0.2435206521045208,-0.2681890386379147,50,60,0.3720418906744632,0.289994406833329,4,4,-0.0246683865333939,-0.0820474838411342
104,Pagam,Kurung Kumey,Parsi-Parlo,Arunachal Pradesh,True,28.049312,93.4584998,-0.3158282044089014,-0.2370239873145267,25,30,0.3338535909494643,0.3598342521085265,4,4,0.07880421709437471,0.02598066115906217
105,Pape,Kurung Kumey,Parsi-Parlo,Arunachal Pradesh,True,28.0129617,93.4902587,-0.2580965191306212,-0.2334909728496681,50,60,0.3556437249420485,0.3803079917150386,4,4,0.0246055462809531,0.024664266772990107
106,Pariang,Kurung Kumey,Parsi-Parlo,Arunachal Pradesh,True,28.0328165,93.4803814,-0.3154115146903462,-0.2432223709993692,25,30,0.3529040419426563,0.2571689095828937,4,4,0.07218914369097698,-0.09573513235976261
107,Passik,Kurung Kumey,Parsi-Parlo,Arunachal Pradesh,True,28.0360017,93.4705453,-0.3089771685145402,-0.2238472384618316,25,30,0.3507488811334682,0.3165033366738554,4,4,0.08512993005270861,-0.03424554445961281
108,Pilop,Kurung Kumey,Parsi-Parlo,Arunachal Pradesh,True,28.004125,93.5674707,-0.2355300877317119,-0.21964007907779,50,60,0.3668580306398922,0.3034756790458886,4,4,0.0158900086539219,-0.06338235159400357
109,Rashik,Kurung Kumey,Parsi-Parlo,Arunachal Pradesh,True,28.0080613,93.5508476,-0.2803804591920462,-0.2798287439729284,50,60,0.3953216701207797,0.3462358909253342,4,4,0.0005517152191177876,-0.04908577919544549
110,Yarba-I,Kurung Kumey,Parsi-Parlo,Arunachal Pradesh,True,27.96349,93.5654022,-0.2524356765232599,-0.261892107657375,50,60,0.3596317926184547,0.2772757464139036,4,4,-0.009456431134115095,-0.08235604620455106
111,Bala,Kurung Kumey,Sarli,Arunachal Pradesh,True,27.9431025,93.1252507,-0.2720646219284013,-0.2570357759960593,98,121,0.3465100174751112,0.3631423843384319,4,4,0.015028845932341994,0.016632366863320702
112,Chaching,Kurung Kumey,Sarli,Arunachal Pradesh,True,27.9375989,93.2339474,-0.2897243740231963,-0.2632253455458361,98,121,0.4138081963865826,0.3466463423356778,4,4,0.026499028477360187,-0.0671618540509048
113,Chulu,Kurung Kumey,Sarli,Arunachal Pradesh,True,27.8792111,93.0545229,-0.2645435668376306,-0.2805245898925819,98,120,0.3891010012862156,0.3706465051256194,4,4,-0.015981023054951304,-0.01845449616059619
114,Gane,Kurung Kumey,Sarli,Arunachal Pradesh,True,27.9643147,93.0391329,-0.2381267265996641,-0.238037423111569,196,237,0.3919966248344918,0.2129302594404252,4,4,8.930348809510491e-05,-0.17906636539406662
115,Haraiho,Kurung Kumey,Sarli,Arunachal Pradesh,True,27.9804475,93.1383943,-0.289861767780243,-0.2956799927553541,98,121,0.3918100548856084,0.3570418956226476,4,4,-0.0058182249751111415,-0.034768159262960785
116,Kapu,Kurung Kumey,Sarli,Arunachal Pradesh,True,27.8879985,93.075251,-0.2454225430251127,-0.2388880808530475,98,120,0.3086338178541465,0.2889921559398412,4,4,0.006534462172065214,-0.01964166191430533
117,Koropu,Kurung Kumey,Sarli,Arunachal Pradesh,True,27.9899045,93.2023371,-0.3062958207847183,-0.2602004095551576,98,121,0.3953492235384073,0.2874528827133305,4,4,0.04609541122956068,-0.10789634082507676
118,Machane,Kurung Kumey,Sarli,Arunachal Pradesh,True,27.9220981,93.0770012,-0.2980959326613911,-0.2990369115592729,98,120,0.3580168502719215,0.3105730354451061,4,4,-0.0009409788978818057,-0.04744381482681537
119,Malo,Kurung Kumey,Sarli,Arunachal Pradesh,True,27.9563848,93.1153543,-0.2687036085165587,-0.2830046021514044,98,121,0.3714571563272896,0.3286950376552551,4,4,-0.01430099363484566,-0.0427621186720345
120,Milli,Kurung Kumey,Sarli,Arunachal Pradesh,True,27.9506354,93.0574678,-0.2851666157495887,-0.2439948643060855,196,237,0.3912083305584059,0.2425694451729457,4,4,0.041171751443503185,-0.14863888538546022
121,Namjo,Kurung Kumey,Sarli,Arunachal Pradesh,True,27.942996,93.1849686,-0.3024203339366235,-0.2804252881228196,98,121,0.4064365890291002,0.2712065086487835,4,4,0.021995045813803904,-0.1352300803803167
122,New Sarli,Kurung Kumey,Sarli,Arunachal Pradesh,True,27.9582217,93.1705235,-0.2945478364340835,-0.3124083849411981,98,121,0.3900613751195902,0.3924721021737371,4,4,-0.017860548507114604,0.0024107270541469106
123,Riya,Kurung Kumey,Sarli,Arunachal Pradesh,True,27.8776779,93.0467319,-0.274216634608766,-0.2761288251849347,98,120,0.370128058610621,0.305097439838677,4,4,-0.0019121905761687041,-0.065030618771944
124,Sape,Kurung Kumey,Sarli,Arunachal Pradesh,True,27.9549291,93.1321419,-0.2666312224460921,-0.2759391725740843,98,121,0.366155546175109,0.3658749994304445,4,4,-0.009307950127992182,-0.00028054674466448937
125,Sarli,Kurung Kumey,Sarli,Arunachal Pradesh,True,27.9525582,93.163373,-0.2491925847516284,-0.2699685573757717,98,121,0.4261982095535231,0.4459378526766115,4,4,-0.020775972624143296,0.019739643123088402
126,Sate,Kurung Kumey,Sarli,Arunachal Pradesh,True,27.9537376,93.1572444,-0.2594279602919648,-0.2732316584286332,98,121,0.4154765890327717,0.4543673321687789,4,4,-0.013803698136668374,0.03889074313600721
127,Wabia,Kurung Kumey,Sarli,Arunachal Pradesh,True,27.9413919,93.1360402,-0.2729330017174943,-0.2547858035585771,98,121,0.3506975437048823,0.3720396108526204,4,4,0.018147198158917188,0.021342067147738064
128,Walu,Kurung Kumey,Sarli,Arunachal Pradesh,True,27.9413919,93.1360402,-0.2729330017174943,-0.2547858035585771,98,121,0.3506975437048823,0.3720396108526204,4,4,0.018147198158917188,0.021342067147738064
129,Waru,Kurung Kumey,Sarli,Arunachal Pradesh,True,27.8852647,93.0448126,-0.2860828604382245,-0.2559142932524794,98,120,0.3559476067389931,0.3722185084519445,4,4,0.03016856718574512,0.01627090171295137
130,Chanli,Lower Dibang,Hunli-Desali,Arunachal Pradesh,True,28.2923493,96.0296242,-0.2185561591237774,-0.228705563194612,86,83,0.3704739508369809,0.2585227187152977,4,4,-0.010149404070834589,-0.11195123212168323
131,Broxer,Tawang,Jang-Thingbu,Arunachal Pradesh,True,27.622647,91.9631993,-0.185192079159141,-0.2527018439387017,24,30,0.4303194447689586,0.3202222140961223,4,4,-0.06750976477956072,-0.11009723067283633
132,Luguthang,Tawang,Jang-Thingbu,Arunachal Pradesh,True,27.5948234,92.1857466,-0.1763408159053292,-0.1901906140818443,24,29,0.3211934394561327,0.2454524842592386,4,4,-0.013849798176515077,-0.07574095519689411
133,Mago,Tawang,Jang-Thingbu,Arunachal Pradesh,True,27.6883395,92.2081099,-0.2248700436281669,-0.2472000928221422,24,29,0.3468083338936169,0.3161027759313583,4,4,-0.0223300491939753,-0.0307055579622586
134,Namazing,Tawang,Jang-Thingbu,Arunachal Pradesh,True,27.5506261,91.9768197,-0.2095335434183241,-0.2298602278233645,24,30,0.385983743575389,0.3306306021229568,4,4,-0.0203266844050404,-0.0553531414524322
135,Rho,Tawang,Jang-Thingbu,Arunachal Pradesh,True,27.6141065,91.987227,-0.2424392569044748,-0.241946203672398,48,59,0.3554208388961145,0.3437402504875242,4,4,0.0004930532320767955,-0.011680588408590264
136,Kitpi,Tawang,Kitpi,Arunachal Pradesh,True,27.5731189,91.90284,-0.2470146237267277,-0.2442043582337215,24,30,0.7674832500384322,0.8910295632002608,4,4,0.0028102654930061977,0.12354631316182862
137,Kitpi II,Tawang,Kitpi,Arunachal Pradesh,True,27.5731189,91.90284,-0.2470146237267277,-0.2442043582337215,24,30,0.7674832500384322,0.8910295632002608,4,4,0.0028102654930061977,0.12354631316182862
138,Famla,Tawang,Tawang,Arunachal Pradesh,True,27.5612427,91.8523298,-0.2373099942768488,-0.2583949496586039,24,30,0.5054386891382752,0.6432902140477914,4,4,-0.02108495538175509,0.13785152490951624
139,Gyangong Ani Gompa,Tawang,Tawang,Arunachal Pradesh,True,27.6003059,91.8525209,-0.1982061657577514,-0.3025976993875424,24,30,0.4707505576911249,0.3747042411871786,4,4,-0.10439153362979098,-0.0960463165039463
140,Jangda,Tawang,Tawang,Arunachal Pradesh,True,27.5942319,91.9742379,-0.2346466583690067,-0.238259627493154,24,30,0.4276523754236122,0.3817155677362704,4,4,-0.003612969124147297,-0.04593680768734176
141,Mandrelling,Tawang,Tawang,Arunachal Pradesh,True,27.5952914,91.8697249,-0.1111895835320829,-0.1103629463735509,24,30,1.1382530873593395,2.616215016513496,4,4,0.0008266371585319982,1.4779619291541564
142,Sakpret,Tawang,Tawang,Arunachal Pradesh,True,27.57568,91.79901,-0.2462435329384672,-0.2841532916596281,24,30,0.4025028152978634,0.308291103187445,4,4,-0.0379097587211609,-0.0942117121104184
143,Shyro,Tawang,Tawang,Arunachal Pradesh,True,27.5744459,91.9464757,-0.254674460941439,-0.2752112095157553,24,30,0.465676511681425,0.6624443152699545,4,4,-0.02053674857431631,0.19676780358852952
144,Singsore Ani Gompa,Tawang,Tawang,Arunachal Pradesh,True,27.5952914,91.8697249,-0.1111895835320829,-0.1103629463735509,24,30,1.1382530873593395,2.616215016513496,4,4,0.0008266371585319982,1.4779619291541564
145,Tawang Gompa,Tawang,Tawang,Arunachal Pradesh,True,27.5866091,91.8573902,-0.2102368654246078,-0.1937433025322821,24,30,0.6519112744634704,0.7883258945574718,4,4,0.016493562892325675,0.1364146200940014
146,Thongleng,Tawang,Tawang,Arunachal Pradesh,True,27.57294,91.79215,-0.238385536347482,-0.3176967147794408,24,30,0.4080839021270778,0.3319019341414748,4,4,-0.07931117843195878,-0.076181967985603
147,Brokenthang,Tawang,Zemithang-Dudunghar,Arunachal Pradesh,True,27.7352592,91.724121,-0.2472612270766575,-0.2817784949276244,24,30,0.3906411687823597,0.3306777340488842,4,4,-0.0345172678509669,-0.05996343473347554
148,Gorsam,Tawang,Zemithang-Dudunghar,Arunachal Pradesh,True,27.6973252,91.7142454,-0.2033768928861319,-0.2388825054573524,24,30,0.459007236199066,2.25861235607718,4,4,-0.03550561257122051,1.799605119878114
149,Kharman,Tawang,Zemithang-Dudunghar,Arunachal Pradesh,True,27.691851,91.7463062,-0.2079489623030737,-0.2688202097870728,24,30,0.4359535889604213,0.3098797524635424,4,4,-0.06087124748399908,-0.12607383649687892
150,Lumpo,Tawang,Zemithang-Dudunghar,Arunachal Pradesh,True,27.7204821,91.7144005,-0.263471512359136,-0.3012982152007754,24,30,0.4066414937743671,0.4355424926918358,4,4,-0.03782670284163936,0.028900998917468723
151,Maling,Tawang,Zemithang-Dudunghar,Arunachal Pradesh,True,27.6350823,92.0693622,-0.289552423367962,-0.2807254313238385,48,59,0.3314643618391457,0.2905233875746716,4,4,0.008826992044123516,-0.04094097426447407
152,Muktur,Tawang,Zemithang-Dudunghar,Arunachal Pradesh,True,27.5800562,91.6627629,-0.2426375560023411,-0.2597698999790633,24,30,0.43266721812379,0.3469593091021679,4,4,-0.017132343976722197,-0.08570790902162212
153,Ramyang,Tawang,Zemithang-Dudunghar,Arunachal Pradesh,True,27.514701,91.6549664,-0.222300355852108,-0.2738575323766516,24,30,0.4197701747307863,0.2995123323971915,4,4,-0.05155717652454361,-0.12025784233359482
154,Shakti,Tawang,Zemithang-Dudunghar,Arunachal Pradesh,True,27.61139,91.71387,-0.2575184746674169,-0.2626618180609451,24,30,0.3880957657417369,0.2780150393302031,4,4,-0.005143343393528177,-0.11008072641153377
155,Shoktsen,Tawang,Zemithang-Dudunghar,Arunachal Pradesh,True,27.7416556,91.7318533,-0.2709716419490574,-0.26580456922747,24,30,0.3772250004609426,0.3194972159465154,4,4,0.005167072721587396,-0.05772778451442717
156,Sirdi,Tawang,Zemithang-Dudunghar,Arunachal Pradesh,True,27.6466524,91.7230296,-0.2256970927509111,-0.2502320400332377,24,30,0.3810212085954845,0.3041517878217357,4,4,-0.02453494728232658,-0.07686942077374881
157,Bishing,Upper Siang,Singa-Gelling,Arunachal Pradesh,True,29.1107736,95.0268102,-0.3099695296338258,-0.2502253155535534,25,31,0.3785300560975925,0.2564114711531552,4,4,0.05974421408027242,-0.12211858494443728
158,Bona,Upper Siang,Singa-Gelling,Arunachal Pradesh,True,29.0974164,94.9475348,-0.3281241430803523,-0.3048509864300485,25,31,0.3705430055794931,0.2997216138056384,4,4,0.023273156650303828,-0.07082139177385471
159,Mankota,Upper Siang,Singa-Gelling,Arunachal Pradesh,True,28.8878329,95.0759463,-0.2790651157890152,-0.2704051839147016,104,123,0.2101929600223464,0.3016135374071613,4,4,0.008659931874313631,0.0914205773848149
160,Mayum,Upper Siang,Singa-Gelling,Arunachal Pradesh,True,29.0924208,94.9597907,-0.3012780907445399,-0.2955827963367998,25,31,0.2898435756220644,0.2848161393868543,4,4,0.005695294407740081,-0.005027436235210125
161,Tashi Gaon,Upper Siang,Singa-Gelling,Arunachal Pradesh,True,28.8743385,95.1028336,-0.3014288711551826,-0.3080268451683291,104,123,0.1120731033734046,0.1889536823811275,4,4,-0.006597974013146546,0.0768805790077229
162,Jido,Upper Siang,Tuting,Arunachal Pradesh,True,28.9820594,94.904882,-0.2299745521624265,-0.2093119374577437,25,31,0.3402375785356068,0.5107872882271339,4,4,0.02066261470468278,0.1705497096915271
163,Lali,Upper Siang,Tuting,Arunachal Pradesh,True,29.0003932,94.8912175,-0.1872954124346116,-0.1767656093399783,25,31,0.3625192072009413,0.4764654273913538,4,4,0.010529803094633278,0.1139462201904125
164,Ngaming,Upper Siang,Tuting,Arunachal Pradesh,True,28.9686342,94.9381419,-0.2521236393223474,-0.2228525638544452,25,31,0.237024466771305,0.2615405986452262,4,4,0.02927107546790217,0.02451613187392121
165,Nyering,Upper Siang,Tuting,Arunachal Pradesh,True,28.9360701,95.0104597,-0.3206596731152364,-0.2919808416940024,26,31,0.1855833273960484,0.218999999049637,4,4,0.028678831421234008,0.03341667165358858
166,Pango,Upper Siang,Tuting,Arunachal Pradesh,True,28.8870297,94.7578559,-0.2673373841756246,-0.2184037746696158,52,61,0.4220027501111502,0.2102884538226074,4,4,0.04893360950600878,-0.21171429628854277
167,Pekong,Upper Siang,Tuting,Arunachal Pradesh,True,28.9878787,94.8919255,-0.1826353243500216,-0.1714506773974183,25,31,0.3113276014174697,0.7041823590409729,4,4,0.011184646952603322,0.39285475762350325
168,Pekong,Upper Siang,Tuting,Arunachal Pradesh,True,28.9878787,94.8919255,-0.1826353243500216,-0.1714506773974183,25,31,0.3113276014174697,0.7041823590409729,4,4,0.011184646952603322,0.39285475762350325
169,Pokbir,Upper Siang,Tuting,Arunachal Pradesh,True,28.963981,94.9375517,-0.2381900440281727,-0.2176772010343884,25,31,0.1984350912608985,0.2747167189522545,4,4,0.020512842993784308,0.07628162769135602
170,Rishing,Upper Siang,Tuting,Arunachal Pradesh,True,28.9984023,94.8852907,-0.1591169550986722,-0.1494250022038095,25,31,0.3043103490575933,0.4818159203905947,4,4,0.009691952894862715,0.17750557133300138
171,Tenggo,Upper Siang,Tuting,Arunachal Pradesh,True,29.0668244,94.478654,-0.264907054654695,-0.301767363193778,25,31,0.4186147929685269,0.2291473418178148,4,4,-0.03686030853908301,-0.1894674511507121
172,Dadu,Upper Subansiri,Limeking,Arunachal Pradesh,True,28.3625828,93.5395735,-0.2441969553929839,-0.2215951590384405,25,30,0.3846961369501293,0.1403176784762361,4,4,0.022601796354543402,-0.24437845847389317
173,Gumsing,Upper Subansiri,Limeking,Arunachal Pradesh,True,28.4321817,93.2172532,-0.2955743480612522,-0.3003399760917148,49,60,0.3683591099075191,0.2461049774733696,4,4,-0.004765628030462599,-0.12225413243414948
174,Lingbing,Upper Subansiri,Limeking,Arunachal Pradesh,True,28.4367283,93.2151175,-0.2928582995310144,-0.283833973909853,49,60,0.3932008811048588,0.2954359909490771,4,4,0.0090243256211614,-0.09776489015578171
175,Redding,Upper Subansiri,Limeking,Arunachal Pradesh,True,28.4851077,93.4621565,-0.2590413442412375,-0.3039979376511564,49,61,0.3899696068539804,0.2817762392001916,4,4,-0.04495659340991892,-0.10819336765378879
176,Redding Camp,Upper Subansiri,Limeking,Arunachal Pradesh,True,28.4851077,93.4621565,-0.2590413442412375,-0.3039979376511564,49,61,0.3899696068539804,0.2817762392001916,4,4,-0.04495659340991892,-0.10819336765378879
177,Taying,Upper Subansiri,Limeking,Arunachal Pradesh,True,28.4321817,93.2172532,-0.2955743480612522,-0.3003399760917148,49,60,0.3683591099075191,0.2461049774733696,4,4,-0.004765628030462599,-0.12225413243414948
178,Yaja,Upper Subansiri,Limeking,Arunachal Pradesh,True,28.4354329,93.2468461,-0.2622736517182615,-0.2889094837903238,49,60,0.4048773705161933,0.2808500577009375,4,4,-0.02663583207206227,-0.12402731281525581
179,Chokar,Upper Subansiri,Nacho,Arunachal Pradesh,True,28.4279157,93.8094041,-0.2998144837719811,-0.2512787410536144,25,30,0.3750000028146638,0.1855027779108947,4,4,0.04853574271836669,-0.18949722490376908
180,Jerigaon,West Kameng,Nafra,Arunachal Pradesh,True,27.3403204,92.4726477,-0.1920443106336286,-0.2242025056101957,24,29,0.4558677555594061,0.5429743304183441,4,4,-0.032158194976567106,0.08710657485893797
181,Khellong,West Kameng,Nafra,Arunachal Pradesh,True,27.0133852,92.4145185,-0.3024517662834348,-0.2676925113100439,24,30,0.309070552416638,0.3807614830146311,4,4,0.034759254973390885,0.07169093059799309
182,Gatam,Kra daadi,Pipsorang,Arunachal Pradesh,True,28.0979458,93.6001405,-0.2957266492807441,-0.2762334077023996,25,30,0.3726039296790456,0.2791713436332981,4,4,0.019493241578344478,-0.0934325860457475
183,Habak,Kra daadi,Pipsorang,Arunachal Pradesh,True,28.1084846,93.5827385,-0.3082946397972654,-0.2729389570972674,25,30,0.3241340743762821,0.3073743024684864,4,4,0.035355682699998,-0.016759771907795706
184,Hapuk (I),Kra daadi,Pipsorang,Arunachal Pradesh,True,28.0967863,93.5839299,-0.2918609403879261,-0.2976461038308873,25,30,0.3507835331132474,0.2770603135849739,4,4,-0.005785163442961205,-0.07372321952827349
185,Kokso,Kra daadi,Pipsorang,Arunachal Pradesh,True,28.0838152,93.6115937,-0.2823251420276094,-0.264353455720907,25,30,0.2891816623232363,0.292033184499923,4,4,0.017971686306702372,0.002851522176686716
186,Richik,Kra daadi,Pipsorang,Arunachal Pradesh,True,28.064816,93.6543383,-0.2708229325709395,-0.2303892038940233,25,30,0.3556874324510126,0.2929012306143271,4,4,0.04043372867691619,-0.06278620183668548
187,Chungthang,North,Chungthang,Sikkim,True,27.604236,88.6465196,-0.1562212404581437,-0.1480852306478738,24,31,0.6308510039733456,1.2165513032980793,4,4,0.008136009810269906,0.5857002993247337
188,Tung,North,Chungthang,Sikkim,True,27.5475,88.6493,-0.1841731370634743,-0.2185285302745676,24,31,0.3522742477348417,0.2935869548233058,4,4,-0.034355393211093294,-0.05868729291153585
189,Chawang,North,Kabi Tingda,Sikkim,True,27.4415,88.5992,-0.23190962353755,-0.2379542113649093,24,31,0.4446871492343932,0.288821878451371,4,4,-0.006044587827359282,-0.1558652707830222
190,Labi,North,Kabi Tingda,Sikkim,True,27.4373,88.6584,-0.1627508314966589,-0.2361062177529526,24,31,0.3786971040385338,0.2897522269617475,4,4,-0.0733553862562937,-0.08894487707678628
191,Paney-Phensong,North,Kabi Tingda,Sikkim,True,27.4340487,88.6127695,-0.2001843944461213,-0.2302229560412677,24,31,0.4371607333123352,0.3232953249745162,4,4,-0.030038561595146396,-0.113865408337819
192,Phamtam,North,Kabi Tingda,Sikkim,True,27.4557,88.61,-0.2147861873448862,-0.2213937221508176,24,31,0.4824101111527239,0.2882387671912654,4,4,-0.006607534805931403,-0.19417134396145852
193,Phodong,North,Kabi Tingda,Sikkim,True,27.4130306,88.5838702,-0.2160101280792248,-0.2590996844539514,24,31,0.5310151700362045,0.6688695272055734,4,4,-0.043089556374726584,0.1378543571693689
194,Ramthang,North,Kabi Tingda,Sikkim,True,27.4039854,88.550947,-0.2141105627566323,-0.237545537297482,24,31,0.5081123074276992,0.3072291167608502,4,4,-0.023434974540849723,-0.200883190666849
195,Rongong,North,Kabi Tingda,Sikkim,True,27.4092,88.5635,-0.2448533087141399,-0.2658987353486089,24,31,0.4955133935436605,0.3035770142949852,4,4,-0.02104542663446901,-0.1919363792486753
196,Tangyek,North,Kabi Tingda,Sikkim,True,27.4207,88.527,-0.2019219901943723,-0.2123040183880351,24,31,0.4249437559308029,0.3687795401960443,4,4,-0.010382028193662796,-0.056164215734758605
197,Tingchim,North,Kabi Tingda,Sikkim,True,27.4607586,88.5277316,-0.2193765201988484,-0.212038309706238,24,31,0.4896380370848642,0.416335567413891,4,4,0.007338210492610409,-0.0733024696709732
198,Tingda,North,Kabi Tingda,Sikkim,True,27.3957,88.6272,-0.151364883540561,-0.2339227468527559,24,31,0.5061284813135031,0.3367290437554514,4,4,-0.08255786331219492,-0.1693994375580517
199,Tumlong,North,Kabi Tingda,Sikkim,True,27.4198712,88.5898311,-0.218199313490283,-0.260799764863902,24,31,0.4772160297844617,0.3374972149298291,4,4,-0.04260045137361901,-0.1397188148546326
200,Lachen,North,Lachen,Sikkim,True,27.7305455,88.5469054,-0.1531803731773421,-0.2488445230021299,24,31,0.5748744416715843,0.3793191960513858,4,4,-0.0956641498247878,-0.1955552456201985
201,Lachung,North,Lachung,Sikkim,True,27.7794,88.7152648,-0.1235716275312296,-0.316829477582814,24,31,0.4371599673959058,0.2741694481609391,4,4,-0.19325785005158438,-0.1629905192349667
202,Barfok,North,Passingdang,Sikkim,True,27.4977,88.491,-0.2450196417148689,-0.2619555101364135,24,31,0.4505300491440052,0.2372023793710332,4,4,-0.016935868421544598,-0.213327669772972
203,Gor,North,Passingdang,Sikkim,True,27.4302826,88.4984203,-0.2238296663641864,-0.2221188008106836,24,31,0.3847827294811977,0.2961399582452214,4,4,0.001710865553502805,-0.0886427712359763
204,Hee-Gyathang,North,Passingdang,Sikkim,True,27.4816,88.4991,-0.2262419344833462,-0.2310918416361116,24,31,0.4810251492028795,0.3255251434262238,4,4,-0.004849907152765398,-0.15550000577665568
205,Lingdem,North,Passingdang,Sikkim,True,27.5494817,88.4569319,-0.1942141994596004,-0.2263338709508971,24,31,0.3334882375841578,0.2748852105850869,4,4,-0.032119671491296714,-0.058603026999070884
206,Lingdong,North,Passingdang,Sikkim,True,27.5073091,88.5194632,-0.2287223590441839,-0.2449311617207275,24,31,0.4314475077000483,0.3664446953457043,4,4,-0.01620880267654362,-0.06500281235434402
207,Lingthem,North,Passingdang,Sikkim,True,27.5224732,88.5014686,-0.2085864904021359,-0.2472342976994474,24,31,0.4570315969649609,0.3188826124568555,4,4,-0.038647807297311515,-0.13814898450810537
208,Lingzah-Tolung,North,Passingdang,Sikkim,True,27.571,88.4466,-0.1721754636606008,-0.1583435340717593,24,31,0.4133351867921344,0.2830660347139399,4,4,0.013831929588841496,-0.1302691520781945
209,Lum,North,Passingdang,Sikkim,True,27.394,88.48,-0.2545870746368931,-0.251865411575625,24,31,0.3942617449984454,0.2872315373863416,4,4,0.0027216630612681425,-0.1070302076121038
210,Namok,North,Passingdang,Sikkim,True,27.4504654,88.5375829,-0.2069565917844956,-0.2331782946071097,24,31,0.3841957250783897,0.3576631135358585,4,4,-0.0262217028226141,-0.026532611542531226
211,Sakyong-Pentong,North,Passingdang,Sikkim,True,27.5797,88.4049,-0.1695966937024533,-0.2488140021637035,24,31,0.3890334421139455,0.2453996632205926,4,4,-0.07921730846125019,-0.14363377889335294
212,Salim Pakel,North,Passingdang,Sikkim,True,27.5379,88.5518,-0.1739420660763628,-0.2639275988316242,24,31,0.4606416624784469,0.3351638817787171,4,4,-0.08998553275526139,-0.1254777806997298
213,Sangtok,North,Passingdang,Sikkim,True,27.4091,88.504,-0.2302362051215175,-0.2440962616957908,24,31,0.3968672612922935,0.2952306081024413,4,4,-0.013860056574273305,-0.10163665318985221
214,Sheyam,North,Passingdang,Sikkim,True,27.4367,88.528,-0.2015742274625935,-0.2186421593968359,24,31,0.4166648125182317,0.3253184342517533,4,4,-0.017067931934242386,-0.0913463782664784
215,Shipgyer,North,Passingdang,Sikkim,True,27.5544461,88.6336147,-0.2104321201699476,-0.270401071495212,24,31,0.4249575707842321,0.295673068191401,4,4,-0.059968951325264364,-0.12928450259283109
216,Tingbong,North,Passingdang,Sikkim,True,27.5524,88.4984,-0.2196588998672562,-0.2582526291453725,24,31,0.4522830836300854,0.2945439254614349,4,4,-0.0385937292781163,-0.15773915816865053
217,Zimchung,North,Passingdang,Sikkim,True,27.4903,88.5321,-0.200192623932663,-0.2124664197324079,24,31,0.4851290734127314,0.483145340056264,4,4,-0.012273795799744913,-0.0019837333564673987
218,Bampa,Chamoli,Joshimath,Uttarakhand,True,30.7436664,79.8297153,-0.040558200045992,-0.0383544059697151,24,30,0.4466109949902727,0.5164439601759458,4,4,0.0022037940762768965,0.06983296518567317
219,Gamsali,Chamoli,Joshimath,Uttarakhand,True,30.7559986,79.8261873,0.0045863794015068,0.0236688771425741,24,30,0.4173837816070866,0.6271081220459293,4,4,0.0190824977410673,0.20972434043884264
220,Gurguti,Chamoli,Joshimath,Uttarakhand,True,30.7738,79.8758,0.0714586266637463,0.0453570916616624,24,30,0.4239824927805288,0.4416520836838487,4,4,-0.026101535002083905,0.017669590903319876
221,Joshimath,Chamoli,Joshimath,Uttarakhand,True,30.5555752,79.5612607,-0.0887682203036204,-0.0983583779642883,24,29,3.650337121247474,9.61591963577682,4,4,-0.009590157660667897,5.965582514529346
222,Kailashpur,Chamoli,Joshimath,Uttarakhand,True,30.7148,79.8639,0.0362449545063189,0.0457535134593475,48,60,0.3858305930829884,0.4977439737699011,4,4,0.0095085589530286,0.1119133806869127
223,Mahargaon,Chamoli,Joshimath,Uttarakhand,True,30.4061118,79.4205814,-0.2099192022220597,-0.2055082929885006,24,29,0.7889836207765047,1.3321202680061426,4,4,0.004410909233559107,0.5431366472296378
224,Malari,Chamoli,Joshimath,Uttarakhand,True,30.6845508,79.8893688,-0.0353022784155901,-0.0154357927255003,48,60,0.4313864679641079,0.7274836150189155,4,4,0.0198664856900898,0.29609714705480755
225,Mana,Chamoli,Joshimath,Uttarakhand,True,30.9671228,79.4109692,0.0428307785372918,0.112834650120594,24,29,0.3644542974489991,0.4969408665933917,4,4,0.07000387158330221,0.1324865691443926
226,Bilju,Pithoragarh,Munsyari,Uttarakhand,True,30.3949398,80.1659059,-0.0509540717147427,-0.0466619641384146,24,29,0.3729972768736923,0.5044755442958812,4,4,0.0042921075763281,0.13147826742218888
227,Burphu,Pithoragarh,Munsyari,Uttarakhand,True,30.3666548,80.1842308,-0.1274855040592835,-0.0993067907804323,24,29,0.363057080954804,0.4590532400867156,4,4,0.0281787132788512,0.09599615913191162
228,Martoli,Pithoragarh,Munsyari,Uttarakhand,True,30.3482498,80.1931552,-0.1079288478943565,-0.0796089315303623,24,29,0.3521522428485414,0.449457833010944,4,4,0.028319916363994196,0.09730559016240259
229,Rilkot,Pithoragarh,Munsyari,Uttarakhand,True,30.3104468,80.2080315,-0.1355870103652344,-0.1653894493113268,24,29,0.3494602001415345,0.4765948789070321,4,4,-0.029802438946092386,0.1271346787654976
230,Tola,Pithoragarh,Munsyari,Uttarakhand,True,30.3356863,80.2121168,-0.1924183754787415,-0.1597774834468472,24,29,0.3532472845652829,0.4128994565619074,4,4,0.0326408920318943,0.05965217199662448
231,Baling,Pithoragarh,Dharchula or Kanalichhina (unresolved),Uttarakhand,True,30.2092254,80.5479905,-0.2991348105396518,-0.2791062694879366,24,29,0.376882443674724,0.4988867814530531,4,4,0.0200285410517152,0.12200433777832909
232,Dar,Pithoragarh,Dharchula or Kanalichhina (unresolved),Uttarakhand,True,30.069216,80.602947,-0.2271106589093042,-0.2406701263687057,24,31,0.3673076917836953,0.4001043890858745,4,4,-0.01355946745940148,0.032796697302179156
233,Dugtu,Pithoragarh,Dharchula or Kanalichhina (unresolved),Uttarakhand,True,30.21,80.5679,-0.1632325889021531,-0.1659307337402583,24,29,0.323649837438152,0.4381037383584631,4,4,-0.0026981448381052098,0.1144539009203111
234,Garbyang,Pithoragarh,Dharchula or Kanalichhina (unresolved),Uttarakhand,True,30.1251387,80.8575277,-0.1532000654496751,-0.1651867324769372,49,59,0.35387132530514,0.4628571324546048,4,4,-0.011986667027262088,0.10898580714946482
235,Gunji,Pithoragarh,Dharchula or Kanalichhina (unresolved),Uttarakhand,True,30.1865763,80.8508108,-0.1180479621401545,-0.1091872606291237,49,58,0.34366923244211,0.4816976993916982,4,4,0.0088607015110308,0.1380284669495882
236,Kuti,Pithoragarh,Dharchula or Kanalichhina (unresolved),Uttarakhand,True,30.3078792,80.7599224,-0.098640776351316,-0.0951920547907884,24,29,0.3790512491858512,0.5965648820642037,4,4,0.0034487215605275984,0.21751363287835246
237,Navi,Pithoragarh,Dharchula or Kanalichhina (unresolved),Uttarakhand,True,30.2049725,80.8373063,-0.0862193121751693,-0.0539836783360345,24,36,0.3406875660054886,0.493712869414402,4,4,0.0322356338391348,0.1530253034089134
238,Rongkong (Raung Kong),Pithoragarh,Dharchula or Kanalichhina (unresolved),Uttarakhand,True,30.2033451,80.8316381,-0.1789569355722637,-0.147244077956554,24,31,0.3122464205162002,0.4815628467150271,4,4,0.03171285761570969,0.16931642619882686
239,Sela,Pithoragarh,Dharchula or Kanalichhina (unresolved),Uttarakhand,True,30.1472581,80.6056591,-0.2321279838945283,-0.2190905514601642,24,31,0.3572777134461408,0.4952112952846335,4,4,0.013037432434364088,0.1379335818384927
240,Tidang,Pithoragarh,Dharchula or Kanalichhina (unresolved),Uttarakhand,True,30.246,80.5487,-0.2334181806040653,-0.2130889087131668,24,29,0.376171269502429,0.4319033099472192,4,4,0.020329271890898504,0.05573204044479019
241,Amali,Pithoragarh,Dharchula or Kanalichhina (unresolved),Uttarakhand,True,29.7039,80.3278,-0.232366989912705,-0.2291055026873583,24,29,0.339110255924635,0.3902674695745306,4,4,0.003261487225346693,0.051157213649895616
242,Bagori,Uttarkashi,Bhatwari,Uttarakhand,True,30.7702443,78.4746317,-0.2392111328647426,-0.1880100800312073,44,53,0.4264192865315908,0.5492443047455821,4,4,0.05120105283353529,0.12282501821399128
243,Dharali,Uttarkashi,Bhatwari,Uttarakhand,True,31.0408468,78.7815312,-0.1693724982944316,-0.1259267278232468,48,60,0.502179085083121,1.7718446798694945,4,4,0.04344577047118481,1.2696655947863733
244,Harshil,Uttarkashi,Bhatwari,Uttarakhand,True,31.0350501,78.7572289,-0.1748603772100329,-0.1604280614866765,48,60,0.5368971869878799,1.0230005526568329,4,4,0.014432315723356404,0.48610336566895296
245,Jadung,Uttarkashi,Bhatwari,Uttarakhand,True,31.1648,79.0397,0.0521209002310521,0.055900737828575,48,60,0.3517768843840526,0.415932792264928,4,4,0.0037798375975229004,0.06415590788087544
246,Jaspur,Uttarkashi,Bhatwari,Uttarakhand,True,30.727214,78.4636435,-0.2393858587999954,-0.2558427058892374,44,53,0.9304107352520002,1.5944769916503088,4,4,-0.016456847089242,0.6640662563983085
247,Jhala,Uttarkashi,Bhatwari,Uttarakhand,True,31.0248573,78.7101354,-0.1745351325816256,-0.1773130119062683,48,60,0.4302945947969281,0.7343108226157524,4,4,-0.0027778793246427125,0.3040162278188243
248,Mukhawa,Uttarkashi,Bhatwari,Uttarakhand,True,31.0542,78.7901,-0.080937460034405,-0.0355057069974927,48,60,0.3858109549344163,0.479470991294443,4,4,0.0454317530369123,0.09366003636002668
249,Nelang,Uttarkashi,Bhatwari,Uttarakhand,True,31.121954,79.0304088,0.1049282121298361,0.108773701856734,48,60,0.3876408440255654,0.3825812524796049,4,4,0.0038454897268979105,-0.005059591545960529
250,Purali,Uttarkashi,Bhatwari,Uttarakhand,True,31.0299258,78.7099965,-0.1941299267663329,-0.1871067447595899,48,60,0.4164324330639194,0.5885378340450493,4,4,0.007023182006742984,0.17210540098112992
251,Sukki,Uttarkashi,Bhatwari,Uttarakhand,True,31.014,78.7108,-0.184584053090682,-0.1657464923318321,48,60,0.4175573180075816,0.7189192108191778,4,4,0.018837560758849875,0.30136189281159614
252,Chhitkul,Kinnaur,Unknown,Himachal Pradesh,False,31.3881,78.46219,-0.1546220520685756,0.0547369277978362,24,31,0.3864331835688188,0.4229525881658854,4,4,0.2093589798664118,0.036519404597066596
253,Pooh,Kinnaur,Unknown,Himachal Pradesh,False,31.76159,78.5839324,-0.0813332315804984,-0.0515720955236829,24,31,0.6783537962647868,1.0092609223204971,4,4,0.029761136056815504,0.3309071260557104
254,Nako,Kinnaur,Unknown,Himachal Pradesh,False,31.8813748,78.6270483,0.0063582160805659,-0.0010439264712228,24,31,0.4964522994407887,0.6975964590795299,4,4,-0.0074021425517887,0.20114415963874122
255,Leo,Kinnaur,Unknown,Himachal Pradesh,False,31.8839167,78.5935199,-0.0937367218022467,-0.1066918658849317,24,31,0.4712033062505366,0.6143329727484297,4,4,-0.012955144082685,0.1431296664978931
256,Chango,Kinnaur,Unknown,Himachal Pradesh,False,31.9777573,78.5944015,-0.1888844746641816,-0.2023405960425279,24,31,0.61456069401024,0.7197843507582896,4,4,-0.013456121378346314,0.10522365674804957
257,Gue,Lahaul and Spiti,Unknown,Himachal Pradesh,False,32.1310531,78.5697113,-0.1297981498238785,-0.1414011223434142,24,31,0.3899601845667874,0.5009925783692905,4,4,-0.01160297251953571,0.11103239380250307
258,Lalung,Lahaul and Spiti,Unknown,Himachal Pradesh,False,32.14927,78.27071,0.1015376750123255,0.0624448574959351,48,62,0.3625054023716899,0.37906756578265,4,4,-0.0390928175163904,0.016562163410960118
