village_id,village,district,block,state,is_core_sample,latitude,longitude,ndbi_scl_before,ndbi_scl_after,ndbi_scl_before_image_count,ndbi_scl_after_image_count
1,Metengliang,Anjaw,Chaglagam,Arunachal Pradesh,True,28.2053139,96.5325529,-0.2702947075751725,-0.2766152507648129,24,29
2,Chipra,Anjaw,Chaglagam,Arunachal Pradesh,True,28.2687337,96.564114,-0.2681061377886791,-0.22749023547561953,24,29
3,Mithumna,Anjaw,Chaglagam,Arunachal Pradesh,True,28.2346775,96.535261,-0.24810724684165852,-0.2972632268064179,24,29
4,Pailiang,Anjaw,Chaglagam,Arunachal Pradesh,True,28.1966606,96.5083691,-0.27827348984409267,-0.2796340414041827,24,29
5,Glotong,Anjaw,Hayuliang,Arunachal Pradesh,True,28.2051645,96.6850333,-0.26935956483201834,-0.2638566398240457,24,29
6,Hayuliang,Anjaw,Hayuliang,Arunachal Pradesh,True,28.081317,96.5236674,-0.06322153160064217,-0.07672991649781237,24,29
7,Keletong,Anjaw,Hayuliang,Arunachal Pradesh,True,28.123006,96.6192583,-0.26002764777223775,-0.2510333521372299,24,29
8,Kongra(Metung),Anjaw,Hayuliang,Arunachal Pradesh,True,28.0695862,96.5735857,-0.2508990556139823,-0.2812589023593122,24,29
9,Zapaliang,Anjaw,Hayuliang,Arunachal Pradesh,True,28.009235,96.4411122,-0.23314157016457343,-0.24650081873978558,24,29
10,Chenguinty,Anjaw,Walong,Arunachal Pradesh,True,27.8858991,96.8520327,-0.28663098308778256,-0.2688700750372208,24,29
11,Dhanbari,Anjaw,Walong,Arunachal Pradesh,True,28.0078075,96.6214266,-0.273669190632063,-0.27759635737462146,48,58
12,Dong,Anjaw,Walong,Arunachal Pradesh,True,28.1679203,97.0389469,-0.11109939451513422,-0.13471681080809803,48,58
13,Gong,Anjaw,Walong,Arunachal Pradesh,True,28.1700892,97.0008029,-0.2383163180957089,-0.2902328864119033,48,58
14,Hot Spring,Anjaw,Walong,Arunachal Pradesh,True,28.2928975,97.1638576,-0.248841552594473,-0.2876265042814588,24,29
15,Hunung,Anjaw,Walong,Arunachal Pradesh,True,27.8741289,96.9451026,-0.2747586645345524,-0.26581410226455426,24,29
16,Kaho,Anjaw,Walong,Arunachal Pradesh,True,28.3034238,97.0250574,-0.1722253119653312,-0.182311839980292,48,58
17,Khrawit,Anjaw,Walong,Arunachal Pradesh,True,27.9044705,96.9437389,-0.2761458329402946,-0.2723786509889234,24,29
18,Krowti,Anjaw,Walong,Arunachal Pradesh,True,28.2354088,97.0273216,-0.2798491882131666,-0.18082635413648335,48,58
19,Krowti Labour Camp,Anjaw,Walong,Arunachal Pradesh,True,28.2318311,97.0285584,-0.24201675734359035,-0.12097540851283914,48,58
20,Kundan,Anjaw,Walong,Arunachal Pradesh,True,28.2425043,97.0254063,-0.23419579422470582,-0.1743206844754155,48,58
21,Musai,Anjaw,Walong,Arunachal Pradesh,True,28.2588294,97.0287424,-0.18598888831406446,-0.16702091021613977,48,58
22,Samdul,Anjaw,Walong,Arunachal Pradesh,True,27.8858936,96.9223997,-0.17843536037417396,-0.14149877423453233,24,29
23,Supkung,Anjaw,Walong,Arunachal Pradesh,True,28.1588813,97.0363709,-0.184888418281335,-0.1730091457736801,48,58
24,Walong,Anjaw,Walong,Arunachal Pradesh,True,28.1294938,97.0166444,-0.11498197193119443,-0.11423425237981329,48,58
25,Yakung,Anjaw,Walong,Arunachal Pradesh,True,28.1997526,97.0263468,-0.2947782201439354,-0.1463549831202785,48,58
26,Achali,Dibang Valley,Anini-Mipi,Arunachal Pradesh,True,28.8429461,95.9704783,-0.2675247294763776,-0.257068305994311,196,236
27,Achengo,Dibang Valley,Anini-Mipi,Arunachal Pradesh,True,28.8238506,95.9428387,-0.17643367756887932,-0.18488468870180674,196,236
28,Acheso,Dibang Valley,Anini-Mipi,Arunachal Pradesh,True,28.9263772,95.97448,-0.2161716461855612,-0.25347566360238954,98,118
29,Alinye,Dibang Valley,Anini-Mipi,Arunachal Pradesh,True,28.8346828,95.9628967,-0.22721266674467544,-0.20636812705493135,196,236
30,Angrim Valley,Dibang Valley,Anini-Mipi,Arunachal Pradesh,True,28.8842816,95.9786208,-0.2670405384907245,-0.2677588005834354,196,236
31,Aropo,Dibang Valley,Anini-Mipi,Arunachal Pradesh,True,28.8230901,95.9397069,-0.20459873150117716,-0.21619148285981493,196,236
32,Atoto,Dibang Valley,Anini-Mipi,Arunachal Pradesh,True,28.8355826,95.9647411,-0.22505156014897643,-0.21592599833193088,196,236
33,Echito,Dibang Valley,Anini-Mipi,Arunachal Pradesh,True,28.9291593,95.9752771,-0.2177720404522057,-0.25602568653717894,98,118
34,Ediya,Dibang Valley,Anini-Mipi,Arunachal Pradesh,True,28.9638191,95.8076515,-0.21051583495992326,-0.18688800713107379,49,59
35,Emuli,Dibang Valley,Anini-Mipi,Arunachal Pradesh,True,28.8871158,95.8356573,-0.2656655647431563,-0.2583551081627697,98,118
36,Gipulin,Dibang Valley,Anini-Mipi,Arunachal Pradesh,True,28.8479222,95.9666253,-0.21913505852239742,-0.2331680236672952,196,236
37,Kamuyi,Dibang Valley,Anini-Mipi,Arunachal Pradesh,True,28.9926912,95.8050502,-0.2702842815810893,-0.27304446279013206,49,59
38,Mipi H.Q.,Dibang Valley,Anini-Mipi,Arunachal Pradesh,True,28.9641685,95.8081308,-0.20637119273802712,-0.1840344318573258,49,59
39,Mipido,Dibang Valley,Anini-Mipi,Arunachal Pradesh,True,28.950424,95.8144355,-0.21287230253378245,-0.2237459971524267,49,59
40,Etalin Bridge Point,Dibang Valley,Etalin-Malinye,Arunachal Pradesh,True,28.6094048,95.8703668,-0.20757547207340488,-0.20951393382373154,50,59
41,Maliney,Dibang Valley,Etalin-Malinye,Arunachal Pradesh,True,28.6750197,96.1532235,-0.2802186242002558,-0.24685556213907253,49,59
42,Mawali,Dibang Valley,Etalin-Malinye,Arunachal Pradesh,True,28.6599698,96.0170217,-0.2592074335063535,-0.20850117841951255,100,118
43,Punli,Dibang Valley,Etalin-Malinye,Arunachal Pradesh,True,28.6565904,95.8520788,-0.23911276533573236,-0.2844259369737094,50,59
44,Lengdi/Liang,East Kameng,Bameng,Arunachal Pradesh,True,27.5376292,92.923885,-0.2553537950360093,-0.285869719415009,49,60
45,Upper Liyak,East Kameng,Bameng,Arunachal Pradesh,True,27.5337804,92.8465101,-0.24870887860234883,-0.25330598951951877,49,60
46,Dao,East Kameng,Chayangtajo,Arunachal Pradesh,True,27.7832832,92.9383609,-0.22950570511345536,-0.27755083000593733,49,59
47,Dara Yangfo,East Kameng,Chayangtajo,Arunachal Pradesh,True,27.732817,93.0487159,-0.27838479793999976,-0.2717129705730638,98,120
48,Lamrah,East Kameng,Chayangtajo,Arunachal Pradesh,True,27.6967225,93.0373888,-0.245393236368154,-0.22759722023596127,98,120
49,Loto Yangfo,East Kameng,Chayangtajo,Arunachal Pradesh,True,27.7296573,93.059293,-0.2683845911609282,-0.2557423878703915,98,120
50,Diya Sullung,East Kameng,Chayangtajo,Arunachal Pradesh,True,27.7760452,93.0124888,-0.31989655819905916,-0.2839617952132168,98,120
51,Hara Yangfo,East Kameng,Chayangtajo,Arunachal Pradesh,True,27.751648,93.1327809,-0.2987516811118231,-0.2542469327691997,49,61
52,Jayang Bagang,East Kameng,Chayangtajo,Arunachal Pradesh,True,27.7547367,93.1791026,-0.2652625406772023,-0.25602714716353286,49,61
53,Kesse Bagang,East Kameng,Chayangtajo,Arunachal Pradesh,True,27.7809294,93.2034502,-0.2658726804688311,-0.2537744240649115,49,61
54,Langchu Sullung,East Kameng,Chayangtajo,Arunachal Pradesh,True,27.7569534,92.9355132,-0.2500903427624034,-0.2660375659195934,49,59
55,Nampe Bagang,East Kameng,Chayangtajo,Arunachal Pradesh,True,27.7140627,93.0313033,-0.29764049936668413,-0.2909532028283155,98,120
56,Raro Sullung,East Kameng,Chayangtajo,Arunachal Pradesh,True,27.6890058,93.0717372,-0.2982147058538274,-0.3015589787866462,98,120
57,Tamsang Yangfo,East Kameng,Chayangtajo,Arunachal Pradesh,True,27.6760974,93.0917894,-0.24135112738568607,-0.2703266495354098,98,120
58,Warriam Sullung,East Kameng,Chayangtajo,Arunachal Pradesh,True,27.7279436,92.9802579,-0.24366473319533463,-0.23467426557097906,49,59
59,Wallong,East Kameng,Khenewa,Arunachal Pradesh,True,27.6530641,92.9685879,-0.24075581222561646,-0.27606151455813477,49,60
60,Chate,Kurung Kumey,Damin,Arunachal Pradesh,True,28.1191826,93.3236259,-0.3243406483622554,-0.2781664688080539,49,60
61,Chulla,Kurung Kumey,Damin,Arunachal Pradesh,True,28.1242982,93.411274,-0.28644565803926963,-0.30511487295677053,49,60
62,Damin H.Q.,Kurung Kumey,Damin,Arunachal Pradesh,True,28.1041982,93.3343841,-0.2698304517016775,-0.21869892830206794,49,60
63,Damin Village,Kurung Kumey,Damin,Arunachal Pradesh,True,28.1050092,93.3443566,-0.2816667245600462,-0.2929355315309351,49,60
64,Digok,Kurung Kumey,Damin,Arunachal Pradesh,True,28.1272533,93.3496878,-0.27358576321600325,-0.27012069188692,49,60
65,Fuba,Kurung Kumey,Damin,Arunachal Pradesh,True,28.1198537,93.3376816,-0.31521173787633133,-0.2762516842996382,49,60
66,Huri,Kurung Kumey,Damin,Arunachal Pradesh,True,28.1095105,93.3045975,-0.2912327887638075,-0.2580306707843067,49,60
67,Katuk,Kurung Kumey,Damin,Arunachal Pradesh,True,28.1189094,93.2501395,-0.2693886876333608,-0.23409943318054577,49,60
68,Kopila,Kurung Kumey,Damin,Arunachal Pradesh,True,28.1092251,93.3088818,-0.2671465631059732,-0.24061341845929868,49,60
69,Machang,Kurung Kumey,Damin,Arunachal Pradesh,True,28.0962492,93.3005705,-0.2822696283299806,-0.2839756225883421,49,60
70,Nisuk,Kurung Kumey,Damin,Arunachal Pradesh,True,28.1081822,93.414929,-0.3261844781973768,-0.27771471017674915,49,60
71,Pipa,Kurung Kumey,Damin,Arunachal Pradesh,True,28.0735847,93.283149,-0.26751203481414504,-0.255234795337778,49,60
72,Ramu,Kurung Kumey,Damin,Arunachal Pradesh,True,28.1084035,93.4191096,-0.3298236816299855,-0.24962638341213095,49,60
73,Rane,Kurung Kumey,Damin,Arunachal Pradesh,True,28.1440384,93.3476122,-0.2958990309277653,-0.2901471385201076,49,60
74,Rawiok,Kurung Kumey,Damin,Arunachal Pradesh,True,28.137739,93.3249207,-0.273132660430199,-0.2863252680556093,49,60
75,Ruba,Kurung Kumey,Damin,Arunachal Pradesh,True,28.1221707,93.2334312,-0.2729462518601687,-0.30091172907227426,49,60
76,Senamriang,Kurung Kumey,Damin,Arunachal Pradesh,True,28.1320477,93.3191302,-0.2919281496264774,-0.27528124970374535,49,60
77,Sibia,Kurung Kumey,Damin,Arunachal Pradesh,True,28.1070207,93.3012679,-0.29349715312554586,-0.2778766287415731,49,60
78,Tarba,Kurung Kumey,Damin,Arunachal Pradesh,True,28.1607522,93.4195471,-0.3224190209941778,-0.31426553964371595,49,60
79,Tokriang,Kurung Kumey,Damin,Arunachal Pradesh,True,28.1110736,93.3311986,-0.2968269575476204,-0.2718657993565565,49,60
80,Yaso,Kurung Kumey,Damin,Arunachal Pradesh,True,28.1002726,93.3473375,-0.2701339813362291,-0.3014377552781551,49,60
81,Buhan,Kurung Kumey,Koloriang,Arunachal Pradesh,True,27.8895447,93.283152,-0.3273833139336912,-0.3234076115672968,49,61
82,Buyang,Kurung Kumey,Koloriang,Arunachal Pradesh,True,27.9419935,93.286116,-0.2975267664763829,-0.2742152047632356,98,121
83,Buyang-II,Kurung Kumey,Koloriang,Arunachal Pradesh,True,27.9419935,93.286116,-0.2975267664763829,-0.2742152047632356,98,121
84,Chello,Kurung Kumey,Koloriang,Arunachal Pradesh,True,27.8849215,93.291646,-0.2749782959300141,-0.2544398935178751,49,61
85,Chimpu,Kurung Kumey,Koloriang,Arunachal Pradesh,True,27.9522411,93.2566277,-0.27916227369390867,-0.2954581817904741,98,121
86,Chomi,Kurung Kumey,Koloriang,Arunachal Pradesh,True,27.955673,93.2595487,-0.284695177980495,-0.29303026277902694,98,121
87,Chote,Kurung Kumey,Koloriang,Arunachal Pradesh,True,27.9524396,93.2616596,-0.2711357351761097,-0.28626495042927785,98,121
88,Kiodhriang,Kurung Kumey,Koloriang,Arunachal Pradesh,True,27.8581693,93.2541827,-0.281191710890374,-0.2637975478336866,49,61
89,Nangram,Kurung Kumey,Koloriang,Arunachal Pradesh,True,27.9071735,93.4387839,-0.24888883227162376,-0.24599834283609362,25,30
90,Nyolo,Kurung Kumey,Koloriang,Arunachal Pradesh,True,27.9012651,93.3076219,-0.30002943569193874,-0.2784693714140842,49,61
91,Pakba,Kurung Kumey,Koloriang,Arunachal Pradesh,True,27.8903622,93.3997806,-0.28950454331646175,-0.27521584784458986,39,35
92,Papu,Kurung Kumey,Koloriang,Arunachal Pradesh,True,27.9111524,93.3917445,-0.30215696391413543,-0.2566600827113736,49,57
93,Rengchi,Kurung Kumey,Koloriang,Arunachal Pradesh,True,27.8914093,93.4267781,-0.26830949108359436,-0.24579503380429263,25,30
94,Tate,Kurung Kumey,Koloriang,Arunachal Pradesh,True,27.9539309,93.2699171,-0.2905170735244539,-0.31646428295575646,98,121
95,Yumlam,Kurung Kumey,Koloriang,Arunachal Pradesh,True,27.8897958,93.4560068,-0.282711366843595,-0.2597446049152764,25,30
96,Cheba,Kurung Kumey,Parsi-Parlo,Arunachal Pradesh,True,28.0204954,93.4801015,-0.24826627505232507,-0.23028706009457175,50,60
97,Dape,Kurung Kumey,Parsi-Parlo,Arunachal Pradesh,True,28.0305059,93.4762607,-0.2762158806574332,-0.2468072322430384,25,30
98,Dare,Kurung Kumey,Parsi-Parlo,Arunachal Pradesh,True,28.040746,93.4566336,-0.24549724541260703,-0.2315454081356198,25,30
99,Geyang,Kurung Kumey,Parsi-Parlo,Arunachal Pradesh,True,28.032302,93.4718342,-0.2609795703017683,-0.21643851686561663,25,30
100,Gonang,Kurung Kumey,Parsi-Parlo,Arunachal Pradesh,True,27.9884834,93.5169908,-0.20357934527347457,-0.21109349204092326,50,60
101,Nyokuriang,Kurung Kumey,Parsi-Parlo,Arunachal Pradesh,True,28.0062351,93.5622034,-0.21714882123305948,-0.21319608186442376,50,60
102,Pachang,Kurung Kumey,Parsi-Parlo,Arunachal Pradesh,True,28.0250521,93.4720132,-0.23097658900879905,-0.18674852237558978,50,60
103,Pado I,Kurung Kumey,Parsi-Parlo,Arunachal Pradesh,True,27.9756026,93.5757879,-0.2557119005037045,-0.26553243922199304,50,60
104,Pagam,Kurung Kumey,Parsi-Parlo,Arunachal Pradesh,True,28.049312,93.4584998,-0.3016323112777057,-0.2523005951574362,25,30
105,Pape,Kurung Kumey,Parsi-Parlo,Arunachal Pradesh,True,28.0129617,93.4902587,-0.26638109334908544,-0.2372969639178421,50,60
106,Pariang,Kurung Kumey,Parsi-Parlo,Arunachal Pradesh,True,28.0328165,93.4803814,-0.306531099438995,-0.26804043291472446,25,30
107,Passik,Kurung Kumey,Parsi-Parlo,Arunachal Pradesh,True,28.0360017,93.4705453,-0.2899296593203205,-0.24665082603875124,25,30
108,Pilop,Kurung Kumey,Parsi-Parlo,Arunachal Pradesh,True,28.004125,93.5674707,-0.232292519994122,-0.22993294116652735,50,60
109,Rashik,Kurung Kumey,Parsi-Parlo,Arunachal Pradesh,True,28.0080613,93.5508476,-0.29401316550382556,-0.2862913719248029,50,60
110,Yarba-I,Kurung Kumey,Parsi-Parlo,Arunachal Pradesh,True,27.96349,93.5654022,-0.2692288917030213,-0.2691907672181358,50,60
111,Bala,Kurung Kumey,Sarli,Arunachal Pradesh,True,27.9431025,93.1252507,-0.3118799276883617,-0.263161605019778,98,121
112,Chaching,Kurung Kumey,Sarli,Arunachal Pradesh,True,27.9375989,93.2339474,-0.30185110872352056,-0.29113223409749167,98,121
113,Chulu,Kurung Kumey,Sarli,Arunachal Pradesh,True,27.8792111,93.0545229,-0.29011836572626637,-0.28361635977675126,98,120
114,Gane,Kurung Kumey,Sarli,Arunachal Pradesh,True,27.9643147,93.0391329,-0.27185663729917753,-0.26693740447228365,196,237
115,Haraiho,Kurung Kumey,Sarli,Arunachal Pradesh,True,27.9804475,93.1383943,-0.31725861484243667,-0.3175063918516102,98,121
116,Kapu,Kurung Kumey,Sarli,Arunachal Pradesh,True,27.8879985,93.075251,-0.25860247463247726,-0.24920989801006754,98,120
117,Koropu,Kurung Kumey,Sarli,Arunachal Pradesh,True,27.9899045,93.2023371,-0.32262353293474044,-0.2969302700508003,98,121
118,Machane,Kurung Kumey,Sarli,Arunachal Pradesh,True,27.9220981,93.0770012,-0.3187976050282105,-0.3160497520230903,98,120
119,Malo,Kurung Kumey,Sarli,Arunachal Pradesh,True,27.9563848,93.1153543,-0.29719541195609916,-0.2949270276171664,98,121
120,Milli,Kurung Kumey,Sarli,Arunachal Pradesh,True,27.9506354,93.0574678,-0.3084583843084093,-0.25987256521485613,196,237
121,Namjo,Kurung Kumey,Sarli,Arunachal Pradesh,True,27.942996,93.1849686,-0.31448521802927987,-0.2932674706748345,98,121
122,New Sarli,Kurung Kumey,Sarli,Arunachal Pradesh,True,27.9582217,93.1705235,-0.31401870040156776,-0.31288050615119584,98,121
123,Riya,Kurung Kumey,Sarli,Arunachal Pradesh,True,27.8776779,93.0467319,-0.2817718728533153,-0.2777624906959506,98,120
124,Sape,Kurung Kumey,Sarli,Arunachal Pradesh,True,27.9549291,93.1321419,-0.28725211547614937,-0.28347529164069674,98,121
125,Sarli,Kurung Kumey,Sarli,Arunachal Pradesh,True,27.9525582,93.163373,-0.252172936007117,-0.2651581047145917,98,121
126,Sate,Kurung Kumey,Sarli,Arunachal Pradesh,True,27.9537376,93.1572444,-0.2687655661399781,-0.2729742422605651,98,121
127,Wabia,Kurung Kumey,Sarli,Arunachal Pradesh,True,27.9413919,93.1360402,-0.28497827492759836,-0.28578397017765234,98,121
128,Walu,Kurung Kumey,Sarli,Arunachal Pradesh,True,27.9413919,93.1360402,-0.28497827492759836,-0.28578397017765234,98,121
129,Waru,Kurung Kumey,Sarli,Arunachal Pradesh,True,27.8852647,93.0448126,-0.29030622538785555,-0.2720321406998771,98,120
130,Chanli,Lower Dibang,Hunli-Desali,Arunachal Pradesh,True,28.2923493,96.0296242,-0.24163918959466604,-0.23099846726254536,86,83
131,Broxer,Tawang,Jang-Thingbu,Arunachal Pradesh,True,27.622647,91.9631993,-0.3073796580443332,-0.26252689512863076,24,30
132,Luguthang,Tawang,Jang-Thingbu,Arunachal Pradesh,True,27.5948234,92.1857466,-0.18388295315276357,-0.19467161914625553,24,29
133,Mago,Tawang,Jang-Thingbu,Arunachal Pradesh,True,27.6883395,92.2081099,-0.2598515302121608,-0.25864731187202394,24,29
134,Namazing,Tawang,Jang-Thingbu,Arunachal Pradesh,True,27.5506261,91.9768197,-0.28611419246345576,-0.26877875146504476,24,30
135,Rho,Tawang,Jang-Thingbu,Arunachal Pradesh,True,27.6141065,91.987227,-0.26076551720617225,-0.269062083625819,48,59
136,Kitpi,Tawang,Kitpi,Arunachal Pradesh,True,27.5731189,91.90284,-0.24705342585807927,-0.24624428031628082,24,30
137,Kitpi II,Tawang,Kitpi,Arunachal Pradesh,True,27.5731189,91.90284,-0.24705342585807927,-0.24624428031628082,24,30
138,Famla,Tawang,Tawang,Arunachal Pradesh,True,27.5612427,91.8523298,-0.25300321761187217,-0.26344243739930595,24,30
139,Gyangong Ani Gompa,Tawang,Tawang,Arunachal Pradesh,True,27.6003059,91.8525209,-0.4115666170125998,-0.28366849204667993,24,30
140,Jangda,Tawang,Tawang,Arunachal Pradesh,True,27.5942319,91.9742379,-0.25281508173922035,-0.25972639386352164,24,30
141,Mandrelling,Tawang,Tawang,Arunachal Pradesh,True,27.5952914,91.8697249,-0.23505516662813392,-0.08995804770035234,24,30
142,Sakpret,Tawang,Tawang,Arunachal Pradesh,True,27.57568,91.79901,-0.26002821915289837,-0.2838203004737627,24,30
143,Shyro,Tawang,Tawang,Arunachal Pradesh,True,27.5744459,91.9464757,-0.2667549379176317,-0.286392788191454,24,30
144,Singsore Ani Gompa,Tawang,Tawang,Arunachal Pradesh,True,27.5952914,91.8697249,-0.23505516662813392,-0.08995804770035234,24,30
145,Tawang Gompa,Tawang,Tawang,Arunachal Pradesh,True,27.5866091,91.8573902,-0.2999071592881953,-0.22583335177752392,24,30
146,Thongleng,Tawang,Tawang,Arunachal Pradesh,True,27.57294,91.79215,-0.2627182832433976,-0.3075612344176226,24,30
147,Brokenthang,Tawang,Zemithang-Dudunghar,Arunachal Pradesh,True,27.7352592,91.724121,-0.29779615578139895,-0.301320328781387,24,30
148,Gorsam,Tawang,Zemithang-Dudunghar,Arunachal Pradesh,True,27.6973252,91.7142454,-0.23395572454216584,-0.22390673360549332,24,30
149,Kharman,Tawang,Zemithang-Dudunghar,Arunachal Pradesh,True,27.691851,91.7463062,-0.26738392080220014,-0.2479986943880979,24,30
150,Lumpo,Tawang,Zemithang-Dudunghar,Arunachal Pradesh,True,27.7204821,91.7144005,-0.3235355125629375,-0.3032615317013469,24,30
151,Maling,Tawang,Zemithang-Dudunghar,Arunachal Pradesh,True,27.6350823,92.0693622,-0.32266779170023846,-0.2954342489149293,48,59
152,Muktur,Tawang,Zemithang-Dudunghar,Arunachal Pradesh,True,27.5800562,91.6627629,-0.2557863471225744,-0.2712671283566273,24,30
153,Ramyang,Tawang,Zemithang-Dudunghar,Arunachal Pradesh,True,27.514701,91.6549664,-0.24898134899440819,-0.2802250877850548,24,30
154,Shakti,Tawang,Zemithang-Dudunghar,Arunachal Pradesh,True,27.61139,91.71387,-0.26765618280856224,-0.27740910768452176,24,30
155,Shoktsen,Tawang,Zemithang-Dudunghar,Arunachal Pradesh,True,27.7416556,91.7318533,-0.3534116967062496,-0.31368689724704996,24,30
156,Sirdi,Tawang,Zemithang-Dudunghar,Arunachal Pradesh,True,27.6466524,91.7230296,-0.24237584907165943,-0.2566278458157032,24,30
157,Bishing,Upper Siang,Singa-Gelling,Arunachal Pradesh,True,29.1107736,95.0268102,-0.3081507733532443,-0.2560548142509466,25,31
158,Bona,Upper Siang,Singa-Gelling,Arunachal Pradesh,True,29.0974164,94.9475348,-0.3427234248569512,-0.30497864752163606,25,31
159,Mankota,Upper Siang,Singa-Gelling,Arunachal Pradesh,True,28.8878329,95.0759463,-0.2883127668388225,-0.2715094140282862,104,123
160,Mayum,Upper Siang,Singa-Gelling,Arunachal Pradesh,True,29.0924208,94.9597907,-0.3076335276663299,-0.3007020838118888,25,31
161,Tashi Gaon,Upper Siang,Singa-Gelling,Arunachal Pradesh,True,28.8743385,95.1028336,-0.3229999599183173,-0.3126858237264276,104,123
162,Jido,Upper Siang,Tuting,Arunachal Pradesh,True,28.9820594,94.904882,-0.2644559621485173,-0.21233040155378732,25,31
163,Lali,Upper Siang,Tuting,Arunachal Pradesh,True,29.0003932,94.8912175,-0.1961477074258536,-0.17528374291730017,25,31
164,Ngaming,Upper Siang,Tuting,Arunachal Pradesh,True,28.9686342,94.9381419,-0.25931639600715456,-0.22268123337479015,25,31
165,Nyering,Upper Siang,Tuting,Arunachal Pradesh,True,28.9360701,95.0104597,-0.32451354810095245,-0.29208305250133737,26,31
166,Pango,Upper Siang,Tuting,Arunachal Pradesh,True,28.8870297,94.7578559,-0.27168971184214635,-0.2217771084809827,52,61
167,Pekong,Upper Siang,Tuting,Arunachal Pradesh,True,28.9878787,94.8919255,-0.19139683420272785,-0.17132370645196962,25,31
168,Pekong,Upper Siang,Tuting,Arunachal Pradesh,True,28.9878787,94.8919255,-0.19139683420272785,-0.17132370645196962,25,31
169,Pokbir,Upper Siang,Tuting,Arunachal Pradesh,True,28.963981,94.9375517,-0.25643127678663247,-0.21634033683594292,25,31
170,Rishing,Upper Siang,Tuting,Arunachal Pradesh,True,28.9984023,94.8852907,-0.1687483653161935,-0.14784706286918667,25,31
171,Tenggo,Upper Siang,Tuting,Arunachal Pradesh,True,29.0668244,94.478654,-0.2960001376752586,-0.30252386436572404,25,31
172,Dadu,Upper Subansiri,Limeking,Arunachal Pradesh,True,28.3625828,93.5395735,-0.30016087894883825,-0.22171608933115552,25,30
173,Gumsing,Upper Subansiri,Limeking,Arunachal Pradesh,True,28.4321817,93.2172532,-0.32275122942404477,-0.31351176773876377,49,60
174,Lingbing,Upper Subansiri,Limeking,Arunachal Pradesh,True,28.4367283,93.2151175,-0.30300456160388717,-0.291547501033587,49,60
175,Redding,Upper Subansiri,Limeking,Arunachal Pradesh,True,28.4851077,93.4621565,-0.2831577542370452,-0.3167028247952186,49,61
176,Redding Camp,Upper Subansiri,Limeking,Arunachal Pradesh,True,28.4851077,93.4621565,-0.2831577542370452,-0.3167028247952186,49,61
177,Taying,Upper Subansiri,Limeking,Arunachal Pradesh,True,28.4321817,93.2172532,-0.32275122942404477,-0.31351176773876377,49,60
178,Yaja,Upper Subansiri,Limeking,Arunachal Pradesh,True,28.4354329,93.2468461,-0.2881938973060453,-0.29337682012460325,49,60
179,Chokar,Upper Subansiri,Nacho,Arunachal Pradesh,True,28.4279157,93.8094041,-0.2802236385727653,-0.2739194425693432,25,30
180,Jerigaon,West Kameng,Nafra,Arunachal Pradesh,True,27.3403204,92.4726477,-0.20032954585282858,-0.2122338267207225,24,29
181,Khellong,West Kameng,Nafra,Arunachal Pradesh,True,27.0133852,92.4145185,-0.4077082519424529,-0.2935581600240958,24,30
182,Gatam,Kra daadi,Pipsorang,Arunachal Pradesh,True,28.0979458,93.6001405,-0.31461207059058466,-0.29748122393262205,25,30
183,Habak,Kra daadi,Pipsorang,Arunachal Pradesh,True,28.1084846,93.5827385,-0.3105119995377485,-0.285182334119415,25,30
184,Hapuk (I),Kra daadi,Pipsorang,Arunachal Pradesh,True,28.0967863,93.5839299,-0.3070578866075677,-0.3059283759999601,25,30
185,Kokso,Kra daadi,Pipsorang,Arunachal Pradesh,True,28.0838152,93.6115937,-0.29149705524245934,-0.2780674689012992,25,30
186,Richik,Kra daadi,Pipsorang,Arunachal Pradesh,True,28.064816,93.6543383,-0.27863995734002955,-0.2712666194453363,25,30
187,Chungthang,North,Chungthang,Sikkim,True,27.604236,88.6465196,-0.1922933620441204,-0.13575649114905694,24,31
188,Tung,North,Chungthang,Sikkim,True,27.5475,88.6493,-0.25704129965154326,-0.22547444517948126,24,31
189,Chawang,North,Kabi Tingda,Sikkim,True,27.4415,88.5992,-0.2421785239599051,-0.25812311632853585,24,31
190,Labi,North,Kabi Tingda,Sikkim,True,27.4373,88.6584,-0.26740776023130536,-0.2618958365312279,24,31
191,Paney-Phensong,North,Kabi Tingda,Sikkim,True,27.4340487,88.6127695,-0.21393426142287075,-0.236149775932273,24,31
192,Phamtam,North,Kabi Tingda,Sikkim,True,27.4557,88.61,-0.24546814989012689,-0.23413874412696398,24,31
193,Phodong,North,Kabi Tingda,Sikkim,True,27.4130306,88.5838702,-0.2168033097116727,-0.26025918244898066,24,31
194,Ramthang,North,Kabi Tingda,Sikkim,True,27.4039854,88.550947,-0.21655767083781943,-0.24217946760669887,24,31
195,Rongong,North,Kabi Tingda,Sikkim,True,27.4092,88.5635,-0.24747849228884636,-0.26608587115015603,24,31
196,Tangyek,North,Kabi Tingda,Sikkim,True,27.4207,88.527,-0.21765060790385146,-0.2329848553135825,24,31
197,Tingchim,North,Kabi Tingda,Sikkim,True,27.4607586,88.5277316,-0.21852954122475268,-0.23561215601747496,24,31
198,Tingda,North,Kabi Tingda,Sikkim,True,27.3957,88.6272,-0.23797558070689231,-0.2613269895869332,24,31
199,Tumlong,North,Kabi Tingda,Sikkim,True,27.4198712,88.5898311,-0.2328446853244253,-0.2580534337961274,24,31
200,Lachen,North,Lachen,Sikkim,True,27.7305455,88.5469054,-0.2634399529190787,-0.25373896676561963,24,31
201,Lachung,North,Lachung,Sikkim,True,27.7794,88.7152648,-0.27535459610328966,-0.3331481470374701,24,31
202,Barfok,North,Passingdang,Sikkim,True,27.4977,88.491,-0.2532865443761533,-0.28644648801772293,24,31
203,Gor,North,Passingdang,Sikkim,True,27.4302826,88.4984203,-0.2508647535971762,-0.2365066377351995,24,31
204,Hee-Gyathang,North,Passingdang,Sikkim,True,27.4816,88.4991,-0.2386394203175542,-0.25743576848689476,24,31
205,Lingdem,North,Passingdang,Sikkim,True,27.5494817,88.4569319,-0.24244498860979724,-0.23356393324098076,24,31
206,Lingdong,North,Passingdang,Sikkim,True,27.5073091,88.5194632,-0.24381758191467248,-0.25210479738682456,24,31
207,Lingthem,North,Passingdang,Sikkim,True,27.5224732,88.5014686,-0.2330671315169592,-0.25163901658185733,24,31
208,Lingzah-Tolung,North,Passingdang,Sikkim,True,27.571,88.4466,-0.23733274366322044,-0.26120493990949906,24,31
209,Lum,North,Passingdang,Sikkim,True,27.394,88.48,-0.2540280125103612,-0.2735865125159743,24,31
210,Namok,North,Passingdang,Sikkim,True,27.4504654,88.5375829,-0.23711035969908842,-0.2618489724978366,24,31
211,Sakyong-Pentong,North,Passingdang,Sikkim,True,27.5797,88.4049,-0.24770656033026994,-0.2541061318306485,24,31
212,Salim Pakel,North,Passingdang,Sikkim,True,27.5379,88.5518,-0.2566372522189299,-0.2916587629219316,24,31
213,Sangtok,North,Passingdang,Sikkim,True,27.4091,88.504,-0.2299093221501836,-0.2526998389250619,24,31
214,Sheyam,North,Passingdang,Sikkim,True,27.4367,88.528,-0.23359493536012155,-0.24800193369847076,24,31
215,Shipgyer,North,Passingdang,Sikkim,True,27.5544461,88.6336147,-0.23580487271351228,-0.2734716317411647,24,31
216,Tingbong,North,Passingdang,Sikkim,True,27.5524,88.4984,-0.2669517275623109,-0.28318278789795287,24,31
217,Zimchung,North,Passingdang,Sikkim,True,27.4903,88.5321,-0.2057385808168882,-0.21982637149623138,24,31
218,Bampa,Chamoli,Joshimath,Uttarakhand,True,30.7436664,79.8297153,-0.03509225181174875,-0.021810989096961622,24,30
219,Gamsali,Chamoli,Joshimath,Uttarakhand,True,30.7559986,79.8261873,0.0098128280979836,0.04083382647487262,24,30
220,Gurguti,Chamoli,Joshimath,Uttarakhand,True,30.7738,79.8758,0.07821692064845631,0.06458741305783686,24,30
221,Joshimath,Chamoli,Joshimath,Uttarakhand,True,30.5555752,79.5612607,-0.08950447957026009,-0.08716843453589988,24,29
222,Kailashpur,Chamoli,Joshimath,Uttarakhand,True,30.7148,79.8639,0.04620989039250627,0.048592497090548234,48,60
223,Mahargaon,Chamoli,Joshimath,Uttarakhand,True,30.4061118,79.4205814,-0.2118139304204948,-0.21394114457467103,24,29
224,Malari,Chamoli,Joshimath,Uttarakhand,True,30.6845508,79.8893688,-0.03602096942952603,-0.014028280700740161,48,60
225,Mana,Chamoli,Joshimath,Uttarakhand,True,30.9671228,79.4109692,-0.029382797410954856,0.11811123605318975,24,29
226,Bilju,Pithoragarh,Munsyari,Uttarakhand,True,30.3949398,80.1659059,-0.034382515777325845,-0.04273843089450641,24,29
227,Burphu,Pithoragarh,Munsyari,Uttarakhand,True,30.3666548,80.1842308,-0.1160421878489405,-0.09748101795938548,24,29
228,Martoli,Pithoragarh,Munsyari,Uttarakhand,True,30.3482498,80.1931552,-0.10478762630116956,-0.06816001313750647,24,29
229,Rilkot,Pithoragarh,Munsyari,Uttarakhand,True,30.3104468,80.2080315,-0.1371041669387851,-0.13688843870322537,24,29
230,Tola,Pithoragarh,Munsyari,Uttarakhand,True,30.3356863,80.2121168,-0.18892948101766852,-0.15506032888538723,24,29
231,Baling,Pithoragarh,Dharchula or Kanalichhina (unresolved),Uttarakhand,True,30.2092254,80.5479905,-0.3041020266212181,-0.28335761655836006,24,29
232,Dar,Pithoragarh,Dharchula or Kanalichhina (unresolved),Uttarakhand,True,30.069216,80.602947,-0.22803614243336634,-0.22892958781665362,24,31
233,Dugtu,Pithoragarh,Dharchula or Kanalichhina (unresolved),Uttarakhand,True,30.21,80.5679,-0.19625587760275642,-0.17775979379809034,24,29
234,Garbyang,Pithoragarh,Dharchula or Kanalichhina (unresolved),Uttarakhand,True,30.1251387,80.8575277,-0.16073811541719193,-0.15317994257538833,49,59
235,Gunji,Pithoragarh,Dharchula or Kanalichhina (unresolved),Uttarakhand,True,30.1865763,80.8508108,-0.12674020288500779,-0.08725062135754287,49,58
236,Kuti,Pithoragarh,Dharchula or Kanalichhina (unresolved),Uttarakhand,True,30.3078792,80.7599224,-0.0797818678000406,-0.08251005275011433,24,29
237,Navi,Pithoragarh,Dharchula or Kanalichhina (unresolved),Uttarakhand,True,30.2049725,80.8373063,-0.08667519294184571,-0.03521097030241105,24,36
238,Rongkong (Raung Kong),Pithoragarh,Dharchula or Kanalichhina (unresolved),Uttarakhand,True,30.2033451,80.8316381,-0.1891326311243471,-0.1453417093144947,24,31
239,Sela,Pithoragarh,Dharchula or Kanalichhina (unresolved),Uttarakhand,True,30.1472581,80.6056591,-0.27227025156677126,-0.22351917040424027,24,31
240,Tidang,Pithoragarh,Dharchula or Kanalichhina (unresolved),Uttarakhand,True,30.246,80.5487,-0.24165393341500702,-0.20854651047361328,24,29
241,Amali,Pithoragarh,Dharchula or Kanalichhina (unresolved),Uttarakhand,True,29.7039,80.3278,-0.24021189997606687,-0.2370465488679778,24,29
242,Bagori,Uttarkashi,Bhatwari,Uttarakhand,True,30.7702443,78.4746317,-0.21840270807962833,-0.22705981760422744,44,53
243,Dharali,Uttarkashi,Bhatwari,Uttarakhand,True,31.0408468,78.7815312,-0.1534887661780933,-0.11970060190702354,48,60
244,Harshil,Uttarkashi,Bhatwari,Uttarakhand,True,31.0350501,78.7572289,-0.17121857837779578,-0.16200572281203526,48,60
245,Jadung,Uttarkashi,Bhatwari,Uttarakhand,True,31.1648,79.0397,0.07298090205248618,0.06616509529750243,48,60
246,Jaspur,Uttarkashi,Bhatwari,Uttarakhand,True,30.727214,78.4636435,-0.26087089448256806,-0.2788517113210898,44,53
247,Jhala,Uttarkashi,Bhatwari,Uttarakhand,True,31.0248573,78.7101354,-0.1721723796245526,-0.15839545666854873,48,60
248,Mukhawa,Uttarkashi,Bhatwari,Uttarakhand,True,31.0542,78.7901,-0.058819009882264364,-0.02512615929567375,48,60
249,Nelang,Uttarkashi,Bhatwari,Uttarakhand,True,31.121954,79.0304088,0.11736712300490221,0.11308862844683258,48,60
250,Purali,Uttarkashi,Bhatwari,Uttarakhand,True,31.0299258,78.7099965,-0.1929501871802024,-0.1714265666236974,48,60
251,Sukki,Uttarkashi,Bhatwari,Uttarakhand,True,31.014,78.7108,-0.18472266382865316,-0.14986960987590364,48,60
