system:index,block,district,is_core_sample,lights_after,lights_before,ndbi_after,ndbi_before,state,village,village_id,.geo
00000000000000000000,Chaglagam,Anjaw,True,0.3987717264301902,0.3171513160643117,-0.2550058867557102,-0.1941878228486902,Arunachal Pradesh,Metengliang,1,"{""type"":""Point"",""coordinates"":[96.53255485485357,28.205312420999135]}"
00000000000000000001,Chaglagam,Anjaw,True,0.2225397708644878,0.2843248211715647,-0.2376578061474689,-0.2514870278823652,Arunachal Pradesh,Chipra,2,"{""type"":""Point"",""coordinates"":[96.5641119130088,28.26873421528229]}"
00000000000000000002,Chaglagam,Anjaw,True,0.2121661157731715,0.2618782229014316,-0.2919858849432797,-0.2570213166212297,Arunachal Pradesh,Mithumna,3,"{""type"":""Point"",""coordinates"":[96.53526152919301,28.234675601436084]}"
00000000000000000003,Chaglagam,Anjaw,True,0.2566918938717232,0.2794422734478664,-0.2922386546925156,-0.2476676977224571,Arunachal Pradesh,Pailiang,4,"{""type"":""Point"",""coordinates"":[96.50836869073967,28.196661764955458]}"
00000000000000000004,Hayuliang,Anjaw,True,0.2716788632442821,0.2745833312001851,-0.2982138599011298,-0.2468598951800469,Arunachal Pradesh,Glotong,5,"{""type"":""Point"",""coordinates"":[96.68503381537614,28.205165270664374]}"
00000000000000000005,Hayuliang,Anjaw,True,0.9576133833126684,0.6249926276834665,-0.0975476712609671,-0.0371167802125853,Arunachal Pradesh,Hayuliang,6,"{""type"":""Point"",""coordinates"":[96.52366786645405,28.081318198005967]}"
00000000000000000006,Hayuliang,Anjaw,True,0.2333758770757986,0.2533564568227456,-0.3413181438001028,-0.299797643702915,Arunachal Pradesh,Keletong,7,"{""type"":""Point"",""coordinates"":[96.61925761573677,28.12300633375464]}"
00000000000000000007,Hayuliang,Anjaw,True,0.3544985289660702,0.3531148599510171,-0.3265987311935935,-0.2930998175433155,Arunachal Pradesh,Kongra(Metung),8,"{""type"":""Point"",""coordinates"":[96.57358750274737,28.069586303134354]}"
00000000000000000008,Hayuliang,Anjaw,True,0.262162920966577,0.2799887616312905,-0.2581003183822527,-0.2486078956087995,Arunachal Pradesh,Zapaliang,9,"{""type"":""Point"",""coordinates"":[96.44111206955056,28.00923682947701]}"
00000000000000000009,Walong,Anjaw,True,0.3123964142719992,0.3280410668693821,-0.2395945787916436,-0.1920887248066699,Arunachal Pradesh,Chenguinty,10,"{""type"":""Point"",""coordinates"":[96.85203160892875,27.885898094338707]}"
0000000000000000000a,Walong,Anjaw,True,0.273708425478766,0.2029231366125284,-0.307221889061293,-0.2711492835588326,Arunachal Pradesh,Dhanbari,11,"{""type"":""Point"",""coordinates"":[96.62142473884875,28.007805458038856]}"
0000000000000000000b,Walong,Anjaw,True,0.4047385454177857,0.3086188080702018,-0.0765308352770089,-0.0539727871521701,Arunachal Pradesh,Dong,12,"{""type"":""Point"",""coordinates"":[97.0389482068871,28.16791839956494]}"
0000000000000000000c,Walong,Anjaw,True,0.2745607231278488,0.2896354753247659,-0.3304414181141286,-0.2990014919779357,Arunachal Pradesh,Gong,13,"{""type"":""Point"",""coordinates"":[97.00080505647593,28.17008998177797]}"
0000000000000000000d,Walong,Anjaw,True,0.3103442304290146,0.2483259508116037,-0.1134441568361733,-0.0778167596263822,Arunachal Pradesh,Hot Spring,14,"{""type"":""Point"",""coordinates"":[97.16385654559622,28.292898083890925]}"
0000000000000000000e,Walong,Anjaw,True,0.2640917566785801,0.2522687780341086,-0.2818752581845754,-0.2315894878356167,Arunachal Pradesh,Hunung,15,"{""type"":""Point"",""coordinates"":[96.94510196611627,27.874130526658657]}"
0000000000000000000f,Walong,Anjaw,True,0.9338159155765364,0.5142115603392372,-0.0869845404179616,-0.0303671022755143,Arunachal Pradesh,Kaho,16,"{""type"":""Point"",""coordinates"":[97.02505810710562,28.303426021478103]}"
00000000000000000010,Walong,Anjaw,True,0.234538579700001,0.224190661826007,-0.2573203402671488,-0.2067960485665349,Arunachal Pradesh,Khrawit,17,"{""type"":""Point"",""coordinates"":[96.94373748119392,27.904470250226307]}"
00000000000000000011,Walong,Anjaw,True,0.3186606796569161,0.4187981717781854,-0.0639899775593084,-0.0814070117332514,Arunachal Pradesh,Krowti,18,"{""type"":""Point"",""coordinates"":[97.02732333044077,28.235406894008843]}"
00000000000000000012,Walong,Anjaw,True,0.3408812645460124,1.5644773170681652,-0.0553308508254327,-0.0940588334530224,Arunachal Pradesh,Krowti Labour Camp,19,"{""type"":""Point"",""coordinates"":[97.02855850143258,28.231830694963985]}"
00000000000000000013,Walong,Anjaw,True,0.2727115530907187,0.2797277482600665,-0.0534113406228561,-0.0542149762774296,Arunachal Pradesh,Kundan,20,"{""type"":""Point"",""coordinates"":[97.02540591698778,28.24250578288593]}"
00000000000000000014,Walong,Anjaw,True,0.328359152198629,0.3174935438859779,0.0016734961058979,0.0659925352340783,Arunachal Pradesh,Musai,21,"{""type"":""Point"",""coordinates"":[97.02874132457578,28.258830551842596]}"
00000000000000000015,Walong,Anjaw,True,0.2729384021773587,0.3090242248991882,-0.0458886447289244,-0.018270349957515,Arunachal Pradesh,Samdul,22,"{""type"":""Point"",""coordinates"":[96.92240068265318,27.885893635237654]}"
00000000000000000016,Walong,Anjaw,True,0.4251301207745723,0.3111794088303977,-0.0637013209015172,-0.0495171793581775,Arunachal Pradesh,Supkung,23,"{""type"":""Point"",""coordinates"":[97.0363708464782,28.1588798017296]}"
00000000000000000017,Walong,Anjaw,True,1.8005391933544888,0.892017216052649,-0.022571121563394,0.0153094987114086,Arunachal Pradesh,Walong,24,"{""type"":""Point"",""coordinates"":[97.01664378341778,28.129494325787398]}"
00000000000000000018,Walong,Anjaw,True,0.2781884395831975,0.3163307531265458,-0.025140298090327,-0.0309351667068806,Arunachal Pradesh,Yakung,25,"{""type"":""Point"",""coordinates"":[97.02634678731006,28.19975192198549]}"
00000000000000000019,Anini-Mipi,Dibang Valley,True,0.307754472364782,0.3113683784168038,-0.0863846670317103,-0.0693429832699671,Arunachal Pradesh,Achali,26,"{""type"":""Point"",""coordinates"":[95.97047624886461,28.842946035237684]}"
0000000000000000001a,Anini-Mipi,Dibang Valley,True,0.2947107102943027,0.3116750666101996,-0.0650507972378045,-0.0264769770575022,Arunachal Pradesh,Achengo,27,"{""type"":""Point"",""coordinates"":[95.94283874053535,28.823852164526826]}"
0000000000000000001b,Anini-Mipi,Dibang Valley,True,0.2381240852307854,0.2927457906567213,-0.0863898376366438,-0.0394871614695594,Arunachal Pradesh,Acheso,28,"{""type"":""Point"",""coordinates"":[95.9744805216106,28.926375815947658]}"
0000000000000000001c,Anini-Mipi,Dibang Valley,True,0.3518037108034225,0.3429258617739015,-0.0587149713762547,-0.0255506547539508,Arunachal Pradesh,Alinye,29,"{""type"":""Point"",""coordinates"":[95.96289577707375,28.83468332098565]}"
0000000000000000001d,Anini-Mipi,Dibang Valley,True,0.2416437680577184,0.3289624564595275,-0.0945192459035738,-0.0721780235816802,Arunachal Pradesh,Angrim Valley,30,"{""type"":""Point"",""coordinates"":[95.97862302648926,28.88428190200313]}"
0000000000000000001e,Anini-Mipi,Dibang Valley,True,0.2771213734963021,0.3020067862158168,-0.0697175881609511,-0.0322607952431937,Arunachal Pradesh,Aropo,31,"{""type"":""Point"",""coordinates"":[95.93970845159583,28.82308965824669]}"
0000000000000000001f,Anini-Mipi,Dibang Valley,True,0.3519026340383084,0.3378056473822365,-0.0658462493645321,-0.0248276649800442,Arunachal Pradesh,Atoto,32,"{""type"":""Point"",""coordinates"":[95.96474184490988,28.83558405939845]}"
00000000000000000020,Anini-Mipi,Dibang Valley,True,0.2397081958115689,0.2791986801098259,-0.0675926318182873,-0.0187728722744951,Arunachal Pradesh,Echito,33,"{""type"":""Point"",""coordinates"":[95.97527870069916,28.929158295005006]}"
00000000000000000021,Anini-Mipi,Dibang Valley,True,0.2801615282532139,0.3124724670850757,-0.0794964362344553,-0.0906093259063893,Arunachal Pradesh,Ediya,34,"{""type"":""Point"",""coordinates"":[95.80765217389803,28.963818887493442]}"
00000000000000000022,Anini-Mipi,Dibang Valley,True,0.2078175462848026,0.3062628456083688,-0.1561111707769485,-0.1403388533946266,Arunachal Pradesh,Emuli,35,"{""type"":""Point"",""coordinates"":[95.83565532851367,28.887117890273117]}"
00000000000000000023,Anini-Mipi,Dibang Valley,True,0.3202159871845542,0.3267843884740178,-0.1011070060561954,-0.0751775958284372,Arunachal Pradesh,Gipulin,36,"{""type"":""Point"",""coordinates"":[95.96662358555443,28.847922392013327]}"
00000000000000000024,Anini-Mipi,Dibang Valley,True,0.1859399115763268,0.2788846116870346,-0.192409336933448,-0.1821117468368002,Arunachal Pradesh,Kamuyi,37,"{""type"":""Point"",""coordinates"":[95.80504805888282,28.992691566814507]}"
00000000000000000025,Anini-Mipi,Dibang Valley,True,0.2857015601344788,0.3101698224887019,-0.0762737371668523,-0.0866512397941604,Arunachal Pradesh,Mipi H.Q.,38,"{""type"":""Point"",""coordinates"":[95.80812929771075,28.96416669737561]}"
00000000000000000026,Anini-Mipi,Dibang Valley,True,0.2562586838046229,0.3085821423716393,-0.1402515183628613,-0.1040630508312082,Arunachal Pradesh,Mipido,39,"{""type"":""Point"",""coordinates"":[95.81443446660032,28.950423747928895]}"
00000000000000000027,Etalin-Malinye,Dibang Valley,True,0.2838329589473587,0.321628445080196,-0.2795306086735892,-0.2320525895030616,Arunachal Pradesh,Etalin Bridge Point,40,"{""type"":""Point"",""coordinates"":[95.8703649711137,28.609405076664512]}"
00000000000000000028,Etalin-Malinye,Dibang Valley,True,0.2216564232244171,0.6398566117499793,-0.1018903255575,-0.0557623781250994,Arunachal Pradesh,Maliney,41,"{""type"":""Point"",""coordinates"":[96.15322358733798,28.675020748665965]}"
00000000000000000029,Etalin-Malinye,Dibang Valley,True,0.2334104398454444,0.3134596827237502,-0.178196667840172,-0.2190300637031145,Arunachal Pradesh,Mawali,42,"{""type"":""Point"",""coordinates"":[96.01702034566048,28.659971282610588]}"
0000000000000000002a,Etalin-Malinye,Dibang Valley,True,0.2626424579979987,0.3304934886247752,-0.3493167887654279,-0.2864718086761545,Arunachal Pradesh,Punli,43,"{""type"":""Point"",""coordinates"":[95.85207819769352,28.656591284012077]}"
0000000000000000002b,Bameng,East Kameng,True,0.3329866635019911,0.3480157832013445,-0.2756793175717373,-0.2260844779044077,Arunachal Pradesh,Lengdi/Liang,44,"{""type"":""Point"",""coordinates"":[92.92388463611879,27.53762892476142]}"
0000000000000000002c,Bameng,East Kameng,True,0.2985878103731462,0.3101845586659925,-0.2187110726147611,-0.2166289141329388,Arunachal Pradesh,Upper Liyak,45,"{""type"":""Point"",""coordinates"":[92.84651031463939,27.533780720552294]}"
0000000000000000002d,Chayangtajo,East Kameng,True,0.2623723619488315,0.305490194229651,-0.3242545230806703,-0.2854143712276628,Arunachal Pradesh,Dao,46,"{""type"":""Point"",""coordinates"":[92.93835887813826,27.783285260896808]}"
0000000000000000002e,Chayangtajo,East Kameng,True,0.2790830482540853,0.3169110007376442,-0.308153973246854,-0.2780701094633058,Arunachal Pradesh,Dara Yangfo,47,"{""type"":""Point"",""coordinates"":[93.04871717011,27.732817155173905]}"
0000000000000000002f,Chayangtajo,East Kameng,True,0.3395953679084778,0.276846293773916,-0.2747110045703043,-0.2666276667937984,Arunachal Pradesh,Lamrah,48,"{""type"":""Point"",""coordinates"":[93.0373865943332,27.69672073214626]}"
00000000000000000030,Chayangtajo,East Kameng,True,0.2839634849784079,0.3144410130013241,-0.288850923338637,-0.2603887662259797,Arunachal Pradesh,Loto Yangfo,49,"{""type"":""Point"",""coordinates"":[93.05929415780878,27.729655652527015]}"
00000000000000000031,Chayangtajo,East Kameng,True,0.2116091319407546,0.3466972887250522,-0.3355363106221335,-0.2968380851776648,Arunachal Pradesh,Diya Sullung,50,"{""type"":""Point"",""coordinates"":[93.01248697405076,27.776043680786014]}"
00000000000000000032,Chayangtajo,East Kameng,True,0.3056045282366019,0.3363132438888506,-0.2713630650565846,-0.2821040783584643,Arunachal Pradesh,Hara Yangfo,51,"{""type"":""Point"",""coordinates"":[93.13278014316955,27.75164793892261]}"
00000000000000000033,Chayangtajo,East Kameng,True,0.3175800725734433,0.350594046828467,-0.2782111369804151,-0.2705112462380742,Arunachal Pradesh,Jayang Bagang,52,"{""type"":""Point"",""coordinates"":[93.17910128491276,27.754738095952646]}"
00000000000000000034,Chayangtajo,East Kameng,True,0.2810210806878901,0.333282461937736,-0.2494092878497464,-0.2308393105867792,Arunachal Pradesh,Kesse Bagang,53,"{""type"":""Point"",""coordinates"":[93.20344797666458,27.780930855540586]}"
00000000000000000035,Chayangtajo,East Kameng,True,0.2439606558108383,0.338889203783133,-0.3332605089043837,-0.2848924114175341,Arunachal Pradesh,Langchu Sullung,54,"{""type"":""Point"",""coordinates"":[92.93551397166617,27.7569542691762]}"
00000000000000000036,Chayangtajo,East Kameng,True,0.3426085759311051,0.3409214914840686,-0.3359584607804913,-0.2978652528757993,Arunachal Pradesh,Nampe Bagang,55,"{""type"":""Point"",""coordinates"":[93.0313043804963,27.714062176143116]}"
00000000000000000037,Chayangtajo,East Kameng,True,0.3070285870529761,0.3194357850702939,-0.3308556613371741,-0.3223239146464075,Arunachal Pradesh,Raro Sullung,56,"{""type"":""Point"",""coordinates"":[93.07173504974789,27.689006487323798]}"
00000000000000000038,Chayangtajo,East Kameng,True,0.3068991773096579,0.3223363103877221,-0.2561689114459539,-0.2102375640235611,Arunachal Pradesh,Tamsang Yangfo,57,"{""type"":""Point"",""coordinates"":[93.09178762718524,27.676097389774075]}"
00000000000000000039,Chayangtajo,East Kameng,True,0.261796609897398,0.331798499586892,-0.3012337564337287,-0.2609748001213012,Arunachal Pradesh,Warriam Sullung,58,"{""type"":""Point"",""coordinates"":[92.98025659163645,27.727943357722484]}"
0000000000000000003a,Khenewa,East Kameng,True,0.2814541579222095,0.2810124362298268,-0.3130213904853479,-0.2965583315768013,Arunachal Pradesh,Wallong,59,"{""type"":""Point"",""coordinates"":[92.96858712417958,27.653066132833022]}"
0000000000000000003b,Damin,Kurung Kumey,True,0.2517012666103949,0.2997521489825179,-0.3086677363524618,-0.3410025123468583,Arunachal Pradesh,Chate,60,"{""type"":""Point"",""coordinates"":[93.32362520915599,28.11918042505078]}"
0000000000000000003c,Damin,Kurung Kumey,True,0.2460869967836672,0.317717026494939,-0.3448323544809763,-0.3184598430199732,Arunachal Pradesh,Chulla,61,"{""type"":""Point"",""coordinates"":[93.41127329946252,28.124299473060137]}"
0000000000000000003d,Damin,Kurung Kumey,True,0.5181143301433337,0.3345424962335812,-0.2262679418032296,-0.2609824169467073,Arunachal Pradesh,Damin H.Q.,62,"{""type"":""Point"",""coordinates"":[93.33438501999797,28.1041978455112]}"
0000000000000000003e,Damin,Kurung Kumey,True,0.3288266801186517,0.3024667340543477,-0.3254359147816595,-0.306036017254939,Arunachal Pradesh,Damin Village,63,"{""type"":""Point"",""coordinates"":[93.34435556995346,28.10500940190293]}"
0000000000000000003f,Damin,Kurung Kumey,True,0.2138283255865365,0.2913440874341598,-0.381902626393348,-0.3601819320011926,Arunachal Pradesh,Digok,64,"{""type"":""Point"",""coordinates"":[93.34968865481338,28.127251397957515]}"
00000000000000000040,Damin,Kurung Kumey,True,0.1989545946097159,0.3263191350238739,-0.3014846598980231,-0.3392218373559768,Arunachal Pradesh,Fuba,65,"{""type"":""Point"",""coordinates"":[93.33768029567646,28.11985374930985]}"
00000000000000000041,Damin,Kurung Kumey,True,0.2689520869482635,0.3186487288903714,-0.2713559432224904,-0.2845250339275264,Arunachal Pradesh,Huri,66,"{""type"":""Point"",""coordinates"":[93.30459822496094,28.109508634865858]}"
00000000000000000042,Damin,Kurung Kumey,True,0.2303687288401137,0.3309190618451191,-0.2458694481715639,-0.2899996159634861,Arunachal Pradesh,Katuk,67,"{""type"":""Point"",""coordinates"":[93.2501392237952,28.118908419886516]}"
00000000000000000043,Damin,Kurung Kumey,True,0.2893521634557637,0.3117375056148909,-0.2743459403109317,-0.2663701023881273,Arunachal Pradesh,Kopila,68,"{""type"":""Point"",""coordinates"":[93.30888342107332,28.10922325239843]}"
00000000000000000044,Damin,Kurung Kumey,True,0.2431771439802231,0.3141732141960885,-0.3182102539408525,-0.3138728869704436,Arunachal Pradesh,Machang,69,"{""type"":""Point"",""coordinates"":[93.30057165670968,28.096247268332903]}"
00000000000000000045,Damin,Kurung Kumey,True,0.2263503501007745,0.3028135447867306,-0.3457386313280434,-0.3609192801197929,Arunachal Pradesh,Nisuk,70,"{""type"":""Point"",""coordinates"":[93.41492976232635,28.108184281852985]}"
00000000000000000046,Damin,Kurung Kumey,True,0.2390521038034538,0.315631932965139,-0.3068495843404967,-0.2788695804102017,Arunachal Pradesh,Pipa,71,"{""type"":""Point"",""coordinates"":[93.28314994889386,28.073586116779296]}"
00000000000000000047,Damin,Kurung Kumey,True,0.2421605579728688,0.2986376304406833,-0.3234770749888771,-0.3576344147523167,Arunachal Pradesh,Ramu,72,"{""type"":""Point"",""coordinates"":[93.41910794001343,28.1084027778046]}"
00000000000000000048,Damin,Kurung Kumey,True,0.2484970155471403,0.3037658099949892,-0.3413832561833969,-0.3174226484658499,Arunachal Pradesh,Rane,73,"{""type"":""Point"",""coordinates"":[93.34761071372247,28.144039913423743]}"
00000000000000000049,Damin,Kurung Kumey,True,0.2183586723834008,0.3295232690535151,-0.3095639986721595,-0.3123033025634583,Arunachal Pradesh,Rawiok,74,"{""type"":""Point"",""coordinates"":[93.32492280756254,28.137739203635224]}"
0000000000000000004a,Damin,Kurung Kumey,True,0.2005363779768912,0.327017442520318,-0.3281642373225775,-0.2949124986238178,Arunachal Pradesh,Ruba,75,"{""type"":""Point"",""coordinates"":[93.23343097214794,28.12217248185764]}"
0000000000000000004b,Damin,Kurung Kumey,True,0.2151368730394534,0.330159216486542,-0.3125858712606488,-0.3118243178172515,Arunachal Pradesh,Senamriang,76,"{""type"":""Point"",""coordinates"":[93.31913043529411,28.132049390691027]}"
0000000000000000004c,Damin,Kurung Kumey,True,0.2792556508132427,0.3273470572157617,-0.3099529000323773,-0.3042020792605554,Arunachal Pradesh,Sibia,77,"{""type"":""Point"",""coordinates"":[93.30126727647401,28.107020456478025]}"
0000000000000000004d,Damin,Kurung Kumey,True,0.2148348365046151,0.3376801807332684,-0.3395523233713188,-0.3156505834759012,Arunachal Pradesh,Tarba,78,"{""type"":""Point"",""coordinates"":[93.41954493191666,28.160752624172055]}"
0000000000000000004e,Damin,Kurung Kumey,True,0.2569911570609671,0.3037629055634009,-0.332901480724439,-0.3248084741261078,Arunachal Pradesh,Tokriang,79,"{""type"":""Point"",""coordinates"":[93.33119676274474,28.111073779335616]}"
0000000000000000004f,Damin,Kurung Kumey,True,0.2904124950142671,0.3117955124484286,-0.3178156729936152,-0.3034300749868769,Arunachal Pradesh,Yaso,80,"{""type"":""Point"",""coordinates"":[93.34733870855821,28.10027383658416]}"
00000000000000000050,Koloriang,Kurung Kumey,True,0.3232160265985372,0.3107197882087382,-0.374431213903821,-0.3152058115784589,Arunachal Pradesh,Buhan,81,"{""type"":""Point"",""coordinates"":[93.28314994889386,27.88954563900042]}"
00000000000000000051,Koloriang,Kurung Kumey,True,0.2645509265859922,0.3395111103852589,-0.2944062208005268,-0.3004945967693064,Arunachal Pradesh,Buyang,82,"{""type"":""Point"",""coordinates"":[93.2861152510944,27.941993585591053]}"
00000000000000000052,Koloriang,Kurung Kumey,True,0.2645509265859922,0.3395111103852589,-0.2944062208005268,-0.3004945967693064,Arunachal Pradesh,Buyang-II,83,"{""type"":""Point"",""coordinates"":[93.2861152510944,27.941993585591053]}"
00000000000000000053,Koloriang,Kurung Kumey,True,0.3425221984976537,0.3176821952191627,-0.3150948728056082,-0.2489601062014181,Arunachal Pradesh,Chello,84,"{""type"":""Point"",""coordinates"":[93.2916445364007,27.884921551208006]}"
00000000000000000054,Koloriang,Kurung Kumey,True,0.3472895957570799,0.2840097828428874,-0.3220860145128472,-0.2835875394230813,Arunachal Pradesh,Chimpu,85,"{""type"":""Point"",""coordinates"":[93.25662721582796,27.95224059981187]}"
00000000000000000055,Koloriang,Kurung Kumey,True,0.3094780150710082,0.2772256069529611,-0.3267628233909213,-0.2990209106799572,Arunachal Pradesh,Chomi,86,"{""type"":""Point"",""coordinates"":[93.25954792701798,27.955674107623025]}"
00000000000000000056,Koloriang,Kurung Kumey,True,0.3544956890214549,0.2825009351170907,-0.313214179499921,-0.2815324904697195,Arunachal Pradesh,Chote,87,"{""type"":""Point"",""coordinates"":[93.2616615409173,27.952441259359272]}"
00000000000000000057,Koloriang,Kurung Kumey,True,0.2532268127603499,0.347712098035068,-0.292216009571535,-0.2788387303463316,Arunachal Pradesh,Kiodhriang,88,"{""type"":""Point"",""coordinates"":[93.25418362845068,27.85817140398838]}"
00000000000000000058,Koloriang,Kurung Kumey,True,0.2476662947581364,0.3540208159946944,-0.3158165539949311,-0.2430903606077143,Arunachal Pradesh,Nangram,89,"{""type"":""Point"",""coordinates"":[93.43878595296228,27.907172465464694]}"
00000000000000000059,Koloriang,Kurung Kumey,True,0.3600213604095654,0.3564483462900355,-0.3265006267119064,-0.2974452780017756,Arunachal Pradesh,Nyolo,90,"{""type"":""Point"",""coordinates"":[93.30762149547517,27.901264156568878]}"
0000000000000000005a,Koloriang,Kurung Kumey,True,0.3339255389049153,0.3386751657182519,-0.3457153822300287,-0.311015468869015,Arunachal Pradesh,Pakba,91,"{""type"":""Point"",""coordinates"":[93.3997821960478,27.890361654493198]}"
0000000000000000005b,Koloriang,Kurung Kumey,True,0.2782668198093342,0.3671008963344367,-0.3214115300363602,-0.2754246008178453,Arunachal Pradesh,Papu,92,"{""type"":""Point"",""coordinates"":[93.39174243684843,27.911154442705424]}"
0000000000000000005c,Koloriang,Kurung Kumey,True,0.3184635415340641,0.3311811726473804,-0.2939404487885872,-0.2728924109681369,Arunachal Pradesh,Rengchi,93,"{""type"":""Point"",""coordinates"":[93.42677759382535,27.89140954324076]}"
0000000000000000005d,Koloriang,Kurung Kumey,True,0.3228058069613979,0.3211391382827991,-0.3440028530347665,-0.3223464424804784,Arunachal Pradesh,Tate,94,"{""type"":""Point"",""coordinates"":[93.26991533696723,27.953930599111125]}"
0000000000000000005e,Koloriang,Kurung Kumey,True,0.299690734512276,0.3717935259143511,-0.3061414659614595,-0.2341564571259693,Arunachal Pradesh,Yumlam,95,"{""type"":""Point"",""coordinates"":[93.45600700123069,27.889795348659415]}"
0000000000000000005f,Parsi-Parlo,Kurung Kumey,True,0.3092506546923455,0.3177164937187016,-0.2735671249794709,-0.2375395741857347,Arunachal Pradesh,Cheba,96,"{""type"":""Point"",""coordinates"":[93.48009952422245,28.02049605963697]}"
00000000000000000060,Parsi-Parlo,Kurung Kumey,True,0.3253267401692558,0.29506779289515,-0.2604427127548189,-0.2780821205008876,Arunachal Pradesh,Dape,97,"{""type"":""Point"",""coordinates"":[93.47626023821545,28.030506741501952]}"
00000000000000000061,Parsi-Parlo,Kurung Kumey,True,0.3412527924270502,0.3220572953245469,-0.2598534574029087,-0.2450263702194048,Arunachal Pradesh,Dare,98,"{""type"":""Point"",""coordinates"":[93.45663573447922,28.040744837520663]}"
00000000000000000062,Parsi-Parlo,Kurung Kumey,True,0.3334621113932547,0.3002892865779552,-0.2382440747482843,-0.2651020101110452,Arunachal Pradesh,Geyang,99,"{""type"":""Point"",""coordinates"":[93.47183235086939,28.03230375922649]}"
00000000000000000063,Parsi-Parlo,Kurung Kumey,True,0.3692462614747915,0.3424616120169672,-0.2257792384183928,-0.1887461972088348,Arunachal Pradesh,Gonang,100,"{""type"":""Point"",""coordinates"":[93.51698966723762,27.988484173174275]}"
00000000000000000064,Parsi-Parlo,Kurung Kumey,True,0.2984807144547994,0.2977280257740063,-0.2527688859486918,-0.2165885788036362,Arunachal Pradesh,Nyokuriang,101,"{""type"":""Point"",""coordinates"":[93.56220495191955,28.006235854468045]}"
00000000000000000065,Parsi-Parlo,Kurung Kumey,True,0.3269206511231762,0.3208926593236318,-0.2295489040231327,-0.2116747887594899,Arunachal Pradesh,Pachang,102,"{""type"":""Point"",""coordinates"":[93.47201517401257,28.025053260913587]}"
00000000000000000066,Parsi-Parlo,Kurung Kumey,True,0.2747169411049209,0.3005363159339522,-0.3115665631086799,-0.2299696543078345,Arunachal Pradesh,Pado I,103,"{""type"":""Point"",""coordinates"":[93.57578737372836,27.975601830230875]}"
00000000000000000067,Parsi-Parlo,Kurung Kumey,True,0.3259579168337657,0.308922104958284,-0.2863543954635738,-0.3089843998349652,Arunachal Pradesh,Pagam,104,"{""type"":""Point"",""coordinates"":[93.45849963871957,28.049310770644333]}"
00000000000000000068,Parsi-Parlo,Kurung Kumey,True,0.3457722899717972,0.3071365087860564,-0.2835087589442567,-0.2551583219081641,Arunachal Pradesh,Pape,105,"{""type"":""Point"",""coordinates"":[93.4902573564222,28.01296017885665]}"
00000000000000000069,Parsi-Parlo,Kurung Kumey,True,0.2871801324698793,0.2957865654686351,-0.2976308895899552,-0.3031961143531275,Arunachal Pradesh,Pariang,106,"{""type"":""Point"",""coordinates"":[93.48038044758883,28.03281655584764]}"
0000000000000000006a,Parsi-Parlo,Kurung Kumey,True,0.3271255055577126,0.2998275817832904,-0.2722470978982378,-0.2963142375697617,Arunachal Pradesh,Passik,107,"{""type"":""Point"",""coordinates"":[93.47054367066492,28.036000353999793]}"
0000000000000000006b,Parsi-Parlo,Kurung Kumey,True,0.3011378189085296,0.2896794816015532,-0.2983037936502095,-0.2393011710849376,Arunachal Pradesh,Pilop,108,"{""type"":""Point"",""coordinates"":[93.56747115026367,28.00412669966976]}"
0000000000000000006c,Parsi-Parlo,Kurung Kumey,True,0.3002212807283563,0.3066732572296918,-0.2991206579282714,-0.3093311248755809,Arunachal Pradesh,Rashik,109,"{""type"":""Point"",""coordinates"":[93.55084762153643,28.008059626798907]}"
0000000000000000006d,Parsi-Parlo,Kurung Kumey,True,0.2825627537198769,0.2971216324357891,-0.3360570974598543,-0.2722070769858263,Arunachal Pradesh,Yarba-I,110,"{""type"":""Point"",""coordinates"":[93.56540212737488,27.96349091176971]}"
0000000000000000006e,Sarli,Kurung Kumey,True,0.2987499965230624,0.3124120323856672,-0.3165312698470577,-0.3331836321683574,Arunachal Pradesh,Bala,111,"{""type"":""Point"",""coordinates"":[93.1252487214903,27.94310390175336]}"
0000000000000000006f,Sarli,Kurung Kumey,True,0.2920630127191543,0.3491038445160288,-0.3443965157344723,-0.3014537397652365,Arunachal Pradesh,Chaching,112,"{""type"":""Point"",""coordinates"":[93.23394822787014,27.937596911952358]}"
00000000000000000070,Sarli,Kurung Kumey,True,0.2975980408911434,0.2586422490326069,-0.2918023391298217,-0.2878831079949584,Arunachal Pradesh,Chulu,113,"{""type"":""Point"",""coordinates"":[93.05452291968159,27.87920944275853]}"
00000000000000000071,Sarli,Kurung Kumey,True,0.2343494529061698,0.2960067535881518,-0.2950880416276512,-0.2622360711242803,Arunachal Pradesh,Gane,114,"{""type"":""Point"",""coordinates"":[93.03913456194614,27.9643158454646]}"
00000000000000000072,Sarli,Kurung Kumey,True,0.2780754154620889,0.3006703960162967,-0.3472270133234885,-0.332344744635357,Arunachal Pradesh,Haraiho,115,"{""type"":""Point"",""coordinates"":[93.13839415139584,27.980448873075968]}"
00000000000000000073,Sarli,Kurung Kumey,True,0.3031352746713857,0.2838742502133942,-0.2332967395609566,-0.2152575194753106,Arunachal Pradesh,Kapu,116,"{""type"":""Point"",""coordinates"":[93.07524882137801,27.887998330934877]}"
00000000000000000074,Sarli,Kurung Kumey,True,0.2605672572840608,0.3296775638462434,-0.3309482749574342,-0.3306041171605578,Arunachal Pradesh,Koropu,117,"{""type"":""Point"",""coordinates"":[93.20233766050227,27.98990662641033]}"
00000000000000000075,Sarli,Kurung Kumey,True,0.267042650417848,0.3031416046365208,-0.3299317325063177,-0.3143574197739771,Arunachal Pradesh,Machane,118,"{""type"":""Point"",""coordinates"":[93.07700124809202,27.92209707669058]}"
00000000000000000076,Sarli,Kurung Kumey,True,0.2811233124418839,0.2873235689560036,-0.3223785352662183,-0.3093008338913558,Arunachal Pradesh,Malo,119,"{""type"":""Point"",""coordinates"":[93.11535397625269,27.956383104690516]}"
00000000000000000077,Sarli,Kurung Kumey,True,0.2810768493016561,0.2878796320491367,-0.276422196399044,-0.2662348894520134,Arunachal Pradesh,Milli,120,"{""type"":""Point"",""coordinates"":[93.05746592637686,27.950635323432625]}"
00000000000000000078,Sarli,Kurung Kumey,True,0.2632304521154207,0.3492948008506787,-0.3631234351346019,-0.3439516799868156,Arunachal Pradesh,Namjo,121,"{""type"":""Point"",""coordinates"":[93.18496946189909,27.942996883328078]}"
00000000000000000079,Sarli,Kurung Kumey,True,0.3543145475975637,0.3691220203348036,-0.2729192584070015,-0.2755625225201671,Arunachal Pradesh,New Sarli,122,"{""type"":""Point"",""coordinates"":[93.17052197448594,27.958220254324537]}"
0000000000000000007a,Sarli,Kurung Kumey,True,0.2670429187142596,0.2583119646296187,-0.2844171172677552,-0.2885300742372975,Arunachal Pradesh,Riya,123,"{""type"":""Point"",""coordinates"":[93.04673287014121,27.877679971097205]}"
0000000000000000007b,Sarli,Kurung Kumey,True,0.3036268498169051,0.2920314788487222,-0.3099458862061665,-0.2972480389954759,Arunachal Pradesh,Sape,124,"{""type"":""Point"",""coordinates"":[93.13214249171892,27.9549294377471]}"
0000000000000000007c,Sarli,Kurung Kumey,True,0.5349841442914451,0.4925895840897406,-0.2336470267916904,-0.2067595483350186,Arunachal Pradesh,Sarli,125,"{""type"":""Point"",""coordinates"":[93.16337403549726,27.95255719598666]}"
0000000000000000007d,Sarli,Kurung Kumey,True,0.4573357466002614,0.4528480047372508,-0.2306627686620204,-0.2203867225732382,Arunachal Pradesh,Sate,126,"{""type"":""Point"",""coordinates"":[93.15724277154878,27.953738857765828]}"
0000000000000000007e,Sarli,Kurung Kumey,True,0.3076209036101188,0.2837779017697487,-0.3236996170703531,-0.2985951229133035,Arunachal Pradesh,Wabia,127,"{""type"":""Point"",""coordinates"":[93.13603974603964,27.941391606948837]}"
0000000000000000007f,Sarli,Kurung Kumey,True,0.3076209036101188,0.2837779017697487,-0.3236996170703531,-0.2985951229133035,Arunachal Pradesh,Walu,128,"{""type"":""Point"",""coordinates"":[93.13603974603964,27.941391606948837]}"
00000000000000000080,Sarli,Kurung Kumey,True,0.3043431781207438,0.2651690820786466,-0.2413557206393951,-0.2740769476844548,Arunachal Pradesh,Waru,129,"{""type"":""Point"",""coordinates"":[93.04481099758719,27.885264901989114]}"
00000000000000000081,Hunli-Desali,Lower Dibang,True,0.3135208863508939,0.2816047672752266,-0.2628157393425416,-0.2348090481759946,Arunachal Pradesh,Chanli,130,"{""type"":""Point"",""coordinates"":[96.02962622433857,28.292349614461347]}"
00000000000000000082,Jang-Thingbu,Tawang,True,0.3253385157683051,0.3608065135735651,-0.1160292710244885,-0.0590072238055179,Arunachal Pradesh,Broxer,131,"{""type"":""Point"",""coordinates"":[91.96319806876019,27.622646145446417]}"
00000000000000000083,Jang-Thingbu,Tawang,True,0.3449604102321879,0.3028233486872453,0.2363721420807781,0.2154251058111171,Arunachal Pradesh,Luguthang,132,"{""type"":""Point"",""coordinates"":[92.18574734323661,27.59482135487292]}"
00000000000000000084,Jang-Thingbu,Tawang,True,0.3740740691953235,0.3194250052836206,0.0319428703688963,0.0404382755186536,Arunachal Pradesh,Mago,133,"{""type"":""Point"",""coordinates"":[92.20810973501965,27.68833762216578]}"
00000000000000000085,Jang-Thingbu,Tawang,True,0.3702737302122628,0.3469955163084872,-0.0863360667661473,-0.0324879745207282,Arunachal Pradesh,Namazing,134,"{""type"":""Point"",""coordinates"":[91.97682062247847,27.550627204332216]}"
00000000000000000086,Jang-Thingbu,Tawang,True,0.3831742907475148,0.334834444003978,-0.1134784086079056,-0.0221593736296778,Arunachal Pradesh,Rho,135,"{""type"":""Point"",""coordinates"":[91.98722816433721,27.61410696692906]}"
00000000000000000087,Kitpi,Tawang,True,1.1792122750276963,0.8847767963473286,-0.0648292776277941,-0.0030965660690475,Arunachal Pradesh,Kitpi,136,"{""type"":""Point"",""coordinates"":[91.90283967690074,27.573118910045796]}"
00000000000000000088,Kitpi,Tawang,True,1.1792122750276963,0.8847767963473286,-0.0648292776277941,-0.0030965660690475,Arunachal Pradesh,Kitpi II,137,"{""type"":""Point"",""coordinates"":[91.90283967690074,27.573118910045796]}"
00000000000000000089,Tawang,Tawang,True,0.7924999988923861,0.5528899583760208,-0.1144916444402681,-0.0104110517712083,Arunachal Pradesh,Famla,138,"{""type"":""Point"",""coordinates"":[91.85233143926837,27.561244323940468]}"
0000000000000000008a,Tawang,Tawang,True,0.4036676006610166,0.421729982465339,-0.0733814695225646,-0.0093909473735211,Arunachal Pradesh,Gyangong Ani Gompa,139,"{""type"":""Point"",""coordinates"":[91.85251872151261,27.60030604916865]}"
0000000000000000008b,Tawang,Tawang,True,0.4392099823992131,0.3922099878559005,-0.115946373286294,-0.0224132092719345,Arunachal Pradesh,Jangda,140,"{""type"":""Point"",""coordinates"":[91.97423880296851,27.594232753533866]}"
0000000000000000008c,Tawang,Tawang,True,4.404845047504344,2.0589435930882165,0.0658614026696629,0.1075398535075263,Arunachal Pradesh,Mandrelling,141,"{""type"":""Point"",""coordinates"":[91.86972639247786,27.595289560483533]}"
0000000000000000008d,Tawang,Tawang,True,0.3838044267047095,0.3670777031765864,-0.1307489458968653,-0.0542397053802184,Arunachal Pradesh,Sakpret,142,"{""type"":""Point"",""coordinates"":[91.79900950887126,27.575678434050474]}"
0000000000000000008e,Tawang,Tawang,True,0.8367808195689739,0.5441935635887435,-0.1226953125161203,-0.0158357224864358,Arunachal Pradesh,Shyro,143,"{""type"":""Point"",""coordinates"":[91.94647643980977,27.57444772215973]}"
0000000000000000008f,Tawang,Tawang,True,4.404845047504344,2.0589435930882165,0.0658614026696629,0.1075398535075263,Arunachal Pradesh,Singsore Ani Gompa,144,"{""type"":""Point"",""coordinates"":[91.86972639247786,27.595289560483533]}"
00000000000000000090,Tawang,Tawang,True,1.153208825367616,0.7321441877247098,-0.1264489791117433,-0.0568506457796584,Arunachal Pradesh,Tawang Gompa,145,"{""type"":""Point"",""coordinates"":[91.85738805986297,27.58660769073247]}"
00000000000000000091,Tawang,Tawang,True,0.4192716571313163,0.3805788859268323,-0.1879031032657998,-0.0987736059837669,Arunachal Pradesh,Thongleng,146,"{""type"":""Point"",""coordinates"":[91.79215141145107,27.572940546003657]}"
00000000000000000092,Zemithang-Dudunghar,Tawang,True,0.431085204810239,0.336713475859567,-0.1251173189976501,-0.0276572089319052,Arunachal Pradesh,Brokenthang,147,"{""type"":""Point"",""coordinates"":[91.72411890667863,27.735260742551194]}"
00000000000000000093,Zemithang-Dudunghar,Tawang,True,1.7411796344651118,0.3939444424377548,-0.1374577887370329,-0.0656733252148854,Arunachal Pradesh,Gorsam,148,"{""type"":""Point"",""coordinates"":[91.7142464569463,27.69732716988953]}"
00000000000000000094,Zemithang-Dudunghar,Tawang,True,0.3392328463944812,0.3464382956558692,0.0376143384632084,0.1027995272454369,Arunachal Pradesh,Kharman,149,"{""type"":""Point"",""coordinates"":[91.74630739352058,27.691851393795897]}"
00000000000000000095,Zemithang-Dudunghar,Tawang,True,0.5705586666501434,0.3590465578619994,-0.1594877083395433,-0.0562289322125455,Arunachal Pradesh,Lumpo,150,"{""type"":""Point"",""coordinates"":[91.7144025254832,27.720483281660073]}"
00000000000000000096,Zemithang-Dudunghar,Tawang,True,0.3190348910993351,0.3050965129798133,-0.128931720043385,-0.0825591279699687,Arunachal Pradesh,Maling,151,"{""type"":""Point"",""coordinates"":[92.06936034664062,27.635082578284475]}"
00000000000000000097,Zemithang-Dudunghar,Tawang,True,0.3624916477232574,0.3550668117861971,-0.1093149023618791,-0.0393783747597631,Arunachal Pradesh,Muktur,152,"{""type"":""Point"",""coordinates"":[91.66276167618322,27.58005727128496]}"
00000000000000000098,Zemithang-Dudunghar,Tawang,True,0.4085080364359868,0.3851008964159564,-0.1658387030635031,-0.1018208880564776,Arunachal Pradesh,Ramyang,153,"{""type"":""Point"",""coordinates"":[91.6549671675418,27.514700227144598]}"
00000000000000000099,Zemithang-Dudunghar,Tawang,True,0.3858602130174371,0.3532239515272211,-0.1642757247816831,-0.1222044175327923,Arunachal Pradesh,Shakti,154,"{""type"":""Point"",""coordinates"":[91.71386743335677,27.611391374387523]}"
0000000000000000009a,Zemithang-Dudunghar,Tawang,True,0.3229620406031608,0.3175777768426471,-0.1622682626139256,-0.0880767065477497,Arunachal Pradesh,Shoktsen,155,"{""type"":""Point"",""coordinates"":[91.73185544700637,27.741655093461837]}"
0000000000000000009b,Zemithang-Dudunghar,Tawang,True,0.29704613652679,0.3366936445901436,-0.1984606649537189,-0.1217966384207548,Arunachal Pradesh,Sirdi,156,"{""type"":""Point"",""coordinates"":[91.72303088602159,27.646653945518175]}"
0000000000000000009c,Singa-Gelling,Upper Siang,True,0.2603489192729538,0.3078090175820352,-0.3180918805760148,-0.3313810687722822,Arunachal Pradesh,Bishing,157,"{""type"":""Point"",""coordinates"":[95.02681007022701,29.110773021810804]}"
0000000000000000009d,Singa-Gelling,Upper Siang,True,0.2593917697503784,0.3312706719948411,-0.2803367668762225,-0.2750570824222493,Arunachal Pradesh,Bona,158,"{""type"":""Point"",""coordinates"":[94.94753617169886,29.097418014155735]}"
0000000000000000009e,Singa-Gelling,Upper Siang,True,0.2740987004348019,0.2503258910758535,-0.3161838569016577,-0.3040008941431302,Arunachal Pradesh,Mankota,159,"{""type"":""Point"",""coordinates"":[95.07594490473495,28.887831346441672]}"
0000000000000000009f,Singa-Gelling,Upper Siang,True,0.265493051231758,0.3002689312959476,-0.3690475712167982,-0.3496453769048926,Arunachal Pradesh,Mayum,160,"{""type"":""Point"",""coordinates"":[94.95978978139372,29.092419361874825]}"
000000000000000000a0,Singa-Gelling,Upper Siang,True,0.2481259262754715,0.2220117167536435,-0.3807628462994757,-0.3521239314100819,Arunachal Pradesh,Tashi Gaon,161,"{""type"":""Point"",""coordinates"":[95.10283328408721,28.87433810665394]}"
000000000000000000a1,Tuting,Upper Siang,True,0.4155217530123428,0.3502424446354924,-0.1692797012242252,-0.1493472210283597,Arunachal Pradesh,Jido,162,"{""type"":""Point"",""coordinates"":[94.90488041102161,28.982061069903082]}"
000000000000000000a2,Tuting,Upper Siang,True,0.4983690031011856,0.4707912581223425,-0.1489951938201483,-0.1476733659910978,Arunachal Pradesh,Lali,163,"{""type"":""Point"",""coordinates"":[94.89121772539383,29.000392434333808]}"
000000000000000000a3,Tuting,Upper Siang,True,0.2478420465057498,0.289104553596329,-0.2344920061709976,-0.2391508690768666,Arunachal Pradesh,Ngaming,164,"{""type"":""Point"",""coordinates"":[94.93814084577924,28.968634716631165]}"
000000000000000000a4,Tuting,Upper Siang,True,0.2160629587372144,0.2518185107078817,-0.358622867415818,-0.3734105347038766,Arunachal Pradesh,Nyering,165,"{""type"":""Point"",""coordinates"":[95.01045854666403,28.93606990163785]}"
000000000000000000a5,Tuting,Upper Siang,True,0.2513586337974232,0.3387238755740217,-0.2638074318786548,-0.2900040934172367,Arunachal Pradesh,Pango,166,"{""type"":""Point"",""coordinates"":[94.75785493108738,28.88702870825205]}"
000000000000000000a6,Tuting,Upper Siang,True,0.5192830704334306,0.3522089867131938,-0.183902521176186,-0.1730089869606337,Arunachal Pradesh,Pekong,167,"{""type"":""Point"",""coordinates"":[94.89192672246133,28.987880196777837]}"
000000000000000000a7,Tuting,Upper Siang,True,0.5192830704334306,0.3522089867131938,-0.183902521176186,-0.1730089869606337,Arunachal Pradesh,Pekong,168,"{""type"":""Point"",""coordinates"":[94.89192672246133,28.987880196777837]}"
000000000000000000a8,Tuting,Upper Siang,True,0.260356623150728,0.2684561746119142,-0.2429601153246995,-0.2366208112743336,Arunachal Pradesh,Pokbir,169,"{""type"":""Point"",""coordinates"":[94.9375522444402,28.96397941513136]}"
000000000000000000a9,Tuting,Upper Siang,True,0.5071700069808853,0.461296819009558,-0.1462010759373873,-0.1322808893269617,Arunachal Pradesh,Rishing,170,"{""type"":""Point"",""coordinates"":[94.8852915800938,28.99840367526397]}"
000000000000000000aa,Tuting,Upper Siang,True,0.2599117010173945,0.3194002942336316,-0.266140560674387,-0.2464508200259416,Arunachal Pradesh,Tenggo,171,"{""type"":""Point"",""coordinates"":[94.47865277772694,29.06682412182804]}"
000000000000000000ab,Limeking,Upper Subansiri,True,0.1901703535851852,0.3138664801805716,-0.2346499408950415,-0.2216586972954796,Arunachal Pradesh,Dadu,172,"{""type"":""Point"",""coordinates"":[93.53957501407332,28.362584915154173]}"
000000000000000000ac,Limeking,Upper Subansiri,True,0.3106022083956892,0.3245414357817634,0.0145810517356706,0.0417477259516728,Arunachal Pradesh,Gumsing,173,"{""type"":""Point"",""coordinates"":[93.21725335352603,28.432182564396356]}"
000000000000000000ad,Limeking,Upper Subansiri,True,0.3888815323314393,0.3461837784672941,-0.0389936812525902,0.0015265104559098,Arunachal Pradesh,Lingbing,174,"{""type"":""Point"",""coordinates"":[93.21511744412143,28.43672638836982]}"
000000000000000000ae,Limeking,Upper Subansiri,True,0.3650883986475718,0.3082265217330574,-0.2448779665081644,-0.2267970021222134,Arunachal Pradesh,Redding,175,"{""type"":""Point"",""coordinates"":[93.46215610158339,28.485107634799707]}"
000000000000000000af,Limeking,Upper Subansiri,True,0.3650883986475718,0.3082265217330574,-0.2448779665081644,-0.2267970021222134,Arunachal Pradesh,Redding Camp,176,"{""type"":""Point"",""coordinates"":[93.46215610158339,28.485107634799707]}"
000000000000000000b0,Limeking,Upper Subansiri,True,0.3106022083956892,0.3245414357817634,0.0145810517356706,0.0417477259516728,Arunachal Pradesh,Taying,177,"{""type"":""Point"",""coordinates"":[93.21725335352603,28.432182564396356]}"
000000000000000000b1,Limeking,Upper Subansiri,True,0.2436117258229871,0.3405261687220868,0.0126246103146316,0.0319955928749391,Arunachal Pradesh,Yaja,178,"{""type"":""Point"",""coordinates"":[93.2468439481167,28.43543324906432]}"
000000000000000000b2,Nacho,Upper Subansiri,True,0.1982685184313191,0.3127046291033426,-0.3376275142700056,-0.3271265954595955,Arunachal Pradesh,Chokar,179,"{""type"":""Point"",""coordinates"":[93.80940413701944,28.427915204688215]}"
000000000000000000b3,Nafra,West Kameng,True,0.5382803232142968,0.4953869047042514,-0.0520544791371469,0.0098980704352361,Arunachal Pradesh,Jerigaon,180,"{""type"":""Point"",""coordinates"":[92.47264590501533,27.340322621348545]}"
000000000000000000b4,Nafra,West Kameng,True,0.3504880582965902,0.3000765237602649,-0.3486181210276176,-0.3128598029847961,Arunachal Pradesh,Khellong,181,"{""type"":""Point"",""coordinates"":[92.41451706368261,27.013385791210947]}"
000000000000000000b5,Pipsorang,Kra daadi,True,0.2699363260456685,0.3173361380783359,-0.3586788914918684,-0.3518814316042731,Arunachal Pradesh,Gatam,182,"{""type"":""Point"",""coordinates"":[93.60013852458123,28.097946185834264]}"
000000000000000000b6,Pipsorang,Kra daadi,True,0.2814972054358967,0.2870968431067866,-0.3571564847980141,-0.3291880140558603,Arunachal Pradesh,Habak,183,"{""type"":""Point"",""coordinates"":[93.58273911227067,28.108483041623558]}"
000000000000000000b7,Pipsorang,Kra daadi,True,0.2644889171591203,0.3004199552361296,-0.3682929467569203,-0.349824326656065,Arunachal Pradesh,Hapuk (I),184,"{""type"":""Point"",""coordinates"":[93.58392969225194,28.096786819560368]}"
000000000000000000b8,Pipsorang,Kra daadi,True,0.2614820003174287,0.2921400450346039,-0.3192139005622647,-0.3095820105740143,Arunachal Pradesh,Kokso,185,"{""type"":""Point"",""coordinates"":[93.61159395518753,28.083815294595897]}"
000000000000000000b9,Pipsorang,Kra daadi,True,0.2735084327084295,0.3056797789053971,-0.3624914928785459,-0.323257622295115,Arunachal Pradesh,Richik,186,"{""type"":""Point"",""coordinates"":[93.65433889788586,28.064815065007163]}"
000000000000000000ba,Chungthang,North,True,1.6991583488083308,1.0351106918283872,-0.081936056205728,-0.0952839026013121,Sikkim,Chungthang,187,"{""type"":""Point"",""coordinates"":[88.64651870520714,27.60423451719674]}"
000000000000000000bb,Chungthang,North,True,0.3519908902105547,0.3675817576140465,-0.1902774815519205,-0.2127791428279866,Sikkim,Tung,188,"{""type"":""Point"",""coordinates"":[88.64930118426449,27.547501374493752]}"
000000000000000000bc,Kabi Tingda,North,True,0.3742286746706205,0.4049126295521939,-0.2514193429154625,-0.2240494989232847,Sikkim,Chawang,189,"{""type"":""Point"",""coordinates"":[88.59919872482797,27.441499624251236]}"
000000000000000000bd,Kabi Tingda,North,True,0.3593346281080841,0.3511868972157051,-0.2218379775778582,-0.20384717892979,Sikkim,Labi,190,"{""type"":""Point"",""coordinates"":[88.65840220951458,27.437299151058884]}"
000000000000000000be,Kabi Tingda,North,True,0.4190462965104314,0.4081425925095876,-0.2060696969501086,-0.2044922568057432,Sikkim,Paney-Phensong,191,"{""type"":""Point"",""coordinates"":[88.61276776933362,27.434048466390923]}"
000000000000000000bf,Kabi Tingda,North,True,0.339695696415526,0.3533810782298613,-0.2394302637764297,-0.2084651981646377,Sikkim,Phamtam,192,"{""type"":""Point"",""coordinates"":[88.60999866757942,27.45570186110646]}"
000000000000000000c0,Kabi Tingda,North,True,0.9851003040478924,0.6528037040252387,-0.2566262628678016,-0.2443884718872748,Sikkim,Phodong,193,"{""type"":""Point"",""coordinates"":[88.58386833540622,27.413032723126033]}"
000000000000000000c1,Kabi Tingda,North,True,0.4838083166772033,0.4429693329011344,-0.2404044425609695,-0.2383595999072507,Sikkim,Ramthang,194,"{""type"":""Point"",""coordinates"":[88.55094679232865,27.403985207088592]}"
000000000000000000c2,Kabi Tingda,North,True,0.4376955354346909,0.4369217791703825,-0.2702025482333422,-0.2560696007061122,Sikkim,Rongong,195,"{""type"":""Point"",""coordinates"":[88.56349916179408,27.409202355321124]}"
000000000000000000c3,Kabi Tingda,North,True,0.4571001877945461,0.5131067261602101,-0.2156975309824854,-0.2119091241770904,Sikkim,Tangyek,196,"{""type"":""Point"",""coordinates"":[88.52700141967163,27.42069791783691]}"
000000000000000000c4,Kabi Tingda,North,True,0.5703370897957448,0.5232134883323412,-0.2288074429667956,-0.2205306465338769,Sikkim,Tingchim,197,"{""type"":""Point"",""coordinates"":[88.5277327122444,27.460758481701067]}"
000000000000000000c5,Kabi Tingda,North,True,0.4889415924969529,0.498046871740371,-0.2377339650819125,-0.2304544420337327,Sikkim,Tingda,198,"{""type"":""Point"",""coordinates"":[88.62719742034257,27.395700197331294]}"
000000000000000000c6,Kabi Tingda,North,True,0.4819100721756881,0.4635785880894166,-0.2268535973730094,-0.2158355262494111,Sikkim,Tumlong,199,"{""type"":""Point"",""coordinates"":[88.58983015351468,27.41987298414202]}"
000000000000000000c7,Lachen,North,True,0.6587425638322852,1.216574595210009,0.0302360628088148,0.0293353351348267,Sikkim,Lachen,200,"{""type"":""Point"",""coordinates"":[88.54690684677422,27.730547472737705]}"
000000000000000000c8,Lachung,North,True,0.3326486454095064,0.3661538481446545,-0.250629658583354,-0.2084659525721097,Sikkim,Lachung,201,"{""type"":""Point"",""coordinates"":[88.71526466614812,27.779401383879254]}"
000000000000000000c9,Passingdang,North,True,0.3429308352894793,0.3608437296079129,-0.3041057374092077,-0.2850982541788867,Sikkim,Barfok,202,"{""type"":""Point"",""coordinates"":[88.49099863776611,27.49769767482781]}"
000000000000000000ca,Passingdang,North,True,0.3712839305872831,0.3823133488923177,-0.2499578804237398,-0.2351825720471733,Sikkim,Gor,203,"{""type"":""Point"",""coordinates"":[88.49841858191904,27.430280526000764]}"
000000000000000000cb,Passingdang,North,True,0.3754096815039991,0.3942998203818358,-0.2911924620115327,-0.2901480079386859,Sikkim,Hee-Gyathang,204,"{""type"":""Point"",""coordinates"":[88.49910082438022,27.481600320024874]}"
000000000000000000cc,Passingdang,North,True,0.3362653943953029,0.3240089570020908,-0.2186594810247872,-0.2088746464292089,Sikkim,Lingdem,205,"{""type"":""Point"",""coordinates"":[88.45693110571779,27.54948121536148]}"
000000000000000000cd,Passingdang,North,True,0.4377711841615581,0.410595101589537,-0.2279116053524439,-0.1909405703836172,Sikkim,Lingdong,206,"{""type"":""Point"",""coordinates"":[88.51946107979026,27.507307037597986]}"
000000000000000000ce,Passingdang,North,True,0.4279825030142781,0.416055307801367,-0.2112743970666694,-0.2058728374747398,Sikkim,Lingthem,207,"{""type"":""Point"",""coordinates"":[88.5014686070396,27.522472440280758]}"
000000000000000000cf,Passingdang,North,True,0.3457962550363763,0.3423516905480152,-0.2269470320776054,-0.2275682687167482,Sikkim,Lingzah-Tolung,208,"{""type"":""Point"",""coordinates"":[88.446603827678,27.571000837045407]}"
000000000000000000d0,Passingdang,North,True,0.3941946349354665,0.3653029470102365,-0.3061929611668485,-0.299772809107052,Sikkim,Lum,209,"{""type"":""Point"",""coordinates"":[88.48000249456831,27.394001279829933]}"
000000000000000000d1,Passingdang,North,True,0.4955302109052469,0.409230476496993,-0.2339704104495627,-0.2265796484316486,Sikkim,Namok,210,"{""type"":""Point"",""coordinates"":[88.53758286647145,27.450466876469715]}"
000000000000000000d2,Passingdang,North,True,0.3177683293954584,0.3334268719430954,-0.1935375831808016,-0.1843197089474949,Sikkim,Sakyong-Pentong,211,"{""type"":""Point"",""coordinates"":[88.40489785552512,27.579700543200676]}"
000000000000000000d3,Passingdang,North,True,0.4050675869981447,0.4571935146715906,-0.2892051815842997,-0.2760242126668413,Sikkim,Salim Pakel,212,"{""type"":""Point"",""coordinates"":[88.5518029397309,27.537900929925684]}"
000000000000000000d4,Passingdang,North,True,0.4301649770197638,0.427768087259696,-0.2491763373989547,-0.2414737713789778,Sikkim,Sangtok,213,"{""type"":""Point"",""coordinates"":[88.5039969173369,27.409099795996898]}"
000000000000000000d5,Passingdang,North,True,0.4526974018725602,0.470827745159245,-0.2099544366870027,-0.1943669563417083,Sikkim,Sheyam,214,"{""type"":""Point"",""coordinates"":[88.5280002583076,27.436701631517725]}"
000000000000000000d6,Passingdang,North,True,0.3894425544024861,0.3855753298533165,-0.2373767500277114,-0.2111379103931328,Sikkim,Shipgyer,215,"{""type"":""Point"",""coordinates"":[88.63361406675847,27.55444419483396]}"
000000000000000000d7,Passingdang,North,True,0.3616147009792733,0.3804677065735671,-0.2523543862034669,-0.2405658337129312,Sikkim,Tingbong,216,"{""type"":""Point"",""coordinates"":[88.49839628641378,27.552401926551482]}"
000000000000000000d8,Passingdang,North,True,0.7471053263153692,0.5537121205618887,-0.195653763051907,-0.1836280722628187,Sikkim,Zimchung,217,"{""type"":""Point"",""coordinates"":[88.53209817217574,27.490300026180147]}"
000000000000000000d9,Joshimath,Chamoli,True,0.5278188010741924,0.3824560014402557,-0.0026249550360172,0.0034610800556523,Uttarakhand,Bampa,218,"{""type"":""Point"",""coordinates"":[79.82971655627074,30.74366461387531]}"
000000000000000000da,Joshimath,Chamoli,True,0.6808072245211118,0.4055165516184422,0.0918432596272178,0.1009882719187524,Uttarakhand,Gamsali,219,"{""type"":""Point"",""coordinates"":[79.82618940733747,30.75599848738915]}"
000000000000000000db,Joshimath,Chamoli,True,0.4285874308784151,0.3708005504529984,0.0341942429090603,0.0445948906739306,Uttarakhand,Gurguti,220,"{""type"":""Point"",""coordinates"":[79.8758013656581,30.7737992187945]}"
000000000000000000dc,Joshimath,Chamoli,True,18.45351125764487,10.475582501391887,0.0086373938138908,0.0094701775197099,Uttarakhand,Joshimath,221,"{""type"":""Point"",""coordinates"":[79.5612608364491,30.555575272339908]}"
000000000000000000dd,Joshimath,Chamoli,True,0.4457593238013878,0.3491447350304378,0.0405419733257959,0.0384231932357383,Uttarakhand,Kailashpur,222,"{""type"":""Point"",""coordinates"":[79.86390002494646,30.714800852756355]}"
000000000000000000de,Joshimath,Chamoli,True,1.580878825362072,1.0263455284995282,-0.1109886736315439,-0.0883032134652612,Uttarakhand,Mahargaon,223,"{""type"":""Point"",""coordinates"":[79.42058065731392,30.40611066412945]}"
000000000000000000df,Joshimath,Chamoli,True,0.6881595727658167,0.4318977463583759,0.0130804457601452,0.0267597804968839,Uttarakhand,Malari,224,"{""type"":""Point"",""coordinates"":[79.88937041016375,30.684550311209776]}"
000000000000000000e0,Joshimath,Chamoli,True,0.5007696400674219,0.398117146784574,-0.4896249327708921,-0.728737560550908,Uttarakhand,Mana,225,"{""type"":""Point"",""coordinates"":[79.41097129454376,30.96712354496665]}"
000000000000000000e1,Munsyari,Pithoragarh,True,0.4518514501335827,0.3606911221276159,0.010321054620298,-0.0200644332278833,Uttarakhand,Bilju,226,"{""type"":""Point"",""coordinates"":[80.16590602109424,30.394940615990578]}"
000000000000000000e2,Munsyari,Pithoragarh,True,0.4479230744825615,0.3420915760836758,-0.0128047589851472,-0.0231109296935945,Uttarakhand,Burphu,227,"{""type"":""Point"",""coordinates"":[80.1842329264239,30.36665653800857]}"
000000000000000000e3,Munsyari,Pithoragarh,True,0.43709474769375,0.3522380453994475,0.0033722271647102,-0.0850857820509217,Uttarakhand,Martoli,228,"{""type"":""Point"",""coordinates"":[80.19315558763185,30.34824936885995]}"
000000000000000000e4,Munsyari,Pithoragarh,True,0.450174483699133,0.3704980037204572,-0.0188730969662762,-0.0873554321878159,Uttarakhand,Rilkot,229,"{""type"":""Point"",""coordinates"":[80.20803114874614,30.310445110128832]}"
000000000000000000e5,Munsyari,Pithoragarh,True,0.4281385894054951,0.344724632508081,-0.0700350156737431,-0.0941200414922951,Uttarakhand,Tola,230,"{""type"":""Point"",""coordinates"":[80.2121156853111,30.33568808119239]}"
000000000000000000e6,Dharchula or Kanalichhina (unresolved),Pithoragarh,True,0.4787296842973385,0.3768138303012786,-0.1083412023180173,-0.2094636987339151,Uttarakhand,Baling,231,"{""type"":""Point"",""coordinates"":[80.54798855395981,30.209223516215612]}"
000000000000000000e7,Dharchula or Kanalichhina (unresolved),Pithoragarh,True,0.4826518437210735,0.3658324172546521,0.0057769215881526,0.0486495594066682,Uttarakhand,Dar,232,"{""type"":""Point"",""coordinates"":[80.60294697444353,30.069216661339514]}"
000000000000000000e8,Dharchula or Kanalichhina (unresolved),Pithoragarh,True,0.4049926799293668,0.3353878491927187,0.0433513169283131,-0.0152626892217232,Uttarakhand,Dugtu,233,"{""type"":""Point"",""coordinates"":[80.5679028992645,30.20999939979891]}"
000000000000000000e9,Dharchula or Kanalichhina (unresolved),Pithoragarh,True,0.431792982336999,0.3313349662846281,0.1016959049672826,0.0960132772490741,Uttarakhand,Garbyang,234,"{""type"":""Point"",""coordinates"":[80.85752597178686,30.12513824765078]}"
000000000000000000ea,Dharchula or Kanalichhina (unresolved),Pithoragarh,True,0.5311372806313004,0.3464293494608421,0.0493282691845672,0.0136301092660854,Uttarakhand,Gunji,235,"{""type"":""Point"",""coordinates"":[80.85081056560037,30.186575741965157]}"
000000000000000000eb,Dharchula or Kanalichhina (unresolved),Pithoragarh,True,0.6818438681937357,0.3849654612390399,0.0691752866158011,-0.1475890885279693,Uttarakhand,Kuti,236,"{""type"":""Point"",""coordinates"":[80.75992070882798,30.307881127023105]}"
000000000000000000ec,Dharchula or Kanalichhina (unresolved),Pithoragarh,True,0.5484205226409803,0.3495227635103701,0.1053508342126791,0.0751587476652494,Uttarakhand,Navi,237,"{""type"":""Point"",""coordinates"":[80.83730840761054,30.204973992911672]}"
000000000000000000ed,Dharchula or Kanalichhina (unresolved),Pithoragarh,True,0.5424669686918216,0.3435425855842982,-0.0601966115197815,-0.1398326065947999,Uttarakhand,Rongkong (Raung Kong),238,"{""type"":""Point"",""coordinates"":[80.83163643107055,30.20334642102717]}"
000000000000000000ee,Dharchula or Kanalichhina (unresolved),Pithoragarh,True,0.4346386765085904,0.3374286414697587,0.0523306657987855,0.0905034181504164,Uttarakhand,Sela,239,"{""type"":""Point"",""coordinates"":[80.60565810788403,30.14725984797693]}"
000000000000000000ef,Dharchula or Kanalichhina (unresolved),Pithoragarh,True,0.5517798003639869,0.4171210508999181,-0.0306381755628023,-0.1357183172691059,Uttarakhand,Tidang,240,"{""type"":""Point"",""coordinates"":[80.54869755102732,30.246002181704426]}"
000000000000000000f0,Dharchula or Kanalichhina (unresolved),Pithoragarh,True,0.542252542540496,0.5523153189163021,-0.1449148438547874,-0.0947454856132364,Uttarakhand,Amali,241,"{""type"":""Point"",""coordinates"":[80.32779814394065,29.70390034843491]}"
000000000000000000f1,Bhatwari,Uttarkashi,True,0.6211673848871807,0.439026720022716,-0.134087924299635,-0.1716764626215,Uttarakhand,Bagori,242,"{""type"":""Point"",""coordinates"":[78.47463141893697,30.770245315254897]}"
000000000000000000f2,Bhatwari,Uttarkashi,True,1.8021089676385813,0.6082065744564628,0.0005321601556804409,-0.011231132347743,Uttarakhand,Dharali,243,"{""type"":""Point"",""coordinates"":[78.78152904894038,31.04084586268327]}"
000000000000000000f3,Bhatwari,Uttarkashi,True,1.4375098561316697,0.6565877306640983,-0.151774068191934,-0.1579854616334252,Uttarakhand,Harshil,244,"{""type"":""Point"",""coordinates"":[78.7572269481991,31.035049031313793]}"
000000000000000000f4,Bhatwari,Uttarkashi,True,0.4404779778259269,0.3678464045714102,-0.2098881830807576,-0.694768807980327,Uttarakhand,Jadung,245,"{""type"":""Point"",""coordinates"":[79.0397020817328,31.164799953766956]}"
000000000000000000f5,Bhatwari,Uttarkashi,True,2.039976288244552,1.338164663288734,-0.2900005581252279,-0.3099348201757984,Uttarakhand,Jaspur,246,"{""type"":""Point"",""coordinates"":[78.46364419394128,30.727214990089145]}"
000000000000000000f6,Bhatwari,Uttarkashi,True,0.9575180136835252,0.5426675583543003,0.0683746561707125,0.0762953403933953,Uttarakhand,Jhala,247,"{""type"":""Point"",""coordinates"":[78.71013438197366,31.02485552630561]}"
000000000000000000f7,Bhatwari,Uttarkashi,True,0.4256802667992713,0.3535463702089677,0.0444522490191872,0.0295094245014481,Uttarakhand,Mukhawa,248,"{""type"":""Point"",""coordinates"":[78.79009944116511,31.054200870338338]}"
000000000000000000f8,Bhatwari,Uttarkashi,True,0.3846493130974034,0.342766631451191,0.0993673971366525,0.0933621751609103,Uttarakhand,Nelang,249,"{""type"":""Point"",""coordinates"":[79.0304093151374,31.12195245174439]}"
000000000000000000f9,Bhatwari,Uttarkashi,True,0.7349828706560907,0.4952801681531442,0.0576790890081946,0.073157038089002,Uttarakhand,Purali,250,"{""type"":""Point"",""coordinates"":[78.709996149841,31.029925524203374]}"
000000000000000000fa,Bhatwari,Uttarkashi,True,1.1012308842880756,0.6155503963539175,-0.0087369904362586,-0.0155506815590085,Uttarakhand,Sukki,251,"{""type"":""Point"",""coordinates"":[78.71079878803063,31.01400207434152]}"
000000000000000000fb,Unknown,Kinnaur,False,0.4605816264497166,0.3978415977093266,-0.4163634868348435,-0.6003979222760787,Himachal Pradesh,Chhitkul,252,"{""type"":""Point"",""coordinates"":[78.46219052699786,31.388098357220358]}"
000000000000000000fc,Unknown,Kinnaur,False,1.0949190782508322,0.7567564906788993,0.0186229842539634,-0.0015076597462439,Himachal Pradesh,Pooh,253,"{""type"":""Point"",""coordinates"":[78.58393290395904,31.761588202355938]}"
000000000000000000fd,Unknown,Kinnaur,False,0.6997293799891989,0.5106457593548336,0.0832079856723044,0.0823958071852398,Himachal Pradesh,Nako,254,"{""type"":""Point"",""coordinates"":[78.6270479520448,31.881373033954645]}"
000000000000000000fe,Unknown,Kinnaur,False,0.610486115496128,0.4912580158083865,-0.011499813681171,-0.0207360968702512,Himachal Pradesh,Leo,255,"{""type"":""Point"",""coordinates"":[78.59351997122394,31.883914721555115]}"
000000000000000000ff,Unknown,Kinnaur,False,0.7478035108223005,0.6610374380541814,-0.0362509317924144,-0.0653842186009784,Himachal Pradesh,Chango,256,"{""type"":""Point"",""coordinates"":[78.59440287323254,31.977756503224885]}"
00000000000000000100,Unknown,Lahaul and Spiti,False,0.533921364104963,0.4197112937536047,-0.0608088450829316,-0.0590172595319823,Himachal Pradesh,Gue,257,"{""type"":""Point"",""coordinates"":[78.5697128306996,32.13105147924025]}"
00000000000000000101,Unknown,Lahaul and Spiti,False,0.3985655121424799,0.3596535309923904,-0.0066890988858975,-0.4271597054759475,Himachal Pradesh,Lalung,258,"{""type"":""Point"",""coordinates"":[78.27071226866184,32.14926690704358]}"
