village_id,village,district,block,state,is_core_sample,latitude,longitude,distance_to_border_km,nearest_border_country
1,Metengliang,Anjaw,Chaglagam,Arunachal Pradesh,True,28.2053139,96.5325529,22.89712191835473,China
2,Chipra,Anjaw,Chaglagam,Arunachal Pradesh,True,28.2687337,96.564114,18.17954006500384,China
3,Mithumna,Anjaw,Chaglagam,Arunachal Pradesh,True,28.2346775,96.535261,20.15160097176978,China
4,Pailiang,Anjaw,Chaglagam,Arunachal Pradesh,True,28.1966606,96.5083691,22.99326530173686,China
5,Glotong,Anjaw,Hayuliang,Arunachal Pradesh,True,28.2051645,96.6850333,24.35938370626246,China
6,Hayuliang,Anjaw,Hayuliang,Arunachal Pradesh,True,28.081317,96.5236674,35.739665294693225,China
7,Keletong,Anjaw,Hayuliang,Arunachal Pradesh,True,28.123006,96.6192583,35.407624126341844,China
8,Kongra(Metung),Anjaw,Hayuliang,Arunachal Pradesh,True,28.0695862,96.5735857,38.37858668286336,China
9,Zapaliang,Anjaw,Hayuliang,Arunachal Pradesh,True,28.009235,96.4411122,41.478196138903876,China
10,Chenguinty,Anjaw,Walong,Arunachal Pradesh,True,27.8858991,96.8520327,22.33315432645287,Myanmar
11,Dhanbari,Anjaw,Walong,Arunachal Pradesh,True,28.0078075,96.6214266,46.46011888514591,China
12,Dong,Anjaw,Walong,Arunachal Pradesh,True,28.1679203,97.0389469,19.18503535074329,China
13,Gong,Anjaw,Walong,Arunachal Pradesh,True,28.1700892,97.0008029,18.10916986668536,China
14,Hot Spring,Anjaw,Walong,Arunachal Pradesh,True,28.2928975,97.1638576,3.0838467448271993,China
15,Hunung,Anjaw,Walong,Arunachal Pradesh,True,27.8741289,96.9451026,16.5500043491731,Myanmar
16,Kaho,Anjaw,Walong,Arunachal Pradesh,True,28.3034238,97.0250574,4.626958920606047,China
17,Khrawit,Anjaw,Walong,Arunachal Pradesh,True,27.9044705,96.9437389,18.775358881626133,Myanmar
18,Krowti,Anjaw,Walong,Arunachal Pradesh,True,28.2354088,97.0273216,11.643555220063476,China
19,Krowti Labour Camp,Anjaw,Walong,Arunachal Pradesh,True,28.2318311,97.0285584,12.057851764259023,China
20,Kundan,Anjaw,Walong,Arunachal Pradesh,True,28.2425043,97.0254063,10.835225524677528,China
21,Musai,Anjaw,Walong,Arunachal Pradesh,True,28.2588294,97.0287424,9.200620750368612,China
22,Samdul,Anjaw,Walong,Arunachal Pradesh,True,27.8858936,96.9223997,18.627708305883473,Myanmar
23,Supkung,Anjaw,Walong,Arunachal Pradesh,True,28.1588813,97.0363709,20.115483287309086,China
24,Walong,Anjaw,Walong,Arunachal Pradesh,True,28.1294938,97.0166444,22.85069517196844,China
25,Yakung,Anjaw,Walong,Arunachal Pradesh,True,28.1997526,97.0263468,15.48188370662653,China
26,Achali,Dibang Valley,Anini-Mipi,Arunachal Pradesh,True,28.8429461,95.9704783,24.48152149467409,China
27,Achengo,Dibang Valley,Anini-Mipi,Arunachal Pradesh,True,28.8238506,95.9428387,27.847908621613268,China
28,Acheso,Dibang Valley,Anini-Mipi,Arunachal Pradesh,True,28.9263772,95.97448,21.406578383238372,China
29,Alinye,Dibang Valley,Anini-Mipi,Arunachal Pradesh,True,28.8346828,95.9628967,25.556521718337063,China
30,Angrim Valley,Dibang Valley,Anini-Mipi,Arunachal Pradesh,True,28.8842816,95.9786208,22.051438280615148,China
31,Aropo,Dibang Valley,Anini-Mipi,Arunachal Pradesh,True,28.8230901,95.9397069,28.157602660797206,China
32,Atoto,Dibang Valley,Anini-Mipi,Arunachal Pradesh,True,28.8355826,95.9647411,25.350806696095102,China
33,Echito,Dibang Valley,Anini-Mipi,Arunachal Pradesh,True,28.9291593,95.9752771,21.26274854163403,China
34,Ediya,Dibang Valley,Anini-Mipi,Arunachal Pradesh,True,28.9638191,95.8076515,29.547853676594002,China
35,Emuli,Dibang Valley,Anini-Mipi,Arunachal Pradesh,True,28.8871158,95.8356573,38.476805960132026,China
36,Gipulin,Dibang Valley,Anini-Mipi,Arunachal Pradesh,True,28.8479222,95.9666253,24.581511913195623,China
37,Kamuyi,Dibang Valley,Anini-Mipi,Arunachal Pradesh,True,28.9926912,95.8050502,26.427041510961406,China
38,Mipi H.Q.,Dibang Valley,Anini-Mipi,Arunachal Pradesh,True,28.9641685,95.8081308,29.524848984578973,China
39,Mipido,Dibang Valley,Anini-Mipi,Arunachal Pradesh,True,28.950424,95.8144355,31.162636613890268,China
40,Etalin Bridge Point,Dibang Valley,Etalin-Malinye,Arunachal Pradesh,True,28.6094048,95.8703668,48.563515790188085,China
41,Maliney,Dibang Valley,Etalin-Malinye,Arunachal Pradesh,True,28.6750197,96.1532235,27.762988233536802,China
42,Mawali,Dibang Valley,Etalin-Malinye,Arunachal Pradesh,True,28.6599698,96.0170217,35.69139855759647,China
43,Punli,Dibang Valley,Etalin-Malinye,Arunachal Pradesh,True,28.6565904,95.8520788,46.013804315907166,China
44,Lengdi/Liang,East Kameng,Bameng,Arunachal Pradesh,True,27.5376292,92.923885,47.62304043257232,China
45,Upper Liyak,East Kameng,Bameng,Arunachal Pradesh,True,27.5337804,92.8465101,44.722834100453134,China
46,Dao,East Kameng,Chayangtajo,Arunachal Pradesh,True,27.7832832,92.9383609,28.924594905968664,China
47,Dara Yangfo,East Kameng,Chayangtajo,Arunachal Pradesh,True,27.732817,93.0487159,41.22687928183294,China
48,Lamrah,East Kameng,Chayangtajo,Arunachal Pradesh,True,27.6967225,93.0373888,42.3468631266847,China
49,Loto Yangfo,East Kameng,Chayangtajo,Arunachal Pradesh,True,27.7296573,93.059293,42.301831459154606,China
50,Diya Sullung,East Kameng,Chayangtajo,Arunachal Pradesh,True,27.7760452,93.0124888,35.615957410425366,China
51,Hara Yangfo,East Kameng,Chayangtajo,Arunachal Pradesh,True,27.751648,93.1327809,46.88061083338887,China
52,Jayang Bagang,East Kameng,Chayangtajo,Arunachal Pradesh,True,27.7547367,93.1791026,50.56725705032216,China
53,Kesse Bagang,East Kameng,Chayangtajo,Arunachal Pradesh,True,27.7809294,93.2034502,51.293958804800894,China
54,Langchu Sullung,East Kameng,Chayangtajo,Arunachal Pradesh,True,27.7569534,92.9355132,30.22305665693252,China
55,Nampe Bagang,East Kameng,Chayangtajo,Arunachal Pradesh,True,27.7140627,93.0313033,40.818465866292556,China
56,Raro Sullung,East Kameng,Chayangtajo,Arunachal Pradesh,True,27.6890058,93.0717372,45.69831038340959,China
57,Tamsang Yangfo,East Kameng,Chayangtajo,Arunachal Pradesh,True,27.6760974,93.0917894,48.14680740350232,China
58,Warriam Sullung,East Kameng,Chayangtajo,Arunachal Pradesh,True,27.7279436,92.9802579,35.696967783398705,China
59,Wallong,East Kameng,Khenewa,Arunachal Pradesh,True,27.6530641,92.9685879,40.02581640696791,China
60,Chate,Kurung Kumey,Damin,Arunachal Pradesh,True,28.1191826,93.3236259,27.036657542762175,China
61,Chulla,Kurung Kumey,Damin,Arunachal Pradesh,True,28.1242982,93.411274,31.193590241306485,China
62,Damin H.Q.,Kurung Kumey,Damin,Arunachal Pradesh,True,28.1041982,93.3343841,28.98882904036364,China
63,Damin Village,Kurung Kumey,Damin,Arunachal Pradesh,True,28.1050092,93.3443566,29.34161715480867,China
64,Digok,Kurung Kumey,Damin,Arunachal Pradesh,True,28.1272533,93.3496878,27.43314581531039,China
65,Fuba,Kurung Kumey,Damin,Arunachal Pradesh,True,28.1198537,93.3376816,27.5789978810342,China
66,Huri,Kurung Kumey,Damin,Arunachal Pradesh,True,28.1095105,93.3045975,27.308584888000365,China
67,Katuk,Kurung Kumey,Damin,Arunachal Pradesh,True,28.1189094,93.2501395,24.910400943338868,China
68,Kopila,Kurung Kumey,Damin,Arunachal Pradesh,True,28.1092251,93.3088818,27.48719106489563,China
69,Machang,Kurung Kumey,Damin,Arunachal Pradesh,True,28.0962492,93.3005705,28.562749252892704,China
70,Nisuk,Kurung Kumey,Damin,Arunachal Pradesh,True,28.1081822,93.414929,32.80775112736673,China
71,Pipa,Kurung Kumey,Damin,Arunachal Pradesh,True,28.0735847,93.283149,30.494831922124998,China
72,Ramu,Kurung Kumey,Damin,Arunachal Pradesh,True,28.1084035,93.4191096,33.04448005692149,China
73,Rane,Kurung Kumey,Damin,Arunachal Pradesh,True,28.1440384,93.3476122,25.737905755067658,China
74,Rawiok,Kurung Kumey,Damin,Arunachal Pradesh,True,28.137739,93.3249207,25.242758203935605,China
75,Ruba,Kurung Kumey,Damin,Arunachal Pradesh,True,28.1221707,93.2334312,24.221117217001616,China
76,Senamriang,Kurung Kumey,Damin,Arunachal Pradesh,True,28.1320477,93.3191302,25.558025473869453,China
77,Sibia,Kurung Kumey,Damin,Arunachal Pradesh,True,28.1070207,93.3012679,27.45658180693119,China
78,Tarba,Kurung Kumey,Damin,Arunachal Pradesh,True,28.1607522,93.4195471,28.786702955471434,China
79,Tokriang,Kurung Kumey,Damin,Arunachal Pradesh,True,28.1110736,93.3311986,28.16626860758611,China
80,Yaso,Kurung Kumey,Damin,Arunachal Pradesh,True,28.1002726,93.3473375,29.942369744814354,China
81,Buhan,Kurung Kumey,Koloriang,Arunachal Pradesh,True,27.8895447,93.283152,50.47953849385992,China
82,Buyang,Kurung Kumey,Koloriang,Arunachal Pradesh,True,27.9419935,93.286116,44.83212040186683,China
83,Buyang-II,Kurung Kumey,Koloriang,Arunachal Pradesh,True,27.9419935,93.286116,44.83212040186683,China
84,Chello,Kurung Kumey,Koloriang,Arunachal Pradesh,True,27.8849215,93.291646,51.153667452992984,China
85,Chimpu,Kurung Kumey,Koloriang,Arunachal Pradesh,True,27.9522411,93.2566277,43.136185845112756,China
86,Chomi,Kurung Kumey,Koloriang,Arunachal Pradesh,True,27.955673,93.2595487,42.82293249895894,China
87,Chote,Kurung Kumey,Koloriang,Arunachal Pradesh,True,27.9524396,93.2616596,43.21671720652096,China
88,Kiodhriang,Kurung Kumey,Koloriang,Arunachal Pradesh,True,27.8581693,93.2541827,53.29747706498548,China
89,Nangram,Kurung Kumey,Koloriang,Arunachal Pradesh,True,27.9071735,93.4387839,53.11703375849703,China
90,Nyolo,Kurung Kumey,Koloriang,Arunachal Pradesh,True,27.9012651,93.3076219,49.65863435270218,China
91,Pakba,Kurung Kumey,Koloriang,Arunachal Pradesh,True,27.8903622,93.3997806,53.33541410845786,China
92,Papu,Kurung Kumey,Koloriang,Arunachal Pradesh,True,27.9111524,93.3917445,50.900571336333755,China
93,Rengchi,Kurung Kumey,Koloriang,Arunachal Pradesh,True,27.8914093,93.4267781,54.22358878813683,China
94,Tate,Kurung Kumey,Koloriang,Arunachal Pradesh,True,27.9539309,93.2699171,43.222358667672395,China
95,Yumlam,Kurung Kumey,Koloriang,Arunachal Pradesh,True,27.8897958,93.4560068,55.58645500939613,China
96,Cheba,Kurung Kumey,Parsi-Parlo,Arunachal Pradesh,True,28.0204954,93.4801015,44.41663124247151,China
97,Dape,Kurung Kumey,Parsi-Parlo,Arunachal Pradesh,True,28.0305059,93.4762607,43.304548527826604,China
98,Dare,Kurung Kumey,Parsi-Parlo,Arunachal Pradesh,True,28.040746,93.4566336,41.238943594608365,China
99,Geyang,Kurung Kumey,Parsi-Parlo,Arunachal Pradesh,True,28.032302,93.4718342,42.882515785354606,China
100,Gonang,Kurung Kumey,Parsi-Parlo,Arunachal Pradesh,True,27.9884834,93.5169908,49.438560589114765,China
101,Nyokuriang,Kurung Kumey,Parsi-Parlo,Arunachal Pradesh,True,28.0062351,93.5622034,50.830192062036325,China
102,Pachang,Kurung Kumey,Parsi-Parlo,Arunachal Pradesh,True,28.0250521,93.4720132,43.53621996790169,China
103,Pado I,Kurung Kumey,Parsi-Parlo,Arunachal Pradesh,True,27.9756026,93.5757879,54.238081822220636,China
104,Pagam,Kurung Kumey,Parsi-Parlo,Arunachal Pradesh,True,28.049312,93.4584998,40.58832620887039,China
105,Pape,Kurung Kumey,Parsi-Parlo,Arunachal Pradesh,True,28.0129617,93.4902587,45.68523812711581,China
106,Pariang,Kurung Kumey,Parsi-Parlo,Arunachal Pradesh,True,28.0328165,93.4803814,43.35011501351748,China
107,Passik,Kurung Kumey,Parsi-Parlo,Arunachal Pradesh,True,28.0360017,93.4705453,42.47939222553565,China
108,Pilop,Kurung Kumey,Parsi-Parlo,Arunachal Pradesh,True,28.004125,93.5674707,51.35547702171152,China
109,Rashik,Kurung Kumey,Parsi-Parlo,Arunachal Pradesh,True,28.0080613,93.5508476,49.92352952375595,China
110,Yarba-I,Kurung Kumey,Parsi-Parlo,Arunachal Pradesh,True,27.96349,93.5654022,54.58565027609984,China
111,Bala,Kurung Kumey,Sarli,Arunachal Pradesh,True,27.9431025,93.1252507,39.70749388563643,China
112,Chaching,Kurung Kumey,Sarli,Arunachal Pradesh,True,27.9375989,93.2339474,44.26540307758631,China
113,Chulu,Kurung Kumey,Sarli,Arunachal Pradesh,True,27.8792111,93.0545229,33.469615793588055,China
114,Gane,Kurung Kumey,Sarli,Arunachal Pradesh,True,27.9643147,93.0391329,31.32009946511577,China
115,Haraiho,Kurung Kumey,Sarli,Arunachal Pradesh,True,27.9804475,93.1383943,36.773468533048515,China
116,Kapu,Kurung Kumey,Sarli,Arunachal Pradesh,True,27.8879985,93.075251,35.07086157969488,China
117,Koropu,Kurung Kumey,Sarli,Arunachal Pradesh,True,27.9899045,93.2023371,37.70672184445565,China
118,Machane,Kurung Kumey,Sarli,Arunachal Pradesh,True,27.9220981,93.0770012,34.25504822394996,China
119,Malo,Kurung Kumey,Sarli,Arunachal Pradesh,True,27.9563848,93.1153543,37.967571675576416,China
120,Milli,Kurung Kumey,Sarli,Arunachal Pradesh,True,27.9506354,93.0574678,33.614502396482926,China
121,Namjo,Kurung Kumey,Sarli,Arunachal Pradesh,True,27.942996,93.1849686,42.13950570622407,China
122,New Sarli,Kurung Kumey,Sarli,Arunachal Pradesh,True,27.9582217,93.1705235,40.0936432119624,China
123,Riya,Kurung Kumey,Sarli,Arunachal Pradesh,True,27.8776779,93.0467319,32.815287769787886,China
124,Sape,Kurung Kumey,Sarli,Arunachal Pradesh,True,27.9549291,93.1321419,39.311080964845814,China
125,Sarli,Kurung Kumey,Sarli,Arunachal Pradesh,True,27.9525582,93.163373,40.47608347170003,China
126,Sate,Kurung Kumey,Sarli,Arunachal Pradesh,True,27.9537376,93.1572444,40.166179247688476,China
127,Wabia,Kurung Kumey,Sarli,Arunachal Pradesh,True,27.9413919,93.1360402,40.860338614866016,China
128,Walu,Kurung Kumey,Sarli,Arunachal Pradesh,True,27.9413919,93.1360402,40.860338614866016,China
129,Waru,Kurung Kumey,Sarli,Arunachal Pradesh,True,27.8852647,93.0448126,32.339037656133634,China
130,Chanli,Lower Dibang,Hunli-Desali,Arunachal Pradesh,True,28.2923493,96.0296242,30.242879213673454,China
131,Broxer,Tawang,Jang-Thingbu,Arunachal Pradesh,True,27.622647,91.9631993,11.37370883802785,China
132,Luguthang,Tawang,Jang-Thingbu,Arunachal Pradesh,True,27.5948234,92.1857466,22.117487667272037,China
133,Mago,Tawang,Jang-Thingbu,Arunachal Pradesh,True,27.6883395,92.2081099,14.070169607433007,China
134,Namazing,Tawang,Jang-Thingbu,Arunachal Pradesh,True,27.5506261,91.9768197,8.666419100529827,Bhutan
135,Rho,Tawang,Jang-Thingbu,Arunachal Pradesh,True,27.6141065,91.987227,12.744819636958544,China
136,Kitpi,Tawang,Kitpi,Arunachal Pradesh,True,27.5731189,91.90284,12.369223967718417,Bhutan
137,Kitpi II,Tawang,Kitpi,Arunachal Pradesh,True,27.5731189,91.90284,12.369223967718417,Bhutan
138,Famla,Tawang,Tawang,Arunachal Pradesh,True,27.5612427,91.8523298,10.535908478391413,Bhutan
139,Gyangong Ani Gompa,Tawang,Tawang,Arunachal Pradesh,True,27.6003059,91.8525209,14.422540705210292,China
140,Jangda,Tawang,Tawang,Arunachal Pradesh,True,27.5942319,91.9742379,13.497063825331301,Bhutan
141,Mandrelling,Tawang,Tawang,Arunachal Pradesh,True,27.5952914,91.8697249,14.359427638224222,Bhutan
142,Sakpret,Tawang,Tawang,Arunachal Pradesh,True,27.57568,91.79901,12.786475084969744,Bhutan
143,Shyro,Tawang,Tawang,Arunachal Pradesh,True,27.5744459,91.9464757,11.652313393897291,Bhutan
144,Singsore Ani Gompa,Tawang,Tawang,Arunachal Pradesh,True,27.5952914,91.8697249,14.359427638224222,Bhutan
145,Tawang Gompa,Tawang,Tawang,Arunachal Pradesh,True,27.5866091,91.8573902,13.338704928952806,Bhutan
146,Thongleng,Tawang,Tawang,Arunachal Pradesh,True,27.57294,91.79215,12.586158296705952,Bhutan
147,Brokenthang,Tawang,Zemithang-Dudunghar,Arunachal Pradesh,True,27.7352592,91.724121,7.653668818373118,China
148,Gorsam,Tawang,Zemithang-Dudunghar,Arunachal Pradesh,True,27.6973252,91.7142454,8.906855355035413,Bhutan
149,Kharman,Tawang,Zemithang-Dudunghar,Arunachal Pradesh,True,27.691851,91.7463062,12.498827739506638,China
150,Lumpo,Tawang,Zemithang-Dudunghar,Arunachal Pradesh,True,27.7204821,91.7144005,8.310412549350241,Bhutan
151,Maling,Tawang,Zemithang-Dudunghar,Arunachal Pradesh,True,27.6350823,92.0693622,14.040417719385475,China
152,Muktur,Tawang,Zemithang-Dudunghar,Arunachal Pradesh,True,27.5800562,91.6627629,7.795156290490554,Bhutan
153,Ramyang,Tawang,Zemithang-Dudunghar,Arunachal Pradesh,True,27.514701,91.6549664,2.1277452554503955,Bhutan
154,Shakti,Tawang,Zemithang-Dudunghar,Arunachal Pradesh,True,27.61139,91.71387,13.642063981747993,Bhutan
155,Shoktsen,Tawang,Zemithang-Dudunghar,Arunachal Pradesh,True,27.7416556,91.7318533,6.926588365608588,China
156,Sirdi,Tawang,Zemithang-Dudunghar,Arunachal Pradesh,True,27.6466524,91.7230296,12.251877095629288,Bhutan
157,Bishing,Upper Siang,Singa-Gelling,Arunachal Pradesh,True,29.1107736,95.0268102,3.7340504056106583,China
158,Bona,Upper Siang,Singa-Gelling,Arunachal Pradesh,True,29.0974164,94.9475348,6.558510126704477,China
159,Mankota,Upper Siang,Singa-Gelling,Arunachal Pradesh,True,28.8878329,95.0759463,24.73712220462984,China
160,Mayum,Upper Siang,Singa-Gelling,Arunachal Pradesh,True,29.0924208,94.9597907,7.02048630623296,China
161,Tashi Gaon,Upper Siang,Singa-Gelling,Arunachal Pradesh,True,28.8743385,95.1028336,23.71545779142882,China
162,Jido,Upper Siang,Tuting,Arunachal Pradesh,True,28.9820594,94.904882,19.62357462731765,China
163,Lali,Upper Siang,Tuting,Arunachal Pradesh,True,29.0003932,94.8912175,17.697633663578802,China
164,Ngaming,Upper Siang,Tuting,Arunachal Pradesh,True,28.9686342,94.9381419,20.86269085410018,China
165,Nyering,Upper Siang,Tuting,Arunachal Pradesh,True,28.9360701,95.0104597,21.50361539975112,China
166,Pango,Upper Siang,Tuting,Arunachal Pradesh,True,28.8870297,94.7578559,31.05074958988233,China
167,Pekong,Upper Siang,Tuting,Arunachal Pradesh,True,28.9878787,94.8919255,19.075715122505276,China
168,Pekong,Upper Siang,Tuting,Arunachal Pradesh,True,28.9878787,94.8919255,19.075715122505276,China
169,Pokbir,Upper Siang,Tuting,Arunachal Pradesh,True,28.963981,94.9375517,21.381376468352496,China
170,Rishing,Upper Siang,Tuting,Arunachal Pradesh,True,28.9984023,94.8852907,17.96132776982293,China
171,Tenggo,Upper Siang,Tuting,Arunachal Pradesh,True,29.0668244,94.478654,13.631150364397552,China
172,Dadu,Upper Subansiri,Limeking,Arunachal Pradesh,True,28.3625828,93.5395735,30.30919807796396,China
173,Gumsing,Upper Subansiri,Limeking,Arunachal Pradesh,True,28.4321817,93.2172532,2.0082284942215445,China
174,Lingbing,Upper Subansiri,Limeking,Arunachal Pradesh,True,28.4367283,93.2151175,1.488440934531375,China
175,Redding,Upper Subansiri,Limeking,Arunachal Pradesh,True,28.4851077,93.4621565,18.674299014925104,China
176,Redding Camp,Upper Subansiri,Limeking,Arunachal Pradesh,True,28.4851077,93.4621565,18.674299014925104,China
177,Taying,Upper Subansiri,Limeking,Arunachal Pradesh,True,28.4321817,93.2172532,2.0082284942215445,China
178,Yaja,Upper Subansiri,Limeking,Arunachal Pradesh,True,28.4354329,93.2468461,3.697887065464136,China
179,Chokar,Upper Subansiri,Nacho,Arunachal Pradesh,True,28.4279157,93.8094041,28.12449725490417,China
180,Jerigaon,West Kameng,Nafra,Arunachal Pradesh,True,27.3403204,92.4726477,38.364066644414,Bhutan
181,Khellong,West Kameng,Nafra,Arunachal Pradesh,True,27.0133852,92.4145185,33.88557138449906,Bhutan
182,Gatam,Kra daadi,Pipsorang,Arunachal Pradesh,True,28.0979458,93.6001405,46.96651891909367,China
183,Habak,Kra daadi,Pipsorang,Arunachal Pradesh,True,28.1084846,93.5827385,44.89583801530478,China
184,Hapuk (I),Kra daadi,Pipsorang,Arunachal Pradesh,True,28.0967863,93.5839299,45.746760436394744,China
185,Kokso,Kra daadi,Pipsorang,Arunachal Pradesh,True,28.0838152,93.6115937,48.79108749597172,China
186,Richik,Kra daadi,Pipsorang,Arunachal Pradesh,True,28.064816,93.6543383,53.436001694534184,China
187,Chungthang,North,Chungthang,Sikkim,True,27.604236,88.6465196,11.201308626040928,China
188,Tung,North,Chungthang,Sikkim,True,27.5475,88.6493,9.061615061691295,China
189,Chawang,North,Kabi Tingda,Sikkim,True,27.4415,88.5992,15.542879608993822,China
190,Labi,North,Kabi Tingda,Sikkim,True,27.4373,88.6584,9.854908413424733,China
191,Paney-Phensong,North,Kabi Tingda,Sikkim,True,27.4340487,88.6127695,14.36770960117595,China
192,Phamtam,North,Kabi Tingda,Sikkim,True,27.4557,88.61,14.30032499707199,China
193,Phodong,North,Kabi Tingda,Sikkim,True,27.4130306,88.5838702,17.57311249069895,China
194,Ramthang,North,Kabi Tingda,Sikkim,True,27.4039854,88.550947,20.952566571462313,China
195,Rongong,North,Kabi Tingda,Sikkim,True,27.4092,88.5635,19.631615700626188,China
196,Tangyek,North,Kabi Tingda,Sikkim,True,27.4207,88.527,22.982938637763464,China
197,Tingchim,North,Kabi Tingda,Sikkim,True,27.4607586,88.5277316,22.551360222922458,China
198,Tingda,North,Kabi Tingda,Sikkim,True,27.3957,88.6272,13.817394833203867,China
199,Tumlong,North,Kabi Tingda,Sikkim,True,27.4198712,88.5898311,16.865981090527548,China
200,Lachen,North,Lachen,Sikkim,True,27.7305455,88.5469054,26.220018637244667,China
201,Lachung,North,Lachung,Sikkim,True,27.7794,88.7152648,11.76292890516004,China
202,Barfok,North,Passingdang,Sikkim,True,27.4977,88.491,25.04784097031724,China
203,Gor,North,Passingdang,Sikkim,True,27.4302826,88.4984203,25.579352718638233,China
204,Hee-Gyathang,North,Passingdang,Sikkim,True,27.4816,88.4991,24.598818732959067,China
205,Lingdem,North,Passingdang,Sikkim,True,27.5494817,88.4569319,28.0625892437003,China
206,Lingdong,North,Passingdang,Sikkim,True,27.5073091,88.5194632,22.115621788406564,China
207,Lingthem,North,Passingdang,Sikkim,True,27.5224732,88.5014686,23.749106613267926,China
208,Lingzah-Tolung,North,Passingdang,Sikkim,True,27.571,88.4466,29.21185704990743,China
209,Lum,North,Passingdang,Sikkim,True,27.394,88.48,28.061148012862233,China
210,Namok,North,Passingdang,Sikkim,True,27.4504654,88.5375829,21.482042039876806,China
211,Sakyong-Pentong,North,Passingdang,Sikkim,True,27.5797,88.4049,29.814433853353986,Nepal
212,Salim Pakel,North,Passingdang,Sikkim,True,27.5379,88.5518,18.710402505342966,China
213,Sangtok,North,Passingdang,Sikkim,True,27.4091,88.504,25.440821002873623,China
214,Sheyam,North,Passingdang,Sikkim,True,27.4367,88.528,22.5833767308434,China
215,Shipgyer,North,Passingdang,Sikkim,True,27.5544461,88.6336147,10.65243415479719,China
216,Tingbong,North,Passingdang,Sikkim,True,27.5524,88.4984,23.974839077444045,China
217,Zimchung,North,Passingdang,Sikkim,True,27.4903,88.5321,21.20496600672582,China
218,Bampa,Chamoli,Joshimath,Uttarakhand,True,30.7436664,79.8297153,17.59895767374898,China
219,Gamsali,Chamoli,Joshimath,Uttarakhand,True,30.7559986,79.8261873,16.602438651764615,China
220,Gurguti,Chamoli,Joshimath,Uttarakhand,True,30.7738,79.8758,12.359728268667741,China
221,Joshimath,Chamoli,Joshimath,Uttarakhand,True,30.5555752,79.5612607,42.46828556406534,China
222,Kailashpur,Chamoli,Joshimath,Uttarakhand,True,30.7148,79.8639,18.761113217781435,China
223,Mahargaon,Chamoli,Joshimath,Uttarakhand,True,30.4061118,79.4205814,60.90149733044834,China
224,Malari,Chamoli,Joshimath,Uttarakhand,True,30.6845508,79.8893688,21.014135577610684,China
225,Mana,Chamoli,Joshimath,Uttarakhand,True,30.9671228,79.4109692,5.913893104274585,China
226,Bilju,Pithoragarh,Munsyari,Uttarakhand,True,30.3949398,80.1659059,18.289953513352895,China
227,Burphu,Pithoragarh,Munsyari,Uttarakhand,True,30.3666548,80.1842308,21.380757638706076,China
228,Martoli,Pithoragarh,Munsyari,Uttarakhand,True,30.3482498,80.1931552,23.45184608978845,China
229,Rilkot,Pithoragarh,Munsyari,Uttarakhand,True,30.3104468,80.2080315,27.74022856873658,China
230,Tola,Pithoragarh,Munsyari,Uttarakhand,True,30.3356863,80.2121168,25.002671919293853,China
231,Baling,Pithoragarh,Dharchula or Kanalichhina (unresolved),Uttarakhand,True,30.2092254,80.5479905,26.65376486239348,China
232,Dar,Pithoragarh,Dharchula or Kanalichhina (unresolved),Uttarakhand,True,30.069216,80.602947,11.436586443402039,Nepal
233,Dugtu,Pithoragarh,Dharchula or Kanalichhina (unresolved),Uttarakhand,True,30.21,80.5679,23.46686348886542,China
234,Garbyang,Pithoragarh,Dharchula or Kanalichhina (unresolved),Uttarakhand,True,30.1251387,80.8575277,1.759200339492364,Nepal
235,Gunji,Pithoragarh,Dharchula or Kanalichhina (unresolved),Uttarakhand,True,30.1865763,80.8508108,0.30190121099568223,Nepal
236,Kuti,Pithoragarh,Dharchula or Kanalichhina (unresolved),Uttarakhand,True,30.3078792,80.7599224,2.4770319893684465,China
237,Navi,Pithoragarh,Dharchula or Kanalichhina (unresolved),Uttarakhand,True,30.2049725,80.8373063,2.629675430489591,Nepal
238,Rongkong (Raung Kong),Pithoragarh,Dharchula or Kanalichhina (unresolved),Uttarakhand,True,30.2033451,80.8316381,2.9362880034127987,Nepal
239,Sela,Pithoragarh,Dharchula or Kanalichhina (unresolved),Uttarakhand,True,30.1472581,80.6056591,17.274239757577927,Nepal
240,Tidang,Pithoragarh,Dharchula or Kanalichhina (unresolved),Uttarakhand,True,30.246,80.5487,23.044565266965535,China
241,Amali,Pithoragarh,Dharchula or Kanalichhina (unresolved),Uttarakhand,True,29.7039,80.3278,2.576623529541686,Nepal
242,Bagori,Uttarkashi,Bhatwari,Uttarakhand,True,30.7702443,78.4746317,64.67131716210713,China
243,Dharali,Uttarkashi,Bhatwari,Uttarakhand,True,31.0408468,78.7815312,27.433888143580578,China
244,Harshil,Uttarkashi,Bhatwari,Uttarakhand,True,31.0350501,78.7572289,28.19520206688386,China
245,Jadung,Uttarkashi,Bhatwari,Uttarakhand,True,31.1648,79.0397,16.221724682444783,China
246,Jaspur,Uttarkashi,Bhatwari,Uttarakhand,True,30.727214,78.4636435,69.4610340871621,China
247,Jhala,Uttarkashi,Bhatwari,Uttarakhand,True,31.0248573,78.7101354,30.053149095708676,China
248,Mukhawa,Uttarkashi,Bhatwari,Uttarakhand,True,31.0542,78.7901,25.940859567711303,China
249,Nelang,Uttarkashi,Bhatwari,Uttarakhand,True,31.121954,79.0304088,19.41656393568026,China
250,Purali,Uttarkashi,Bhatwari,Uttarakhand,True,31.0299258,78.7099965,29.510493060138582,China
251,Sukki,Uttarkashi,Bhatwari,Uttarakhand,True,31.014,78.7108,31.209996296877826,China
252,Chhitkul,Kinnaur,Unknown,Himachal Pradesh,False,31.3881,78.46219,24.786805555917674,China
253,Pooh,Kinnaur,Unknown,Himachal Pradesh,False,31.76159,78.5839324,8.29670894003548,China
254,Nako,Kinnaur,Unknown,Himachal Pradesh,False,31.8813748,78.6270483,8.136444355881723,China
255,Leo,Kinnaur,Unknown,Himachal Pradesh,False,31.8839167,78.5935199,11.320090582898978,China
256,Chango,Kinnaur,Unknown,Himachal Pradesh,False,31.9777573,78.5944015,8.321144231988871,China
257,Gue,Lahaul and Spiti,Unknown,Himachal Pradesh,False,32.1310531,78.5697113,0.10405885786410968,China
258,Lalung,Lahaul and Spiti,Unknown,Himachal Pradesh,False,32.14927,78.27071,19.781854349739266,China
