village_id,village,district,block,state,is_core_sample,latitude,longitude,building_count,building_total_area_m2,building_mean_confidence
1,Metengliang,Anjaw,Chaglagam,Arunachal Pradesh,True,28.2053139,96.5325529,130,12543.532001495361,0.8252000029270465
2,Chipra,Anjaw,Chaglagam,Arunachal Pradesh,True,28.2687337,96.564114,28,2437.969985961914,0.8404285737446376
3,Mithumna,Anjaw,Chaglagam,Arunachal Pradesh,True,28.2346775,96.535261,14,1490.2015953063965,0.8266142862183707
4,Pailiang,Anjaw,Chaglagam,Arunachal Pradesh,True,28.1966606,96.5083691,2,310.47021484375,0.8082000017166138
5,Glotong,Anjaw,Hayuliang,Arunachal Pradesh,True,28.2051645,96.6850333,12,1094.7893905639648,0.8024999896685282
6,Hayuliang,Anjaw,Hayuliang,Arunachal Pradesh,True,28.081317,96.5236674,692,85552.41181278229,0.8211736973655017
7,Keletong,Anjaw,Hayuliang,Arunachal Pradesh,True,28.123006,96.6192583,0,0.0,
8,Kongra(Metung),Anjaw,Hayuliang,Arunachal Pradesh,True,28.0695862,96.5735857,10,1371.0715980529785,0.8062000036239624
9,Zapaliang,Anjaw,Hayuliang,Arunachal Pradesh,True,28.009235,96.4411122,4,495.5,0.824400007724762
10,Chenguinty,Anjaw,Walong,Arunachal Pradesh,True,27.8858991,96.8520327,22,2365.7326049804688,0.8289454579353333
11,Dhanbari,Anjaw,Walong,Arunachal Pradesh,True,28.0078075,96.6214266,0,0.0,
12,Dong,Anjaw,Walong,Arunachal Pradesh,True,28.1679203,97.0389469,0,0.0,
13,Gong,Anjaw,Walong,Arunachal Pradesh,True,28.1700892,97.0008029,0,0.0,
14,Hot Spring,Anjaw,Walong,Arunachal Pradesh,True,28.2928975,97.1638576,0,0.0,
15,Hunung,Anjaw,Walong,Arunachal Pradesh,True,27.8741289,96.9451026,24,4203.21879196167,0.851066658894221
16,Kaho,Anjaw,Walong,Arunachal Pradesh,True,28.3034238,97.0250574,78,6041.947845458984,0.8196794864458915
17,Khrawit,Anjaw,Walong,Arunachal Pradesh,True,27.9044705,96.9437389,8,944.0500106811523,0.8553999960422516
18,Krowti,Anjaw,Walong,Arunachal Pradesh,True,28.2354088,97.0273216,50,4215.098934173584,0.8080720019340515
19,Krowti Labour Camp,Anjaw,Walong,Arunachal Pradesh,True,28.2318311,97.0285584,58,5070.846141815186,0.8044896577966625
20,Kundan,Anjaw,Walong,Arunachal Pradesh,True,28.2425043,97.0254063,14,403.9286003112793,0.7850999917302813
21,Musai,Anjaw,Walong,Arunachal Pradesh,True,28.2588294,97.0287424,108,6579.348556518555,0.8136962972305439
22,Samdul,Anjaw,Walong,Arunachal Pradesh,True,27.8858936,96.9223997,34,1707.5313930511475,0.8165882264866549
23,Supkung,Anjaw,Walong,Arunachal Pradesh,True,28.1588813,97.0363709,40,2510.929786682129,0.8210599988698959
24,Walong,Anjaw,Walong,Arunachal Pradesh,True,28.1294938,97.0166444,524,119778.84995246888,0.8336312980142259
25,Yakung,Anjaw,Walong,Arunachal Pradesh,True,28.1997526,97.0263468,36,2505.2408180236816,0.8201166656282213
26,Achali,Dibang Valley,Anini-Mipi,Arunachal Pradesh,True,28.8429461,95.9704783,7,971.8768005371094,0.8337571365492684
27,Achengo,Dibang Valley,Anini-Mipi,Arunachal Pradesh,True,28.8238506,95.9428387,28,2531.8215136528015,0.8140357158013752
28,Acheso,Dibang Valley,Anini-Mipi,Arunachal Pradesh,True,28.9263772,95.97448,45,2829.203116416931,0.8228244423866272
29,Alinye,Dibang Valley,Anini-Mipi,Arunachal Pradesh,True,28.8346828,95.9628967,127,13081.693862915039,0.8211456682738356
30,Angrim Valley,Dibang Valley,Anini-Mipi,Arunachal Pradesh,True,28.8842816,95.9786208,49,4453.0218114852905,0.8154938804860018
31,Aropo,Dibang Valley,Anini-Mipi,Arunachal Pradesh,True,28.8230901,95.9397069,36,3248.3361172676086,0.8085416687859429
32,Atoto,Dibang Valley,Anini-Mipi,Arunachal Pradesh,True,28.8355826,95.9647411,106,10931.298864364624,0.8232084889456911
33,Echito,Dibang Valley,Anini-Mipi,Arunachal Pradesh,True,28.9291593,95.9752771,54,3441.1454219818115,0.8228203698440835
34,Ediya,Dibang Valley,Anini-Mipi,Arunachal Pradesh,True,28.9638191,95.8076515,21,1659.4683895111084,0.8251999985604059
35,Emuli,Dibang Valley,Anini-Mipi,Arunachal Pradesh,True,28.8871158,95.8356573,16,1385.8924980163574,0.8039499931037426
36,Gipulin,Dibang Valley,Anini-Mipi,Arunachal Pradesh,True,28.8479222,95.9666253,63,6812.487314224243,0.8203936474663871
37,Kamuyi,Dibang Valley,Anini-Mipi,Arunachal Pradesh,True,28.9926912,95.8050502,2,114.72479629516602,0.7641499936580658
38,Mipi H.Q.,Dibang Valley,Anini-Mipi,Arunachal Pradesh,True,28.9641685,95.8081308,21,1659.4683895111084,0.8251999985604059
39,Mipido,Dibang Valley,Anini-Mipi,Arunachal Pradesh,True,28.950424,95.8144355,28,2370.3675022125244,0.8244571409055165
40,Etalin Bridge Point,Dibang Valley,Etalin-Malinye,Arunachal Pradesh,True,28.6094048,95.8703668,162,16926.25113105774,0.8087549382521783
41,Maliney,Dibang Valley,Etalin-Malinye,Arunachal Pradesh,True,28.6750197,96.1532235,77,6904.464239120483,0.8219532447975951
42,Mawali,Dibang Valley,Etalin-Malinye,Arunachal Pradesh,True,28.6599698,96.0170217,12,1181.5503931045532,0.8086916704972585
43,Punli,Dibang Valley,Etalin-Malinye,Arunachal Pradesh,True,28.6565904,95.8520788,41,3133.6379041671753,0.8076146361304493
44,Lengdi/Liang,East Kameng,Bameng,Arunachal Pradesh,True,27.5376292,92.923885,44,3186.5692253112793,0.8108318204229529
45,Upper Liyak,East Kameng,Bameng,Arunachal Pradesh,True,27.5337804,92.8465101,66,5302.958980560303,0.81572727542935
46,Dao,East Kameng,Chayangtajo,Arunachal Pradesh,True,27.7832832,92.9383609,0,0.0,
47,Dara Yangfo,East Kameng,Chayangtajo,Arunachal Pradesh,True,27.732817,93.0487159,22,1618.3301734924316,0.8477000052278693
48,Lamrah,East Kameng,Chayangtajo,Arunachal Pradesh,True,27.6967225,93.0373888,12,1022.0532150268555,0.8393333256244659
49,Loto Yangfo,East Kameng,Chayangtajo,Arunachal Pradesh,True,27.7296573,93.059293,10,1164.062427520752,0.8156399965286255
50,Diya Sullung,East Kameng,Chayangtajo,Arunachal Pradesh,True,27.7760452,93.0124888,0,0.0,
51,Hara Yangfo,East Kameng,Chayangtajo,Arunachal Pradesh,True,27.751648,93.1327809,2,116.69120025634766,0.8212000131607056
52,Jayang Bagang,East Kameng,Chayangtajo,Arunachal Pradesh,True,27.7547367,93.1791026,130,10430.452802658081,0.8299276929635268
53,Kesse Bagang,East Kameng,Chayangtajo,Arunachal Pradesh,True,27.7809294,93.2034502,70,6458.309818267822,0.8564028586660113
54,Langchu Sullung,East Kameng,Chayangtajo,Arunachal Pradesh,True,27.7569534,92.9355132,14,1031.5132026672363,0.799928571496691
55,Nampe Bagang,East Kameng,Chayangtajo,Arunachal Pradesh,True,27.7140627,93.0313033,0,0.0,
56,Raro Sullung,East Kameng,Chayangtajo,Arunachal Pradesh,True,27.6890058,93.0717372,12,502.0910053253174,0.8336666524410248
57,Tamsang Yangfo,East Kameng,Chayangtajo,Arunachal Pradesh,True,27.6760974,93.0917894,34,2142.4070014953613,0.8264823520884794
58,Warriam Sullung,East Kameng,Chayangtajo,Arunachal Pradesh,True,27.7279436,92.9802579,2,163.5402069091797,0.7666000127792358
59,Wallong,East Kameng,Khenewa,Arunachal Pradesh,True,27.6530641,92.9685879,14,1061.0453968048096,0.8192428605897086
60,Chate,Kurung Kumey,Damin,Arunachal Pradesh,True,28.1191826,93.3236259,26,3044.0404205322266,0.8338461609987112
61,Chulla,Kurung Kumey,Damin,Arunachal Pradesh,True,28.1242982,93.411274,28,2078.740240097046,0.8518142827919551
62,Damin H.Q.,Kurung Kumey,Damin,Arunachal Pradesh,True,28.1041982,93.3343841,370,43517.31830406189,0.8407254035408432
63,Damin Village,Kurung Kumey,Damin,Arunachal Pradesh,True,28.1050092,93.3443566,8,455.36139488220215,0.7924750000238419
64,Digok,Kurung Kumey,Damin,Arunachal Pradesh,True,28.1272533,93.3496878,0,0.0,
65,Fuba,Kurung Kumey,Damin,Arunachal Pradesh,True,28.1198537,93.3376816,12,839.2070055007935,0.824566662311554
66,Huri,Kurung Kumey,Damin,Arunachal Pradesh,True,28.1095105,93.3045975,120,10344.710655212402,0.8245866686105728
67,Katuk,Kurung Kumey,Damin,Arunachal Pradesh,True,28.1189094,93.2501395,8,476.7771968841553,0.8065249919891357
68,Kopila,Kurung Kumey,Damin,Arunachal Pradesh,True,28.1092251,93.3088818,114,9457.607887268066,0.8253263193264342
69,Machang,Kurung Kumey,Damin,Arunachal Pradesh,True,28.0962492,93.3005705,24,2121.9365739822388,0.8460999925931295
70,Nisuk,Kurung Kumey,Damin,Arunachal Pradesh,True,28.1081822,93.414929,8,798.4185791015625,0.8847749978303909
71,Pipa,Kurung Kumey,Damin,Arunachal Pradesh,True,28.0735847,93.283149,2,104.66919708251953,0.8690999746322632
72,Ramu,Kurung Kumey,Damin,Arunachal Pradesh,True,28.1084035,93.4191096,10,974.0797729492188,0.8685799956321716
73,Rane,Kurung Kumey,Damin,Arunachal Pradesh,True,28.1440384,93.3476122,0,0.0,
74,Rawiok,Kurung Kumey,Damin,Arunachal Pradesh,True,28.137739,93.3249207,2,145.8986053466797,0.8930000066757202
75,Ruba,Kurung Kumey,Damin,Arunachal Pradesh,True,28.1221707,93.2334312,26,2194.0048179626465,0.8246461611527663
76,Senamriang,Kurung Kumey,Damin,Arunachal Pradesh,True,28.1320477,93.3191302,22,1975.5618171691895,0.8461363640698519
77,Sibia,Kurung Kumey,Damin,Arunachal Pradesh,True,28.1070207,93.3012679,72,6728.036640167236,0.8348722259203593
78,Tarba,Kurung Kumey,Damin,Arunachal Pradesh,True,28.1607522,93.4195471,0,0.0,
79,Tokriang,Kurung Kumey,Damin,Arunachal Pradesh,True,28.1110736,93.3311986,0,0.0,
80,Yaso,Kurung Kumey,Damin,Arunachal Pradesh,True,28.1002726,93.3473375,0,0.0,
81,Buhan,Kurung Kumey,Koloriang,Arunachal Pradesh,True,27.8895447,93.283152,0,0.0,
82,Buyang,Kurung Kumey,Koloriang,Arunachal Pradesh,True,27.9419935,93.286116,44,3518.0852279663086,0.8197863670912656
83,Buyang-II,Kurung Kumey,Koloriang,Arunachal Pradesh,True,27.9419935,93.286116,44,3518.0852279663086,0.8197863670912656
84,Chello,Kurung Kumey,Koloriang,Arunachal Pradesh,True,27.8849215,93.291646,54,5320.568206787109,0.8384925899682222
85,Chimpu,Kurung Kumey,Koloriang,Arunachal Pradesh,True,27.9522411,93.2566277,26,2427.2213859558105,0.825323068178617
86,Chomi,Kurung Kumey,Koloriang,Arunachal Pradesh,True,27.955673,93.2595487,42,3826.3975715637207,0.8247428508031935
87,Chote,Kurung Kumey,Koloriang,Arunachal Pradesh,True,27.9524396,93.2616596,46,4332.773365020752,0.8227565158968386
88,Kiodhriang,Kurung Kumey,Koloriang,Arunachal Pradesh,True,27.8581693,93.2541827,12,895.9786186218262,0.8082166711489359
89,Nangram,Kurung Kumey,Koloriang,Arunachal Pradesh,True,27.9071735,93.4387839,64,5777.3468017578125,0.8274062499403954
90,Nyolo,Kurung Kumey,Koloriang,Arunachal Pradesh,True,27.9012651,93.3076219,22,1507.612413406372,0.7961636456576261
91,Pakba,Kurung Kumey,Koloriang,Arunachal Pradesh,True,27.8903622,93.3997806,4,268.8006134033203,0.8052499890327454
92,Papu,Kurung Kumey,Koloriang,Arunachal Pradesh,True,27.9111524,93.3917445,12,988.7780227661133,0.8300999999046326
93,Rengchi,Kurung Kumey,Koloriang,Arunachal Pradesh,True,27.8914093,93.4267781,48,4739.6471824646,0.8479666660229365
94,Tate,Kurung Kumey,Koloriang,Arunachal Pradesh,True,27.9539309,93.2699171,14,1311.5502128601074,0.8190142852919442
95,Yumlam,Kurung Kumey,Koloriang,Arunachal Pradesh,True,27.8897958,93.4560068,122,10249.069152832031,0.8327622902197916
96,Cheba,Kurung Kumey,Parsi-Parlo,Arunachal Pradesh,True,28.0204954,93.4801015,0,0.0,
97,Dape,Kurung Kumey,Parsi-Parlo,Arunachal Pradesh,True,28.0305059,93.4762607,4,246.2967987060547,0.8207999765872955
98,Dare,Kurung Kumey,Parsi-Parlo,Arunachal Pradesh,True,28.040746,93.4566336,48,5810.3564376831055,0.8311583325266838
99,Geyang,Kurung Kumey,Parsi-Parlo,Arunachal Pradesh,True,28.032302,93.4718342,40,4546.347421646118,0.8304249942302704
100,Gonang,Kurung Kumey,Parsi-Parlo,Arunachal Pradesh,True,27.9884834,93.5169908,302,38515.876247406006,0.8185145716793489
101,Nyokuriang,Kurung Kumey,Parsi-Parlo,Arunachal Pradesh,True,28.0062351,93.5622034,40,3850.15678024292,0.8201100021600723
102,Pachang,Kurung Kumey,Parsi-Parlo,Arunachal Pradesh,True,28.0250521,93.4720132,34,2765.4090270996094,0.8267647098092472
103,Pado I,Kurung Kumey,Parsi-Parlo,Arunachal Pradesh,True,27.9756026,93.5757879,96,6777.3248291015625,0.8211916647851467
104,Pagam,Kurung Kumey,Parsi-Parlo,Arunachal Pradesh,True,28.049312,93.4584998,0,0.0,
105,Pape,Kurung Kumey,Parsi-Parlo,Arunachal Pradesh,True,28.0129617,93.4902587,32,4038.241371154785,0.8141749985516071
106,Pariang,Kurung Kumey,Parsi-Parlo,Arunachal Pradesh,True,28.0328165,93.4803814,0,0.0,
107,Passik,Kurung Kumey,Parsi-Parlo,Arunachal Pradesh,True,28.0360017,93.4705453,22,2372.2982215881348,0.8368999903852289
108,Pilop,Kurung Kumey,Parsi-Parlo,Arunachal Pradesh,True,28.004125,93.5674707,16,2261.1152267456055,0.8247499987483025
109,Rashik,Kurung Kumey,Parsi-Parlo,Arunachal Pradesh,True,28.0080613,93.5508476,22,1821.67777633667,0.8241000012917952
110,Yarba-I,Kurung Kumey,Parsi-Parlo,Arunachal Pradesh,True,27.96349,93.5654022,46,3648.579751968384,0.8302782592566117
111,Bala,Kurung Kumey,Sarli,Arunachal Pradesh,True,27.9431025,93.1252507,4,406.2865905761719,0.8794499933719635
112,Chaching,Kurung Kumey,Sarli,Arunachal Pradesh,True,27.9375989,93.2339474,10,829.5796051025391,0.8053799986839294
113,Chulu,Kurung Kumey,Sarli,Arunachal Pradesh,True,27.8792111,93.0545229,4,108.37760162353516,0.800900012254715
114,Gane,Kurung Kumey,Sarli,Arunachal Pradesh,True,27.9643147,93.0391329,14,1261.4056015014648,0.8673142875943866
115,Haraiho,Kurung Kumey,Sarli,Arunachal Pradesh,True,27.9804475,93.1383943,0,0.0,
116,Kapu,Kurung Kumey,Sarli,Arunachal Pradesh,True,27.8879985,93.075251,104,9804.16600227356,0.8538596160136737
117,Koropu,Kurung Kumey,Sarli,Arunachal Pradesh,True,27.9899045,93.2023371,20,1228.345603942871,0.8117699980735779
118,Machane,Kurung Kumey,Sarli,Arunachal Pradesh,True,27.9220981,93.0770012,2,72.0647964477539,0.7817000150680542
119,Malo,Kurung Kumey,Sarli,Arunachal Pradesh,True,27.9563848,93.1153543,24,1684.1734104156494,0.8332999994357427
120,Milli,Kurung Kumey,Sarli,Arunachal Pradesh,True,27.9506354,93.0574678,50,4270.787815093994,0.8466159987449646
121,Namjo,Kurung Kumey,Sarli,Arunachal Pradesh,True,27.942996,93.1849686,0,0.0,
122,New Sarli,Kurung Kumey,Sarli,Arunachal Pradesh,True,27.9582217,93.1705235,54,5449.222023010254,0.8094518515798781
123,Riya,Kurung Kumey,Sarli,Arunachal Pradesh,True,27.8776779,93.0467319,10,849.296028137207,0.865939998626709
124,Sape,Kurung Kumey,Sarli,Arunachal Pradesh,True,27.9549291,93.1321419,82,6181.8758335113525,0.8302170765109178
125,Sarli,Kurung Kumey,Sarli,Arunachal Pradesh,True,27.9525582,93.163373,416,41228.2562046051,0.8239504803831761
126,Sate,Kurung Kumey,Sarli,Arunachal Pradesh,True,27.9537376,93.1572444,220,21123.943965911865,0.8197190902449868
127,Wabia,Kurung Kumey,Sarli,Arunachal Pradesh,True,27.9413919,93.1360402,42,3807.39337348938,0.8438809485662551
128,Walu,Kurung Kumey,Sarli,Arunachal Pradesh,True,27.9413919,93.1360402,42,3807.39337348938,0.8438809485662551
129,Waru,Kurung Kumey,Sarli,Arunachal Pradesh,True,27.8852647,93.0448126,42,4091.3513793945312,0.8539095237141564
130,Chanli,Lower Dibang,Hunli-Desali,Arunachal Pradesh,True,28.2923493,96.0296242,36,4351.25838470459,0.8186000088850657
131,Broxer,Tawang,Jang-Thingbu,Arunachal Pradesh,True,27.622647,91.9631993,64,2468.0594177246094,0.7935156282037497
132,Luguthang,Tawang,Jang-Thingbu,Arunachal Pradesh,True,27.5948234,92.1857466,44,2597.792392730713,0.8293454538692128
133,Mago,Tawang,Jang-Thingbu,Arunachal Pradesh,True,27.6883395,92.2081099,0,0.0,
134,Namazing,Tawang,Jang-Thingbu,Arunachal Pradesh,True,27.5506261,91.9768197,10,586.5837898254395,0.7705599904060364
135,Rho,Tawang,Jang-Thingbu,Arunachal Pradesh,True,27.6141065,91.987227,258,23037.26146888733,0.8334302338518838
136,Kitpi,Tawang,Kitpi,Arunachal Pradesh,True,27.5731189,91.90284,452,48442.07217693329,0.8282592924295273
137,Kitpi II,Tawang,Kitpi,Arunachal Pradesh,True,27.5731189,91.90284,452,48442.07217693329,0.8282592924295273
138,Famla,Tawang,Tawang,Arunachal Pradesh,True,27.5612427,91.8523298,266,27349.179555892944,0.8296563943525902
139,Gyangong Ani Gompa,Tawang,Tawang,Arunachal Pradesh,True,27.6003059,91.8525209,92,6031.230409622192,0.8130521722461866
140,Jangda,Tawang,Tawang,Arunachal Pradesh,True,27.5942319,91.9742379,270,20770.566659927368,0.8139348149299621
141,Mandrelling,Tawang,Tawang,Arunachal Pradesh,True,27.5952914,91.8697249,1626,212876.843416214,0.8245114395979146
142,Sakpret,Tawang,Tawang,Arunachal Pradesh,True,27.57568,91.79901,132,10832.668594360352,0.8224833345774448
143,Shyro,Tawang,Tawang,Arunachal Pradesh,True,27.5744459,91.9464757,48,3225.2693881988525,0.8175499985615412
144,Singsore Ani Gompa,Tawang,Tawang,Arunachal Pradesh,True,27.5952914,91.8697249,1626,212876.843416214,0.8245114395979146
145,Tawang Gompa,Tawang,Tawang,Arunachal Pradesh,True,27.5866091,91.8573902,482,64702.18620491028,0.8263854780137786
146,Thongleng,Tawang,Tawang,Arunachal Pradesh,True,27.57294,91.79215,176,19094.911268234253,0.8346056836572561
147,Brokenthang,Tawang,Zemithang-Dudunghar,Arunachal Pradesh,True,27.7352592,91.724121,126,14886.222537994385,0.8183809490430922
148,Gorsam,Tawang,Zemithang-Dudunghar,Arunachal Pradesh,True,27.6973252,91.7142454,88,13379.563159942627,0.8518977260047739
149,Kharman,Tawang,Zemithang-Dudunghar,Arunachal Pradesh,True,27.691851,91.7463062,18,768.250804901123,0.8019777801301744
150,Lumpo,Tawang,Zemithang-Dudunghar,Arunachal Pradesh,True,27.7204821,91.7144005,74,10035.089038848877,0.8303702683062166
151,Maling,Tawang,Zemithang-Dudunghar,Arunachal Pradesh,True,27.6350823,92.0693622,20,1657.0689811706543,0.8220400035381317
152,Muktur,Tawang,Zemithang-Dudunghar,Arunachal Pradesh,True,27.5800562,91.6627629,128,8733.983564376831,0.8265062496066093
153,Ramyang,Tawang,Zemithang-Dudunghar,Arunachal Pradesh,True,27.514701,91.6549664,144,10011.31501197815,0.8326708318458663
154,Shakti,Tawang,Zemithang-Dudunghar,Arunachal Pradesh,True,27.61139,91.71387,160,13973.531164169312,0.8125674985349178
155,Shoktsen,Tawang,Zemithang-Dudunghar,Arunachal Pradesh,True,27.7416556,91.7318533,16,1184.7741966247559,0.8219750002026558
156,Sirdi,Tawang,Zemithang-Dudunghar,Arunachal Pradesh,True,27.6466524,91.7230296,42,2848.066791534424,0.8151999967438834
157,Bishing,Upper Siang,Singa-Gelling,Arunachal Pradesh,True,29.1107736,95.0268102,140,9683.990461349487,0.8244414286954063
158,Bona,Upper Siang,Singa-Gelling,Arunachal Pradesh,True,29.0974164,94.9475348,78,4425.322580337524,0.8146461492929703
159,Mankota,Upper Siang,Singa-Gelling,Arunachal Pradesh,True,28.8878329,95.0759463,36,2352.038504600525,0.8102861096461614
160,Mayum,Upper Siang,Singa-Gelling,Arunachal Pradesh,True,29.0924208,94.9597907,106,6742.269855499268,0.8095547152015398
161,Tashi Gaon,Upper Siang,Singa-Gelling,Arunachal Pradesh,True,28.8743385,95.1028336,24,1850.277795791626,0.8111583317319552
162,Jido,Upper Siang,Tuting,Arunachal Pradesh,True,28.9820594,94.904882,194,13397.347812652588,0.8185412349160185
163,Lali,Upper Siang,Tuting,Arunachal Pradesh,True,29.0003932,94.8912175,738,79974.89441680908,0.8320712736305506
164,Ngaming,Upper Siang,Tuting,Arunachal Pradesh,True,28.9686342,94.9381419,388,29505.19391155243,0.8185201029187625
165,Nyering,Upper Siang,Tuting,Arunachal Pradesh,True,28.9360701,95.0104597,34,2418.5107975006104,0.828388231642106
166,Pango,Upper Siang,Tuting,Arunachal Pradesh,True,28.8870297,94.7578559,136,8976.893032073975,0.8197338248000425
167,Pekong,Upper Siang,Tuting,Arunachal Pradesh,True,28.9878787,94.8919255,1050,95591.62555885315,0.8202245714550926
168,Pekong,Upper Siang,Tuting,Arunachal Pradesh,True,28.9878787,94.8919255,1050,95591.62555885315,0.8202245714550926
169,Pokbir,Upper Siang,Tuting,Arunachal Pradesh,True,28.963981,94.9375517,212,14890.954209327698,0.8216254688658804
170,Rishing,Upper Siang,Tuting,Arunachal Pradesh,True,28.9984023,94.8852907,778,80216.53901863098,0.8311491001847471
171,Tenggo,Upper Siang,Tuting,Arunachal Pradesh,True,29.0668244,94.478654,28,1810.3058166503906,0.8452928492001125
172,Dadu,Upper Subansiri,Limeking,Arunachal Pradesh,True,28.3625828,93.5395735,28,3508.799385070801,0.8051500022411346
173,Gumsing,Upper Subansiri,Limeking,Arunachal Pradesh,True,28.4321817,93.2172532,32,3292.438789367676,0.8357499986886978
174,Lingbing,Upper Subansiri,Limeking,Arunachal Pradesh,True,28.4367283,93.2151175,24,2596.255172729492,0.8848416606585184
175,Redding,Upper Subansiri,Limeking,Arunachal Pradesh,True,28.4851077,93.4621565,36,2047.7483825683594,0.8080666694376204
176,Redding Camp,Upper Subansiri,Limeking,Arunachal Pradesh,True,28.4851077,93.4621565,36,2047.7483825683594,0.8080666694376204
177,Taying,Upper Subansiri,Limeking,Arunachal Pradesh,True,28.4321817,93.2172532,32,3292.438789367676,0.8357499986886978
178,Yaja,Upper Subansiri,Limeking,Arunachal Pradesh,True,28.4354329,93.2468461,6,349.2360038757324,0.7913999954859415
179,Chokar,Upper Subansiri,Nacho,Arunachal Pradesh,True,28.4279157,93.8094041,2,117.97139739990234,0.7699000239372253
180,Jerigaon,West Kameng,Nafra,Arunachal Pradesh,True,27.3403204,92.4726477,310,21511.40802192688,0.8176587093260981
181,Khellong,West Kameng,Nafra,Arunachal Pradesh,True,27.0133852,92.4145185,2,153.8995018005371,0.8627499938011169
182,Gatam,Kra daadi,Pipsorang,Arunachal Pradesh,True,28.0979458,93.6001405,0,0.0,
183,Habak,Kra daadi,Pipsorang,Arunachal Pradesh,True,28.1084846,93.5827385,4,286.1870002746582,0.8269500136375427
184,Hapuk (I),Kra daadi,Pipsorang,Arunachal Pradesh,True,28.0967863,93.5839299,22,1404.2103996276855,0.8113545396111228
185,Kokso,Kra daadi,Pipsorang,Arunachal Pradesh,True,28.0838152,93.6115937,8,761.2594146728516,0.8064750134944916
186,Richik,Kra daadi,Pipsorang,Arunachal Pradesh,True,28.064816,93.6543383,4,192.68299865722656,0.8118000030517578
187,Chungthang,North,Chungthang,Sikkim,True,27.604236,88.6465196,344,38267.21178531647,0.8249860452704652
188,Tung,North,Chungthang,Sikkim,True,27.5475,88.6493,11,421.13540172576904,0.7822818160057068
189,Chawang,North,Kabi Tingda,Sikkim,True,27.4415,88.5992,33,2322.6814041137695,0.8344181866356821
190,Labi,North,Kabi Tingda,Sikkim,True,27.4373,88.6584,0,0.0,
191,Paney-Phensong,North,Kabi Tingda,Sikkim,True,27.4340487,88.6127695,72,6166.420501708984,0.8217111113998625
192,Phamtam,North,Kabi Tingda,Sikkim,True,27.4557,88.61,0,0.0,
193,Phodong,North,Kabi Tingda,Sikkim,True,27.4130306,88.5838702,138,13887.110793113708,0.8307094206844551
194,Ramthang,North,Kabi Tingda,Sikkim,True,27.4039854,88.550947,55,4108.788621902466,0.8124581792137839
195,Rongong,North,Kabi Tingda,Sikkim,True,27.4092,88.5635,15,1431.4228925704956,0.8316466569900512
196,Tangyek,North,Kabi Tingda,Sikkim,True,27.4207,88.527,134,10064.19183063507,0.812342535648773
197,Tingchim,North,Kabi Tingda,Sikkim,True,27.4607586,88.5277316,186,13431.689579963684,0.809981720742359
198,Tingda,North,Kabi Tingda,Sikkim,True,27.3957,88.6272,88,6446.320055007935,0.8162431838837537
199,Tumlong,North,Kabi Tingda,Sikkim,True,27.4198712,88.5898311,115,10205.76075553894,0.8177982589472895
200,Lachen,North,Lachen,Sikkim,True,27.7305455,88.5469054,415,42874.91418361664,0.8368872271962913
201,Lachung,North,Lachung,Sikkim,True,27.7794,88.7152648,0,0.0,
202,Barfok,North,Passingdang,Sikkim,True,27.4977,88.491,3,192.48859786987305,0.8478999932607015
203,Gor,North,Passingdang,Sikkim,True,27.4302826,88.4984203,65,4072.4958238601685,0.8100169190993676
204,Hee-Gyathang,North,Passingdang,Sikkim,True,27.4816,88.4991,13,954.2577934265137,0.8224230729616605
205,Lingdem,North,Passingdang,Sikkim,True,27.5494817,88.4569319,47,3363.511706352234,0.7987702095762212
206,Lingdong,North,Passingdang,Sikkim,True,27.5073091,88.5194632,88,7566.405405044556,0.8105363629081033
207,Lingthem,North,Passingdang,Sikkim,True,27.5224732,88.5014686,97,9144.15085029602,0.8202618563298097
208,Lingzah-Tolung,North,Passingdang,Sikkim,True,27.571,88.4466,0,0.0,
209,Lum,North,Passingdang,Sikkim,True,27.394,88.48,18,1009.6321182250977,0.8110111057758331
210,Namok,North,Passingdang,Sikkim,True,27.4504654,88.5375829,78,4411.8150091171265,0.81904615347202
211,Sakyong-Pentong,North,Passingdang,Sikkim,True,27.5797,88.4049,0,0.0,
212,Salim Pakel,North,Passingdang,Sikkim,True,27.5379,88.5518,20,1362.3284149169922,0.8085600018501282
213,Sangtok,North,Passingdang,Sikkim,True,27.4091,88.504,57,3130.3207263946533,0.8020070153370238
214,Sheyam,North,Passingdang,Sikkim,True,27.4367,88.528,105,7109.913709640503,0.8089809497197469
215,Shipgyer,North,Passingdang,Sikkim,True,27.5544461,88.6336147,74,5607.8596267700195,0.8175500003067223
216,Tingbong,North,Passingdang,Sikkim,True,27.5524,88.4984,0,0.0,
217,Zimchung,North,Passingdang,Sikkim,True,27.4903,88.5321,196,28275.423001289368,0.8257229614014528
218,Bampa,Chamoli,Joshimath,Uttarakhand,True,30.7436664,79.8297153,244,16531.901206970215,0.809343441099417
219,Gamsali,Chamoli,Joshimath,Uttarakhand,True,30.7559986,79.8261873,498,30676.42177963257,0.8089823291962406
220,Gurguti,Chamoli,Joshimath,Uttarakhand,True,30.7738,79.8758,0,0.0,
221,Joshimath,Chamoli,Joshimath,Uttarakhand,True,30.5555752,79.5612607,1914,232629.55752372742,0.8329706371391081
222,Kailashpur,Chamoli,Joshimath,Uttarakhand,True,30.7148,79.8639,0,0.0,
223,Mahargaon,Chamoli,Joshimath,Uttarakhand,True,30.4061118,79.4205814,358,17271.97323989868,0.8089491601762825
224,Malari,Chamoli,Joshimath,Uttarakhand,True,30.6845508,79.8893688,314,18528.347618103027,0.8009853484524283
225,Mana,Chamoli,Joshimath,Uttarakhand,True,30.9671228,79.4109692,22,1650.1211853027344,0.8160363544117321
226,Bilju,Pithoragarh,Munsyari,Uttarakhand,True,30.3949398,80.1659059,42,2435.9521713256836,0.825685719648997
227,Burphu,Pithoragarh,Munsyari,Uttarakhand,True,30.3666548,80.1842308,90,7732.017414093018,0.8257288919554816
228,Martoli,Pithoragarh,Munsyari,Uttarakhand,True,30.3482498,80.1931552,60,4006.1925926208496,0.8132799943288167
229,Rilkot,Pithoragarh,Munsyari,Uttarakhand,True,30.3104468,80.2080315,32,1255.314998626709,0.8010125011205673
230,Tola,Pithoragarh,Munsyari,Uttarakhand,True,30.3356863,80.2121168,18,1082.472396850586,0.8306888937950134
231,Baling,Pithoragarh,Dharchula or Kanalichhina (unresolved),Uttarakhand,True,30.2092254,80.5479905,112,7542.439378738403,0.812683927161353
232,Dar,Pithoragarh,Dharchula or Kanalichhina (unresolved),Uttarakhand,True,30.069216,80.602947,112,8322.468254089355,0.7858839279838971
233,Dugtu,Pithoragarh,Dharchula or Kanalichhina (unresolved),Uttarakhand,True,30.21,80.5679,0,0.0,
234,Garbyang,Pithoragarh,Dharchula or Kanalichhina (unresolved),Uttarakhand,True,30.1251387,80.8575277,178,12296.809183120728,0.8099853945582101
235,Gunji,Pithoragarh,Dharchula or Kanalichhina (unresolved),Uttarakhand,True,30.1865763,80.8508108,20,1367.0979804992676,0.8055800080299378
236,Kuti,Pithoragarh,Dharchula or Kanalichhina (unresolved),Uttarakhand,True,30.3078792,80.7599224,0,0.0,
237,Navi,Pithoragarh,Dharchula or Kanalichhina (unresolved),Uttarakhand,True,30.2049725,80.8373063,0,0.0,
238,Rongkong (Raung Kong),Pithoragarh,Dharchula or Kanalichhina (unresolved),Uttarakhand,True,30.2033451,80.8316381,80,4424.965782165527,0.8008225008845329
239,Sela,Pithoragarh,Dharchula or Kanalichhina (unresolved),Uttarakhand,True,30.1472581,80.6056591,74,5681.8397789001465,0.8202810819084579
240,Tidang,Pithoragarh,Dharchula or Kanalichhina (unresolved),Uttarakhand,True,30.246,80.5487,188,14939.931276321411,0.8266308523238973
241,Amali,Pithoragarh,Dharchula or Kanalichhina (unresolved),Uttarakhand,True,29.7039,80.3278,46,2979.5051193237305,0.7967130464056263
242,Bagori,Uttarkashi,Bhatwari,Uttarakhand,True,30.7702443,78.4746317,9,424.10669898986816,0.8105666703648038
243,Dharali,Uttarkashi,Bhatwari,Uttarakhand,True,31.0408468,78.7815312,187,15433.145065307617,0.8206026726228031
244,Harshil,Uttarkashi,Bhatwari,Uttarakhand,True,31.0350501,78.7572289,65,5919.299624443054,0.8241307680423443
245,Jadung,Uttarkashi,Bhatwari,Uttarakhand,True,31.1648,79.0397,0,0.0,
246,Jaspur,Uttarkashi,Bhatwari,Uttarakhand,True,30.727214,78.4636435,23,1455.325984954834,0.8125608615253282
247,Jhala,Uttarkashi,Bhatwari,Uttarakhand,True,31.0248573,78.7101354,164,11128.627605438232,0.8007896339021078
248,Mukhawa,Uttarkashi,Bhatwari,Uttarakhand,True,31.0542,78.7901,0,0.0,
249,Nelang,Uttarkashi,Bhatwari,Uttarakhand,True,31.121954,79.0304088,0,0.0,
250,Purali,Uttarkashi,Bhatwari,Uttarakhand,True,31.0299258,78.7099965,77,5310.539490699768,0.800312986621609
251,Sukki,Uttarkashi,Bhatwari,Uttarakhand,True,31.014,78.7108,73,8957.76014995575,0.8246767104488529
252,Chhitkul,Kinnaur,Unknown,Himachal Pradesh,False,31.3881,78.46219,0,0.0,
253,Pooh,Kinnaur,Unknown,Himachal Pradesh,False,31.76159,78.5839324,428,53980.35771751404,0.8217144856386096
254,Nako,Kinnaur,Unknown,Himachal Pradesh,False,31.8813748,78.6270483,470,50852.192710876465,0.8238595749469514
255,Leo,Kinnaur,Unknown,Himachal Pradesh,False,31.8839167,78.5935199,330,40149.774826049805,0.8214466669342735
256,Chango,Kinnaur,Unknown,Himachal Pradesh,False,31.9777573,78.5944015,420,46845.15206336975,0.8288909514745076
257,Gue,Lahaul and Spiti,Unknown,Himachal Pradesh,False,32.1310531,78.5697113,166,18962.696170806885,0.8374759066535766
258,Lalung,Lahaul and Spiti,Unknown,Himachal Pradesh,False,32.14927,78.27071,0,0.0,
