village_id,village,district,block,state,is_core_sample,latitude,longitude,ndbi_before,ndbi_after,ndbi_before_image_count,ndbi_after_image_count,lights_before,lights_after,lights_before_image_count,lights_after_image_count
1,Metengliang,Anjaw,Chaglagam,Arunachal Pradesh,True,28.2053139,96.5325529,-0.22026343600185805,-0.26271145133404494,24,29,0.33272626490509555,0.24208356497984074,4,4
2,Chipra,Anjaw,Chaglagam,Arunachal Pradesh,True,28.2687337,96.564114,-0.2431908867734416,-0.21432573933894353,24,29,0.2990458350835576,0.1329527751811677,4,4
3,Mithumna,Anjaw,Chaglagam,Arunachal Pradesh,True,28.2346775,96.535261,-0.2359786838613119,-0.2498036657802497,24,29,0.2628469325513136,0.15062517323305039,4,4
4,Pailiang,Anjaw,Chaglagam,Arunachal Pradesh,True,28.1966606,96.5083691,-0.24692891102683817,-0.27886503620659076,24,29,0.3066761800505657,0.17516922025959472,4,4
5,Glotong,Anjaw,Hayuliang,Arunachal Pradesh,True,28.2051645,96.6850333,-0.27441725407704937,-0.27084978685251226,24,29,0.3067597492823694,0.21583496087689913,4,4
6,Hayuliang,Anjaw,Hayuliang,Arunachal Pradesh,True,28.081317,96.5236674,-0.1512942404727752,-0.14631408454458159,24,29,0.3763871095356627,0.42381074399757435,4,4
7,Keletong,Anjaw,Hayuliang,Arunachal Pradesh,True,28.123006,96.6192583,-0.2192052821734934,-0.23231095395643558,24,29,0.3051655097531675,0.16001390724731754,4,4
8,Kongra(Metung),Anjaw,Hayuliang,Arunachal Pradesh,True,28.0695862,96.5735857,-0.24588825636588743,-0.26700028614575777,24,29,0.3498603744030197,0.26812100139681777,4,4
9,Zapaliang,Anjaw,Hayuliang,Arunachal Pradesh,True,28.009235,96.4411122,-0.22189810262509238,-0.23754198757854694,48,58,0.3679343292617426,0.22759062859577234,4,4
10,Chenguinty,Anjaw,Walong,Arunachal Pradesh,True,27.8858991,96.8520327,-0.2664021861784362,-0.26543358577787446,24,29,0.3458866870242331,0.37059855234616323,4,4
11,Dhanbari,Anjaw,Walong,Arunachal Pradesh,True,28.0078075,96.6214266,-0.24351429341693365,-0.26069507998168495,48,58,0.0969290087699774,0.24207627416799787,4,4
12,Dong,Anjaw,Walong,Arunachal Pradesh,True,28.1679203,97.0389469,-0.12550052448614038,-0.1581213886546269,48,58,0.311308397508503,0.2241852013964011,4,4
13,Gong,Anjaw,Walong,Arunachal Pradesh,True,28.1700892,97.0008029,-0.22460178211350582,-0.18227872828365352,48,58,0.2836541634342737,0.19954027771949773,4,4
14,Hot Spring,Anjaw,Walong,Arunachal Pradesh,True,28.2928975,97.1638576,-0.1634707035743487,-0.2420385014647903,24,29,0.29693481481521705,0.2134687921727249,4,4
15,Hunung,Anjaw,Walong,Arunachal Pradesh,True,27.8741289,96.9451026,-0.24761511077504578,-0.2705189030925032,24,29,0.16439379244744115,0.23780275905766174,4,4
16,Kaho,Anjaw,Walong,Arunachal Pradesh,True,28.3034238,97.0250574,-0.19186765470360354,-0.2143650249947467,48,58,0.2766511283551555,0.28531241861519097,4,4
17,Khrawit,Anjaw,Walong,Arunachal Pradesh,True,27.9044705,96.9437389,-0.24533543594247786,-0.2519663640926134,24,29,0.21240472984247646,0.1476870668593468,4,4
18,Krowti,Anjaw,Walong,Arunachal Pradesh,True,28.2354088,97.0273216,-0.16347051248059172,-0.16395923261374448,48,58,0.21735441865330452,0.23108247276649865,4,4
19,Krowti Labour Camp,Anjaw,Walong,Arunachal Pradesh,True,28.2318311,97.0285584,-0.15901853168676403,-0.16154939906756796,48,58,0.23847476629766562,0.2391555725172765,4,4
20,Kundan,Anjaw,Walong,Arunachal Pradesh,True,28.2425043,97.0254063,-0.17884998933280458,-0.18649373812218847,48,58,0.16735025097554548,0.2123058768969672,4,4
21,Musai,Anjaw,Walong,Arunachal Pradesh,True,28.2588294,97.0287424,-0.15551236101217158,-0.16619052266926515,48,58,0.22297239318060036,0.24090801308822554,4,4
22,Samdul,Anjaw,Walong,Arunachal Pradesh,True,27.8858936,96.9223997,-0.22191009698799632,-0.20217113225376157,24,29,0.25170656669478375,0.25328786402343373,4,4
23,Supkung,Anjaw,Walong,Arunachal Pradesh,True,28.1588813,97.0363709,-0.16363896518075088,-0.19008407652265644,48,58,0.301599998825954,0.29876388298554557,4,4
24,Walong,Anjaw,Walong,Arunachal Pradesh,True,28.1294938,97.0166444,-0.15975450862531015,-0.18284906821887909,48,58,0.5423248588193745,1.1578975618134149,4,4
25,Yakung,Anjaw,Walong,Arunachal Pradesh,True,28.1997526,97.0263468,-0.17635198592145956,-0.19425499518042888,48,58,0.26605387520737134,0.20343584860076308,4,4
26,Achali,Dibang Valley,Anini-Mipi,Arunachal Pradesh,True,28.8429461,95.9704783,-0.2132970611289018,-0.23486288694219412,196,236,0.38630091431366176,0.2516029335374678,4,4
27,Achengo,Dibang Valley,Anini-Mipi,Arunachal Pradesh,True,28.8238506,95.9428387,-0.19166567007088084,-0.20552115306428637,196,236,0.3759423478520961,0.23506513313119795,4,4
28,Acheso,Dibang Valley,Anini-Mipi,Arunachal Pradesh,True,28.9263772,95.97448,-0.2281374828147307,-0.26701758067124737,98,118,0.3591508149755602,0.05641990653535765,4,4
29,Alinye,Dibang Valley,Anini-Mipi,Arunachal Pradesh,True,28.8346828,95.9628967,-0.18562980670405016,-0.20918869096553003,196,236,0.415468665700733,0.22947818527747954,4,4
30,Angrim Valley,Dibang Valley,Anini-Mipi,Arunachal Pradesh,True,28.8842816,95.9786208,-0.21976701931355339,-0.2609987915321271,196,236,0.3788490157791372,0.10506762357198862,4,4
31,Aropo,Dibang Valley,Anini-Mipi,Arunachal Pradesh,True,28.8230901,95.9397069,-0.19191760846853792,-0.20532960388195476,196,236,0.3752029807659448,0.22888566742480637,4,4
32,Atoto,Dibang Valley,Anini-Mipi,Arunachal Pradesh,True,28.8355826,95.9647411,-0.19114138739389033,-0.21337950129126196,196,236,0.41092287664663035,0.2402603129284496,4,4
33,Echito,Dibang Valley,Anini-Mipi,Arunachal Pradesh,True,28.9291593,95.9752771,-0.22829474520571053,-0.26827170976547626,98,118,0.3593562167227219,0.03197684047806845,4,4
34,Ediya,Dibang Valley,Anini-Mipi,Arunachal Pradesh,True,28.9638191,95.8076515,-0.23185869144024832,-0.2195578434483183,49,59,0.394111771378851,0.24298580498111153,4,4
35,Emuli,Dibang Valley,Anini-Mipi,Arunachal Pradesh,True,28.8871158,95.8356573,-0.26751647903744596,-0.22904375441894362,98,118,0.3548930411530633,0.18190725790987086,4,4
36,Gipulin,Dibang Valley,Anini-Mipi,Arunachal Pradesh,True,28.8479222,95.9666253,-0.2055923543995126,-0.23674254410667706,196,236,0.39444975078039923,0.23081464690268705,4,4
37,Kamuyi,Dibang Valley,Anini-Mipi,Arunachal Pradesh,True,28.9926912,95.8050502,-0.25611524401351465,-0.2564132436478386,49,59,0.3857712952236777,0.1313482209524488,4,4
38,Mipi H.Q.,Dibang Valley,Anini-Mipi,Arunachal Pradesh,True,28.9641685,95.8081308,-0.23161518949022764,-0.21894956889216943,49,59,0.3946527406598034,0.2455776149997674,4,4
39,Mipido,Dibang Valley,Anini-Mipi,Arunachal Pradesh,True,28.950424,95.8144355,-0.21605885564824465,-0.23290042219233448,49,59,0.4021983500600847,0.17738016357968667,4,4
40,Etalin Bridge Point,Dibang Valley,Etalin-Malinye,Arunachal Pradesh,True,28.6094048,95.8703668,-0.21505014031939235,-0.25143588998123184,50,59,0.3330599471178116,0.29611990342132266,4,4
41,Maliney,Dibang Valley,Etalin-Malinye,Arunachal Pradesh,True,28.6750197,96.1532235,-0.20863143423911215,-0.23915210746062157,51,60,0.3678361531816958,0.15356043677251358,4,4
42,Mawali,Dibang Valley,Etalin-Malinye,Arunachal Pradesh,True,28.6599698,96.0170217,-0.22327790193040234,-0.2514112167605433,100,118,0.3735047103692581,0.14888442321546264,4,4
43,Punli,Dibang Valley,Etalin-Malinye,Arunachal Pradesh,True,28.6565904,95.8520788,-0.2222547486589368,-0.2558025144370385,50,59,0.38291978158095974,0.18939664729928396,4,4
44,Lengdi/Liang,East Kameng,Bameng,Arunachal Pradesh,True,27.5376292,92.923885,-0.26247627237393,-0.27157728856444147,49,60,0.40636694697605796,0.29202380364014663,4,4
45,Upper Liyak,East Kameng,Bameng,Arunachal Pradesh,True,27.5337804,92.8465101,-0.2455830441494092,-0.24720198989705042,49,60,0.40996294838670116,0.27353816721963403,4,4
46,Dao,East Kameng,Chayangtajo,Arunachal Pradesh,True,27.7832832,92.9383609,-0.22541468963670222,-0.2459165449163961,49,59,0.3723202390531898,0.23346362987257033,4,4
47,Dara Yangfo,East Kameng,Chayangtajo,Arunachal Pradesh,True,27.732817,93.0487159,-0.2548742772977016,-0.22249799234852508,98,120,0.3500872412784881,0.26841149702543393,4,4
48,Lamrah,East Kameng,Chayangtajo,Arunachal Pradesh,True,27.6967225,93.0373888,-0.2211433714586278,-0.22803645683072157,98,120,0.346036382353934,0.3119487055778038,4,4
49,Loto Yangfo,East Kameng,Chayangtajo,Arunachal Pradesh,True,27.7296573,93.059293,-0.24721439661813135,-0.21884651306230818,98,120,0.3566135790934939,0.2720089382501113,4,4
50,Diya Sullung,East Kameng,Chayangtajo,Arunachal Pradesh,True,27.7760452,93.0124888,-0.2398562074186015,-0.2638390242447283,98,120,0.398914014482751,0.19124232166010463,4,4
51,Hara Yangfo,East Kameng,Chayangtajo,Arunachal Pradesh,True,27.751648,93.1327809,-0.28033296441692046,-0.2904547990946054,49,61,0.3326045713417037,0.3069352970250279,4,4
52,Jayang Bagang,East Kameng,Chayangtajo,Arunachal Pradesh,True,27.7547367,93.1791026,-0.26325471826279745,-0.25876500716196393,49,61,0.3888240638826732,0.3080380112932274,4,4
53,Kesse Bagang,East Kameng,Chayangtajo,Arunachal Pradesh,True,27.7809294,93.2034502,-0.26640941311970523,-0.2836940098021676,49,61,0.38610515451696914,0.3270960972086632,4,4
54,Langchu Sullung,East Kameng,Chayangtajo,Arunachal Pradesh,True,27.7569534,92.9355132,-0.2507234508977449,-0.24433356444578863,49,59,0.38048256629846755,0.1732126913933575,4,4
55,Nampe Bagang,East Kameng,Chayangtajo,Arunachal Pradesh,True,27.7140627,93.0313033,-0.23738074661211586,-0.237733866504935,98,120,0.372583702979942,0.3017473524669185,4,4
56,Raro Sullung,East Kameng,Chayangtajo,Arunachal Pradesh,True,27.6890058,93.0717372,-0.26742537392876997,-0.2688908250171726,98,120,0.41268145915751087,0.3311711273034946,4,4
57,Tamsang Yangfo,East Kameng,Chayangtajo,Arunachal Pradesh,True,27.6760974,93.0917894,-0.26430717267991366,-0.26080985387105066,98,120,0.3892590767927677,0.3312381278036693,4,4
58,Warriam Sullung,East Kameng,Chayangtajo,Arunachal Pradesh,True,27.7279436,92.9802579,-0.22909868376949608,-0.21717418180077322,49,59,0.37993985617911075,0.24629021233612006,4,4
59,Wallong,East Kameng,Khenewa,Arunachal Pradesh,True,27.6530641,92.9685879,-0.24212750962475468,-0.2840732856910491,49,60,0.29926606651458,0.24813966847248584,4,4
60,Chate,Kurung Kumey,Damin,Arunachal Pradesh,True,28.1191826,93.3236259,-0.28318783484259186,-0.2687715820906629,49,60,0.38612451313330487,0.2179914937919235,4,4
61,Chulla,Kurung Kumey,Damin,Arunachal Pradesh,True,28.1242982,93.411274,-0.28589280901771286,-0.27806175485545703,49,60,0.3876653163710477,0.1563406806671992,4,4
62,Damin H.Q.,Kurung Kumey,Damin,Arunachal Pradesh,True,28.1041982,93.3343841,-0.26141379074768467,-0.25373293664597923,49,60,0.3517090619306349,0.25881915296950136,4,4
63,Damin Village,Kurung Kumey,Damin,Arunachal Pradesh,True,28.1050092,93.3443566,-0.2504550042261367,-0.25150917441680254,49,60,0.34647386092630467,0.22283856793865148,4,4
64,Digok,Kurung Kumey,Damin,Arunachal Pradesh,True,28.1272533,93.3496878,-0.2673433886309365,-0.2556083787063896,49,60,0.37533074301802627,0.187833519400889,4,4
65,Fuba,Kurung Kumey,Damin,Arunachal Pradesh,True,28.1198537,93.3376816,-0.2813479531819895,-0.24972632624477695,49,60,0.4062015912216597,0.18286778928344044,4,4
66,Huri,Kurung Kumey,Damin,Arunachal Pradesh,True,28.1095105,93.3045975,-0.2746561762341149,-0.2538266664124516,49,60,0.38397345083569173,0.2701452560878178,4,4
67,Katuk,Kurung Kumey,Damin,Arunachal Pradesh,True,28.1189094,93.2501395,-0.2524026196117273,-0.22698987056594114,49,60,0.4037340239849355,0.29070972064716943,4,4
68,Kopila,Kurung Kumey,Damin,Arunachal Pradesh,True,28.1092251,93.3088818,-0.2722191152070468,-0.2545814882665526,49,60,0.3784817724283645,0.2558655710504674,4,4
69,Machang,Kurung Kumey,Damin,Arunachal Pradesh,True,28.0962492,93.3005705,-0.267731298816333,-0.26200107879204126,49,60,0.37737381576295015,0.2778764635083467,4,4
70,Nisuk,Kurung Kumey,Damin,Arunachal Pradesh,True,28.1081822,93.414929,-0.28882117871054647,-0.2547382041978741,49,60,0.39340189115049573,0.22895288686907375,4,4
71,Pipa,Kurung Kumey,Damin,Arunachal Pradesh,True,28.0735847,93.283149,-0.2534682523159474,-0.24682143537043083,49,60,0.40277538454582373,0.23338734076069528,4,4
72,Ramu,Kurung Kumey,Damin,Arunachal Pradesh,True,28.1084035,93.4191096,-0.2989217955840456,-0.26662633375488753,49,60,0.38985535417047434,0.23370723045833913,4,4
73,Rane,Kurung Kumey,Damin,Arunachal Pradesh,True,28.1440384,93.3476122,-0.27723353218068264,-0.3020702568236898,49,60,0.3688421461529127,0.22278025012271627,4,4
74,Rawiok,Kurung Kumey,Damin,Arunachal Pradesh,True,28.137739,93.3249207,-0.2555829817287799,-0.2732624576948341,49,60,0.39679268908054965,0.221184432510719,4,4
75,Ruba,Kurung Kumey,Damin,Arunachal Pradesh,True,28.1221707,93.2334312,-0.27272861406518445,-0.2571960759067449,49,60,0.3881189115521639,0.27154172311571945,4,4
76,Senamriang,Kurung Kumey,Damin,Arunachal Pradesh,True,28.1320477,93.3191302,-0.2719912338751441,-0.27179566345579026,49,60,0.38535525224839257,0.2160009753823646,4,4
77,Sibia,Kurung Kumey,Damin,Arunachal Pradesh,True,28.1070207,93.3012679,-0.27475509708320217,-0.25074289606993744,49,60,0.38700250254994706,0.2810109728960742,4,4
78,Tarba,Kurung Kumey,Damin,Arunachal Pradesh,True,28.1607522,93.4195471,-0.2976266353926749,-0.2967777884331217,49,60,0.4212569756865768,0.13698590823332776,4,4
79,Tokriang,Kurung Kumey,Damin,Arunachal Pradesh,True,28.1110736,93.3311986,-0.2627567794816791,-0.2347109313264545,49,60,0.3821688426414884,0.23149194687778704,4,4
80,Yaso,Kurung Kumey,Damin,Arunachal Pradesh,True,28.1002726,93.3473375,-0.26937332145764287,-0.27262585693333136,49,60,0.35975806788853204,0.22497705524130507,4,4
81,Buhan,Kurung Kumey,Koloriang,Arunachal Pradesh,True,27.8895447,93.283152,-0.27429498261463786,-0.28938694404920995,49,61,0.29498464518653994,0.365712791614711,4,4
82,Buyang,Kurung Kumey,Koloriang,Arunachal Pradesh,True,27.9419935,93.286116,-0.27942246948749383,-0.24655834331965762,98,121,0.3431488424083111,0.3025793592616463,4,4
83,Buyang-II,Kurung Kumey,Koloriang,Arunachal Pradesh,True,27.9419935,93.286116,-0.27942246948749383,-0.24655834331965762,98,121,0.3431488424083111,0.3025793592616463,4,4
84,Chello,Kurung Kumey,Koloriang,Arunachal Pradesh,True,27.8849215,93.291646,-0.2611070473012813,-0.2729395071450596,49,61,0.37561000712377973,0.3819422721862793,4,4
85,Chimpu,Kurung Kumey,Koloriang,Arunachal Pradesh,True,27.9522411,93.2566277,-0.29328684814778616,-0.26866620367562427,98,121,0.36226918797803265,0.4162687685452525,4,4
86,Chomi,Kurung Kumey,Koloriang,Arunachal Pradesh,True,27.955673,93.2595487,-0.29999745041080284,-0.2704156126519705,98,121,0.3711442119278063,0.3811783098796162,4,4
87,Chote,Kurung Kumey,Koloriang,Arunachal Pradesh,True,27.9524396,93.2616596,-0.29748986291751817,-0.26798020621890767,98,121,0.3709645483794657,0.42563162676653077,4,4
88,Kiodhriang,Kurung Kumey,Koloriang,Arunachal Pradesh,True,27.8581693,93.2541827,-0.26480180691554217,-0.27437680714468127,49,61,0.3724622463211585,0.30632619924376614,4,4
89,Nangram,Kurung Kumey,Koloriang,Arunachal Pradesh,True,27.9071735,93.4387839,-0.28607269401275504,-0.2420157949380273,25,30,0.3107553640677716,0.23990810475984145,4,4
90,Nyolo,Kurung Kumey,Koloriang,Arunachal Pradesh,True,27.9012651,93.3076219,-0.2794472155699608,-0.2686058747497977,49,61,0.37290178358255477,0.3727183290341469,4,4
91,Pakba,Kurung Kumey,Koloriang,Arunachal Pradesh,True,27.8903622,93.3997806,-0.27298853570376874,-0.25048038125367794,45,46,0.3488926797325335,0.34752227143614756,4,4
92,Papu,Kurung Kumey,Koloriang,Arunachal Pradesh,True,27.9111524,93.3917445,-0.2542280212255994,-0.24645124140849997,49,59,0.41930559581944504,0.38302462450349156,4,4
93,Rengchi,Kurung Kumey,Koloriang,Arunachal Pradesh,True,27.8914093,93.4267781,-0.27235661706222297,-0.23998944315177886,25,30,0.33125801349138206,0.27526972625443025,4,4
94,Tate,Kurung Kumey,Koloriang,Arunachal Pradesh,True,27.9539309,93.2699171,-0.3093080203651649,-0.27134318844620764,98,121,0.36973072997779854,0.3700716672768475,4,4
95,Yumlam,Kurung Kumey,Koloriang,Arunachal Pradesh,True,27.8897958,93.4560068,-0.2737369084178235,-0.24709774679542193,25,30,0.36837255661700086,0.2679206090841784,4,4
96,Cheba,Kurung Kumey,Parsi-Parlo,Arunachal Pradesh,True,28.0204954,93.4801015,-0.27015788216334263,-0.2426292699419204,50,60,0.38283114668815016,0.33976157229005194,4,4
97,Dape,Kurung Kumey,Parsi-Parlo,Arunachal Pradesh,True,28.0305059,93.4762607,-0.2831657943273178,-0.2206072329395187,50,60,0.36362391489615953,0.30429938307318755,4,4
98,Dare,Kurung Kumey,Parsi-Parlo,Arunachal Pradesh,True,28.040746,93.4566336,-0.28370516025115694,-0.23781627521402438,25,30,0.38010860512728684,0.36361876524314674,4,4
99,Geyang,Kurung Kumey,Parsi-Parlo,Arunachal Pradesh,True,28.032302,93.4718342,-0.2782243362927832,-0.21569861105462165,50,60,0.37452171879437474,0.31387774611010716,4,4
100,Gonang,Kurung Kumey,Parsi-Parlo,Arunachal Pradesh,True,27.9884834,93.5169908,-0.23441130282767558,-0.22521352993326807,50,60,0.32700934016608174,0.3134109290622555,4,4
101,Nyokuriang,Kurung Kumey,Parsi-Parlo,Arunachal Pradesh,True,28.0062351,93.5622034,-0.24202123253937893,-0.24341423787081468,50,60,0.3796442499468832,0.326675020737158,4,4
102,Pachang,Kurung Kumey,Parsi-Parlo,Arunachal Pradesh,True,28.0250521,93.4720132,-0.27081045079868027,-0.21619059583212558,50,60,0.38924478216197794,0.31630111197022637,4,4
103,Pado I,Kurung Kumey,Parsi-Parlo,Arunachal Pradesh,True,27.9756026,93.5757879,-0.24716812312146785,-0.25684429995573166,50,60,0.35080662780765964,0.2910176861100157,4,4
104,Pagam,Kurung Kumey,Parsi-Parlo,Arunachal Pradesh,True,28.049312,93.4584998,-0.30237879930684836,-0.2427901713970899,25,30,0.3445340285408829,0.3436236101720068,4,4
105,Pape,Kurung Kumey,Parsi-Parlo,Arunachal Pradesh,True,28.0129617,93.4902587,-0.26465148742490013,-0.2487222652325314,50,60,0.3588063727964737,0.3633177915384749,4,4
106,Pariang,Kurung Kumey,Parsi-Parlo,Arunachal Pradesh,True,28.0328165,93.4803814,-0.30476468713253785,-0.2317346011163769,50,60,0.35078312287437036,0.28964992652295196,4,4
107,Passik,Kurung Kumey,Parsi-Parlo,Arunachal Pradesh,True,28.0360017,93.4705453,-0.2844342753769765,-0.22204148781565783,25,30,0.36547479741389427,0.31861876390731225,4,4
108,Pilop,Kurung Kumey,Parsi-Parlo,Arunachal Pradesh,True,28.004125,93.5674707,-0.24051014389510966,-0.22888558474616866,50,60,0.3710879888114983,0.31031144984774084,4,4
109,Rashik,Kurung Kumey,Parsi-Parlo,Arunachal Pradesh,True,28.0080613,93.5508476,-0.26234303171171547,-0.27613547386857384,50,60,0.3857951671159724,0.3510995481024905,4,4
110,Yarba-I,Kurung Kumey,Parsi-Parlo,Arunachal Pradesh,True,27.96349,93.5654022,-0.25393953438924066,-0.2636125928215501,50,60,0.37026982075315856,0.2931425593907379,4,4
111,Bala,Kurung Kumey,Sarli,Arunachal Pradesh,True,27.9431025,93.1252507,-0.2706928845987764,-0.26572646043246734,98,121,0.3410363277806206,0.375000692870808,4,4
112,Chaching,Kurung Kumey,Sarli,Arunachal Pradesh,True,27.9375989,93.2339474,-0.293778605321555,-0.2629964577684674,98,121,0.39029771461875556,0.32788536452175715,4,4
113,Chulu,Kurung Kumey,Sarli,Arunachal Pradesh,True,27.8792111,93.0545229,-0.2632022539770555,-0.2823845527904399,98,120,0.3813706523934393,0.3603470089621272,4,4
114,Gane,Kurung Kumey,Sarli,Arunachal Pradesh,True,27.9643147,93.0391329,-0.24514129913614036,-0.2503045583767198,196,237,0.3782229660592555,0.21002654302016946,4,4
115,Haraiho,Kurung Kumey,Sarli,Arunachal Pradesh,True,27.9804475,93.1383943,-0.2860356285325365,-0.2855125940290873,98,121,0.3818448580321675,0.36385419584679873,4,4
116,Kapu,Kurung Kumey,Sarli,Arunachal Pradesh,True,27.8879985,93.075251,-0.25769742402935986,-0.25467413000553163,98,120,0.32032305458438415,0.323018419848219,4,4
117,Koropu,Kurung Kumey,Sarli,Arunachal Pradesh,True,27.9899045,93.2023371,-0.30642697031115856,-0.2618951178075106,98,121,0.3908915679511886,0.2803090194319033,4,4
118,Machane,Kurung Kumey,Sarli,Arunachal Pradesh,True,27.9220981,93.0770012,-0.29623538617153883,-0.2951626585064832,98,120,0.36381773846275967,0.3043987424804844,4,4
119,Malo,Kurung Kumey,Sarli,Arunachal Pradesh,True,27.9563848,93.1153543,-0.26193496168295505,-0.29430469550974375,98,121,0.3830217907101658,0.32212559189767137,4,4
120,Milli,Kurung Kumey,Sarli,Arunachal Pradesh,True,27.9506354,93.0574678,-0.28546715159960956,-0.26136359613533977,196,237,0.3654056300783277,0.26193964590194135,4,4
121,Namjo,Kurung Kumey,Sarli,Arunachal Pradesh,True,27.942996,93.1849686,-0.28580041294171515,-0.2739267234672405,98,121,0.391741345093145,0.2929787826331749,4,4
122,New Sarli,Kurung Kumey,Sarli,Arunachal Pradesh,True,27.9582217,93.1705235,-0.2949742364580606,-0.3043042426381385,98,121,0.37185409398481595,0.3820561594521853,4,4
123,Riya,Kurung Kumey,Sarli,Arunachal Pradesh,True,27.8776779,93.0467319,-0.2743794980310909,-0.28172058627358604,98,120,0.37251604303518043,0.3273625854136689,4,4
124,Sape,Kurung Kumey,Sarli,Arunachal Pradesh,True,27.9549291,93.1321419,-0.26512651298588286,-0.27185633088105204,98,121,0.3681529839280915,0.38957440404633326,4,4
125,Sarli,Kurung Kumey,Sarli,Arunachal Pradesh,True,27.9525582,93.163373,-0.27159429791761397,-0.2936949595034019,98,121,0.40572245352936587,0.4098019530500494,4,4
126,Sate,Kurung Kumey,Sarli,Arunachal Pradesh,True,27.9537376,93.1572444,-0.2741891179488723,-0.2895200011727533,98,121,0.40438370690538367,0.4148259030245141,4,4
127,Wabia,Kurung Kumey,Sarli,Arunachal Pradesh,True,27.9413919,93.1360402,-0.2728939200568983,-0.25860493663986067,98,121,0.34356854293432093,0.348362351898763,4,4
128,Walu,Kurung Kumey,Sarli,Arunachal Pradesh,True,27.9413919,93.1360402,-0.2728939200568983,-0.25860493663986067,98,121,0.34356854293432093,0.348362351898763,4,4
129,Waru,Kurung Kumey,Sarli,Arunachal Pradesh,True,27.8852647,93.0448126,-0.28084762150786363,-0.2638840125565385,98,120,0.368724933183625,0.349909469435474,4,4
130,Chanli,Lower Dibang,Hunli-Desali,Arunachal Pradesh,True,28.2923493,96.0296242,-0.231351116519814,-0.2320237573930388,95,96,0.36039182051044893,0.26140568091039357,4,4
131,Broxer,Tawang,Jang-Thingbu,Arunachal Pradesh,True,27.622647,91.9631993,-0.22517612023254077,-0.263522472552299,24,30,0.4362102610418004,0.3122357759173862,4,4
132,Luguthang,Tawang,Jang-Thingbu,Arunachal Pradesh,True,27.5948234,92.1857466,-0.12959756148875912,-0.1552049694192677,24,29,0.31808501543889006,0.23818392147269307,4,4
133,Mago,Tawang,Jang-Thingbu,Arunachal Pradesh,True,27.6883395,92.2081099,-0.24675564837145889,-0.2661791936664295,24,29,0.3517351627980941,0.3175724410568979,4,4
134,Namazing,Tawang,Jang-Thingbu,Arunachal Pradesh,True,27.5506261,91.9768197,-0.22229912708507896,-0.22091393790546443,48,59,0.38869094145441313,0.33330234671925446,4,4
135,Rho,Tawang,Jang-Thingbu,Arunachal Pradesh,True,27.6141065,91.987227,-0.24961260166504493,-0.25963319300854826,48,59,0.34524364140705505,0.3332902849952258,4,4
136,Kitpi,Tawang,Kitpi,Arunachal Pradesh,True,27.5731189,91.90284,-0.25916773690882483,-0.26191675656304775,24,30,0.7494762590311094,0.9059224857881082,4,4
137,Kitpi II,Tawang,Kitpi,Arunachal Pradesh,True,27.5731189,91.90284,-0.25916773690882483,-0.26191675656304775,24,30,0.7494762590311094,0.9059224857881082,4,4
138,Famla,Tawang,Tawang,Arunachal Pradesh,True,27.5612427,91.8523298,-0.2552966077754457,-0.27571909030304703,24,30,0.49586341986961807,0.5550853613124921,4,4
139,Gyangong Ani Gompa,Tawang,Tawang,Arunachal Pradesh,True,27.6003059,91.8525209,-0.19979066229970288,-0.285377499640445,24,30,0.4869958064243113,0.37946927339338044,4,4
140,Jangda,Tawang,Tawang,Arunachal Pradesh,True,27.5942319,91.9742379,-0.24252768638048564,-0.24996755859270392,24,30,0.43778673892467784,0.4028245922359802,4,4
141,Mandrelling,Tawang,Tawang,Arunachal Pradesh,True,27.5952914,91.8697249,-0.1289510084621926,-0.14836262871730257,24,30,1.0774272259730369,2.185561860772097,4,4
142,Sakpret,Tawang,Tawang,Arunachal Pradesh,True,27.57568,91.79901,-0.2452385565967118,-0.2983058347538425,24,30,0.4092994104040428,0.31624580011155534,4,4
143,Shyro,Tawang,Tawang,Arunachal Pradesh,True,27.5744459,91.9464757,-0.24700475489562415,-0.2726306094866055,24,30,0.45082891678343934,0.5520076725819258,4,4
144,Singsore Ani Gompa,Tawang,Tawang,Arunachal Pradesh,True,27.5952914,91.8697249,-0.1289510084621926,-0.14836262871730257,24,30,1.0774272259730369,2.185561860772097,4,4
145,Tawang Gompa,Tawang,Tawang,Arunachal Pradesh,True,27.5866091,91.8573902,-0.2167964817624819,-0.22236077769016147,24,30,0.6535719201051988,0.7921033565891522,4,4
146,Thongleng,Tawang,Tawang,Arunachal Pradesh,True,27.57294,91.79215,-0.23331316007506558,-0.3001411703708416,24,30,0.4271006159350744,0.33565092639738675,4,4
147,Brokenthang,Tawang,Zemithang-Dudunghar,Arunachal Pradesh,True,27.7352592,91.724121,-0.2506390451606109,-0.2824382850241718,24,30,0.396604946292333,0.35197456719956643,4,4
148,Gorsam,Tawang,Zemithang-Dudunghar,Arunachal Pradesh,True,27.6973252,91.7142454,-0.22540061138127399,-0.2657672021909034,24,30,0.46617544444907066,1.3575390443421795,4,4
149,Kharman,Tawang,Zemithang-Dudunghar,Arunachal Pradesh,True,27.691851,91.7463062,-0.21800836553184405,-0.26299974216704813,24,30,0.4368145674750284,0.3009809886379706,4,4
150,Lumpo,Tawang,Zemithang-Dudunghar,Arunachal Pradesh,True,27.7204821,91.7144005,-0.24808310562318123,-0.29059837821625023,24,30,0.4340604873351727,0.4651075679435181,4,4
151,Maling,Tawang,Zemithang-Dudunghar,Arunachal Pradesh,True,27.6350823,92.0693622,-0.27957135218574297,-0.27761551549709007,48,59,0.3291610832040634,0.2933019230746477,4,4
152,Muktur,Tawang,Zemithang-Dudunghar,Arunachal Pradesh,True,27.5800562,91.6627629,-0.23643154870543232,-0.2690169463519966,24,30,0.4186986863646418,0.33703643875027517,4,4
153,Ramyang,Tawang,Zemithang-Dudunghar,Arunachal Pradesh,True,27.514701,91.6549664,-0.2110196154180206,-0.25527806804701436,24,30,0.40464006533894686,0.3458799282148759,4,4
154,Shakti,Tawang,Zemithang-Dudunghar,Arunachal Pradesh,True,27.61139,91.71387,-0.26747611068386895,-0.2766690055655536,24,30,0.4079514335993777,0.27210228886645565,4,4
155,Shoktsen,Tawang,Zemithang-Dudunghar,Arunachal Pradesh,True,27.7416556,91.7318533,-0.2666364845069786,-0.26211801686479763,24,30,0.38562987722381703,0.3241360044333183,4,4
156,Sirdi,Tawang,Zemithang-Dudunghar,Arunachal Pradesh,True,27.6466524,91.7230296,-0.2324557121512389,-0.2681116837447418,24,30,0.39294179487767533,0.3101102719962231,4,4
157,Bishing,Upper Siang,Singa-Gelling,Arunachal Pradesh,True,29.1107736,95.0268102,-0.31133105678373457,-0.2632429101730039,25,31,0.3064848038146674,0.2943936471904509,4,4
158,Bona,Upper Siang,Singa-Gelling,Arunachal Pradesh,True,29.0974164,94.9475348,-0.3264192989539971,-0.2932843551674954,25,31,0.3681472097258041,0.28517281927047305,4,4
159,Mankota,Upper Siang,Singa-Gelling,Arunachal Pradesh,True,28.8878329,95.0759463,-0.29045116413644123,-0.2845787566637166,104,123,0.17178027507306862,0.26614713613909013,4,4
160,Mayum,Upper Siang,Singa-Gelling,Arunachal Pradesh,True,29.0924208,94.9597907,-0.3019860285892847,-0.28451352994244206,25,31,0.3131126087889206,0.2518178698799618,4,4
161,Tashi Gaon,Upper Siang,Singa-Gelling,Arunachal Pradesh,True,28.8743385,95.1028336,-0.3052866198046677,-0.3069570595224677,104,123,0.1453225365319059,0.19527200917617427,4,4
162,Jido,Upper Siang,Tuting,Arunachal Pradesh,True,28.9820594,94.904882,-0.24629237177162552,-0.2138926567214451,25,31,0.32898868923435276,0.586757029104509,4,4
163,Lali,Upper Siang,Tuting,Arunachal Pradesh,True,29.0003932,94.8912175,-0.1939394336051849,-0.17875546991012367,25,31,0.3436925076943428,0.49288694519078696,4,4
164,Ngaming,Upper Siang,Tuting,Arunachal Pradesh,True,28.9686342,94.9381419,-0.271067972765498,-0.24843112539711995,25,31,0.24080475420171843,0.27962112978545833,4,4
165,Nyering,Upper Siang,Tuting,Arunachal Pradesh,True,28.9360701,95.0104597,-0.32711743437466284,-0.3055626728776807,26,31,0.17831718586148096,0.24718862476274311,4,4
166,Pango,Upper Siang,Tuting,Arunachal Pradesh,True,28.8870297,94.7578559,-0.28464875107267695,-0.2425450033633605,52,61,0.4120554178583414,0.23270953406980618,4,4
167,Pekong,Upper Siang,Tuting,Arunachal Pradesh,True,28.9878787,94.8919255,-0.18430297830227355,-0.16493567411715174,25,31,0.3298592692668701,0.7361582375191168,4,4
168,Pekong,Upper Siang,Tuting,Arunachal Pradesh,True,28.9878787,94.8919255,-0.18430297830227355,-0.16493567411715174,25,31,0.3298592692668701,0.7361582375191168,4,4
169,Pokbir,Upper Siang,Tuting,Arunachal Pradesh,True,28.963981,94.9375517,-0.2616826349078281,-0.24365332486674057,25,31,0.21756544359362992,0.27286304659539923,4,4
170,Rishing,Upper Siang,Tuting,Arunachal Pradesh,True,28.9984023,94.8852907,-0.19519650061134564,-0.183435137558344,25,31,0.34469856278954353,0.4585882223961233,4,4
171,Tenggo,Upper Siang,Tuting,Arunachal Pradesh,True,29.0668244,94.478654,-0.2662381637052578,-0.3131032598242893,25,31,0.4066030033306727,0.22343904655313732,4,4
172,Dadu,Upper Subansiri,Limeking,Arunachal Pradesh,True,28.3625828,93.5395735,-0.2600664890070801,-0.23360256574143154,28,33,0.3741054610243922,0.16212929404875523,4,4
173,Gumsing,Upper Subansiri,Limeking,Arunachal Pradesh,True,28.4321817,93.2172532,-0.28801220277201667,-0.2907024393943333,49,60,0.3931403994989408,0.28409858734216165,4,4
174,Lingbing,Upper Subansiri,Limeking,Arunachal Pradesh,True,28.4367283,93.2151175,-0.2907218774570641,-0.28676133285688316,49,60,0.39092953633496397,0.3144954348009818,4,4
175,Redding,Upper Subansiri,Limeking,Arunachal Pradesh,True,28.4851077,93.4621565,-0.26115591690828843,-0.2915056155682807,49,61,0.3824036567618319,0.2745522554847121,4,4
176,Redding Camp,Upper Subansiri,Limeking,Arunachal Pradesh,True,28.4851077,93.4621565,-0.26115591690828843,-0.2915056155682807,49,61,0.3824036567618319,0.2745522554847121,4,4
177,Taying,Upper Subansiri,Limeking,Arunachal Pradesh,True,28.4321817,93.2172532,-0.28801220277201667,-0.2907024393943333,49,60,0.3931403994989408,0.28409858734216165,4,4
178,Yaja,Upper Subansiri,Limeking,Arunachal Pradesh,True,28.4354329,93.2468461,-0.26445121421818885,-0.2975512101211263,49,60,0.40547377801397927,0.27398723327905167,4,4
179,Chokar,Upper Subansiri,Nacho,Arunachal Pradesh,True,28.4279157,93.8094041,-0.290795728970659,-0.24356671188859913,25,30,0.36404123955288054,0.19415717928054024,4,4
180,Jerigaon,West Kameng,Nafra,Arunachal Pradesh,True,27.3403204,92.4726477,-0.21804071145105938,-0.25682472936788786,24,29,0.4314043696972877,0.47184052243849633,4,4
181,Khellong,West Kameng,Nafra,Arunachal Pradesh,True,27.0133852,92.4145185,-0.2999516961323696,-0.24742232222760083,24,30,0.3017836130555346,0.3758321644180517,4,4
182,Gatam,Kra daadi,Pipsorang,Arunachal Pradesh,True,28.0979458,93.6001405,-0.2860673032151184,-0.2742433140397672,25,30,0.37127613502855517,0.28625522315884366,4,4
183,Habak,Kra daadi,Pipsorang,Arunachal Pradesh,True,28.1084846,93.5827385,-0.3112449671511955,-0.27668711100894483,25,30,0.34192221562510783,0.29259687625152137,4,4
184,Hapuk (I),Kra daadi,Pipsorang,Arunachal Pradesh,True,28.0967863,93.5839299,-0.29155114824629325,-0.2960750072188732,25,30,0.3478354195836864,0.2728912109818252,4,4
185,Kokso,Kra daadi,Pipsorang,Arunachal Pradesh,True,28.0838152,93.6115937,-0.27405340583129656,-0.26575876215319005,25,30,0.29854073502688794,0.29162807010912467,4,4
186,Richik,Kra daadi,Pipsorang,Arunachal Pradesh,True,28.064816,93.6543383,-0.27493188255011125,-0.24267965265721386,25,30,0.3347351583209515,0.3080066890396845,4,4
187,Chungthang,North,Chungthang,Sikkim,True,27.604236,88.6465196,-0.18467227413087045,-0.20910768590229312,24,31,0.615485471790148,0.8308389193354191,4,4
188,Tung,North,Chungthang,Sikkim,True,27.5475,88.6493,-0.1844277797585461,-0.217041963649102,24,31,0.36164383222378926,0.28197162268646336,4,4
189,Chawang,North,Kabi Tingda,Sikkim,True,27.4415,88.5992,-0.2375224571545036,-0.237750479639023,24,31,0.4473877698684782,0.2825147356842169,4,4
190,Labi,North,Kabi Tingda,Sikkim,True,27.4373,88.6584,-0.1739491800507019,-0.23914848502832803,24,31,0.3762817832387069,0.28169530563495715,4,4
191,Paney-Phensong,North,Kabi Tingda,Sikkim,True,27.4340487,88.6127695,-0.20737715980921342,-0.23760183388691436,24,31,0.43860606341937725,0.30736165461658826,4,4
192,Phamtam,North,Kabi Tingda,Sikkim,True,27.4557,88.61,-0.20464658733815172,-0.20856115521604648,24,31,0.4702233865564944,0.27544188041563467,4,4
193,Phodong,North,Kabi Tingda,Sikkim,True,27.4130306,88.5838702,-0.22274353939160954,-0.26300256859165344,24,31,0.5035860385294719,0.49021230479326483,4,4
194,Ramthang,North,Kabi Tingda,Sikkim,True,27.4039854,88.550947,-0.2216007005254861,-0.24128752414858542,24,31,0.4922213605084761,0.3175701848589457,4,4
195,Rongong,North,Kabi Tingda,Sikkim,True,27.4092,88.5635,-0.22699460897276116,-0.2526662419719425,24,31,0.47055928312425377,0.30401845956408735,4,4
196,Tangyek,North,Kabi Tingda,Sikkim,True,27.4207,88.527,-0.20846018285766715,-0.22278781983612822,24,31,0.43966176138371654,0.3530490242550019,4,4
197,Tingchim,North,Kabi Tingda,Sikkim,True,27.4607586,88.5277316,-0.22508639451961898,-0.22668847182932908,24,31,0.4495205690235332,0.3835680230884642,4,4
198,Tingda,North,Kabi Tingda,Sikkim,True,27.3957,88.6272,-0.1642537177794065,-0.22966605567426485,24,31,0.48584032467423854,0.3273516601369123,4,4
199,Tumlong,North,Kabi Tingda,Sikkim,True,27.4198712,88.5898311,-0.22328328019856064,-0.26679370066323094,24,31,0.48931836896894765,0.36728607406485536,4,4
200,Lachen,North,Lachen,Sikkim,True,27.7305455,88.5469054,-0.15443696926003422,-0.2351631110310098,24,31,0.46634942236606736,0.334806028746241,4,4
201,Lachung,North,Lachung,Sikkim,True,27.7794,88.7152648,-0.11287662553164177,-0.3030281337255143,24,31,0.43085146055061957,0.2674930227268357,4,4
202,Barfok,North,Passingdang,Sikkim,True,27.4977,88.491,-0.23404884466117817,-0.2536680505595382,24,31,0.4493890302015341,0.2677321787442757,4,4
203,Gor,North,Passingdang,Sikkim,True,27.4302826,88.4984203,-0.22885141159865938,-0.2341734050442224,24,31,0.37962440355913374,0.2958452653697419,4,4
204,Hee-Gyathang,North,Passingdang,Sikkim,True,27.4816,88.4991,-0.22842048782352534,-0.2354698925812031,24,31,0.44623427684159794,0.31005032763389156,4,4
205,Lingdem,North,Passingdang,Sikkim,True,27.5494817,88.4569319,-0.2022058220913643,-0.2424265056148369,24,31,0.36691312214216837,0.25687674343769423,4,4
206,Lingdong,North,Passingdang,Sikkim,True,27.5073091,88.5194632,-0.22733445856476403,-0.23580177856142687,24,31,0.4317963213806296,0.3337839878270498,4,4
207,Lingthem,North,Passingdang,Sikkim,True,27.5224732,88.5014686,-0.20712435058145157,-0.24686912257458943,24,31,0.4563771304579201,0.2891447152759756,4,4
208,Lingzah-Tolung,North,Passingdang,Sikkim,True,27.571,88.4466,-0.19830129342157818,-0.20218822794434627,24,31,0.4215030733249402,0.27940938145513144,4,4
209,Lum,North,Passingdang,Sikkim,True,27.394,88.48,-0.24575649357519938,-0.24601963954549477,24,31,0.39808337884070694,0.28989647039502575,4,4
210,Namok,North,Passingdang,Sikkim,True,27.4504654,88.5375829,-0.20006905365179856,-0.22966643410579737,24,31,0.39797632271383754,0.36287896084197613,4,4
211,Sakyong-Pentong,North,Passingdang,Sikkim,True,27.5797,88.4049,-0.17882379131855183,-0.24933882104912017,24,31,0.37439427842802375,0.2675294425010481,4,4
212,Salim Pakel,North,Passingdang,Sikkim,True,27.5379,88.5518,-0.17861952730011207,-0.24889882265534213,24,31,0.4592490172848762,0.3781560588105973,4,4
213,Sangtok,North,Passingdang,Sikkim,True,27.4091,88.504,-0.23212266257875797,-0.24060020060889709,24,31,0.41514149415923907,0.2870061693947401,4,4
214,Sheyam,North,Passingdang,Sikkim,True,27.4367,88.528,-0.20596419120439474,-0.22262202347870408,24,31,0.4091864702652913,0.32524461900518037,4,4
215,Shipgyer,North,Passingdang,Sikkim,True,27.5544461,88.6336147,-0.19180312334768146,-0.2501325319110814,24,31,0.39866484158975524,0.30081370461211004,4,4
216,Tingbong,North,Passingdang,Sikkim,True,27.5524,88.4984,-0.21233811763263535,-0.2590974307208483,24,31,0.4255705249292891,0.28653002203593037,4,4
217,Zimchung,North,Passingdang,Sikkim,True,27.4903,88.5321,-0.2120818382249292,-0.21853458172314055,24,31,0.44137216332044893,0.4448746847976192,4,4
218,Bampa,Chamoli,Joshimath,Uttarakhand,True,30.7436664,79.8297153,-0.03030806955292038,-0.029718031459470107,24,30,0.420663417604213,0.49737476304298556,4,4
219,Gamsali,Chamoli,Joshimath,Uttarakhand,True,30.7559986,79.8261873,0.006336235573044727,0.010521259613291431,24,30,0.4187412050459937,0.5164644271215965,4,4
220,Gurguti,Chamoli,Joshimath,Uttarakhand,True,30.7738,79.8758,0.06595223475685004,0.05087804870516668,24,30,0.41547502841836864,0.4280442455935168,4,4
221,Joshimath,Chamoli,Joshimath,Uttarakhand,True,30.5555752,79.5612607,-0.14881493219386152,-0.15002626124343493,24,29,3.172428117710668,9.336683247306132,4,4
222,Kailashpur,Chamoli,Joshimath,Uttarakhand,True,30.7148,79.8639,0.013829655204628755,0.028052080347128073,48,60,0.3827989934562633,0.5132637948291915,4,4
223,Mahargaon,Chamoli,Joshimath,Uttarakhand,True,30.4061118,79.4205814,-0.2212634722092712,-0.20910488803629812,24,29,0.8790653074355352,1.5350449126431729,4,4
224,Malari,Chamoli,Joshimath,Uttarakhand,True,30.6845508,79.8893688,-0.049156244726843185,-0.029253443787173587,48,60,0.44185819262494475,0.6585397947517887,4,4
225,Mana,Chamoli,Joshimath,Uttarakhand,True,30.9671228,79.4109692,0.051618226945280926,0.1284660466668274,24,29,0.36938698519380425,0.4847259029902995,4,4
226,Bilju,Pithoragarh,Munsyari,Uttarakhand,True,30.3949398,80.1659059,-0.023690882259470355,-0.0211775775606375,24,29,0.37172512114534173,0.4539906217424425,4,4
227,Burphu,Pithoragarh,Munsyari,Uttarakhand,True,30.3666548,80.1842308,-0.1128881343065801,-0.08756231620450332,24,29,0.3545885643877057,0.45964041811019574,4,4
228,Martoli,Pithoragarh,Munsyari,Uttarakhand,True,30.3482498,80.1931552,-0.11068487012932124,-0.09112799425640318,24,29,0.36163713112717244,0.458453517151243,4,4
229,Rilkot,Pithoragarh,Munsyari,Uttarakhand,True,30.3104468,80.2080315,-0.16017355041274584,-0.18238752575228612,24,29,0.3578373836668263,0.46732619687541105,4,4
230,Tola,Pithoragarh,Munsyari,Uttarakhand,True,30.3356863,80.2121168,-0.15633284617646256,-0.133169785615019,24,29,0.35545194790014745,0.4377783824061619,4,4
231,Baling,Pithoragarh,Dharchula or Kanalichhina (unresolved),Uttarakhand,True,30.2092254,80.5479905,-0.26166880036250173,-0.24655175024603415,24,29,0.37023128972572533,0.4744081599615058,4,4
232,Dar,Pithoragarh,Dharchula or Kanalichhina (unresolved),Uttarakhand,True,30.069216,80.602947,-0.22404891235260463,-0.24405174880393643,24,31,0.36921221973238566,0.3832283387681961,4,4
233,Dugtu,Pithoragarh,Dharchula or Kanalichhina (unresolved),Uttarakhand,True,30.21,80.5679,-0.14626930497450927,-0.15358819303663357,24,29,0.3198996467270661,0.43226993910801487,4,4
234,Garbyang,Pithoragarh,Dharchula or Kanalichhina (unresolved),Uttarakhand,True,30.1251387,80.8575277,-0.15648037895312344,-0.18119063641173208,49,59,0.3585215533976339,0.4523431468029461,4,4
235,Gunji,Pithoragarh,Dharchula or Kanalichhina (unresolved),Uttarakhand,True,30.1865763,80.8508108,-0.14831819983167585,-0.14155671497155534,49,59,0.33841876007185895,0.46225667523063785,4,4
236,Kuti,Pithoragarh,Dharchula or Kanalichhina (unresolved),Uttarakhand,True,30.3078792,80.7599224,-0.06528534690915323,-0.07103929685037193,24,29,0.37997277044905914,0.5208528392116282,4,4
237,Navi,Pithoragarh,Dharchula or Kanalichhina (unresolved),Uttarakhand,True,30.2049725,80.8373063,-0.11972086428144779,-0.09950899167639202,32,41,0.3291149539348531,0.46065814391454757,4,4
238,Rongkong (Raung Kong),Pithoragarh,Dharchula or Kanalichhina (unresolved),Uttarakhand,True,30.2033451,80.8316381,-0.17463605254327785,-0.15337538580938306,24,36,0.33424911275200586,0.44879133296032425,4,4
239,Sela,Pithoragarh,Dharchula or Kanalichhina (unresolved),Uttarakhand,True,30.1472581,80.6056591,-0.2120361206559767,-0.21639985587323407,24,31,0.3625866777253157,0.465449080721394,4,4
240,Tidang,Pithoragarh,Dharchula or Kanalichhina (unresolved),Uttarakhand,True,30.246,80.5487,-0.22666094926666347,-0.21394385476345457,24,29,0.37014002782888106,0.4308346970159499,4,4
241,Amali,Pithoragarh,Dharchula or Kanalichhina (unresolved),Uttarakhand,True,29.7039,80.3278,-0.2205448159820347,-0.2224805688188259,24,29,0.36503007776560537,0.38226004871052083,4,4
242,Bagori,Uttarkashi,Bhatwari,Uttarakhand,True,30.7702443,78.4746317,-0.24578464535109726,-0.20668804993701498,48,57,0.44489969989735767,0.531652204007694,4,4
243,Dharali,Uttarkashi,Bhatwari,Uttarakhand,True,31.0408468,78.7815312,-0.20452878463897292,-0.16618633299131497,48,60,0.4632819710663441,1.1336732994030858,4,4
244,Harshil,Uttarkashi,Bhatwari,Uttarakhand,True,31.0350501,78.7572289,-0.22514482591679355,-0.2034675514235949,48,60,0.5183852824604946,0.9013616700082335,4,4
245,Jadung,Uttarkashi,Bhatwari,Uttarakhand,True,31.1648,79.0397,0.035688986009616806,0.034909456308342815,48,60,0.3482063016077915,0.42190546406557894,4,4
246,Jaspur,Uttarkashi,Bhatwari,Uttarakhand,True,30.727214,78.4636435,-0.22333942550181873,-0.23392109691308463,48,57,0.9357480260784005,1.5583226937105756,4,4
247,Jhala,Uttarkashi,Bhatwari,Uttarakhand,True,31.0248573,78.7101354,-0.1794200770946972,-0.17654292037025415,48,60,0.4116067566017847,0.6584844574010048,4,4
248,Mukhawa,Uttarkashi,Bhatwari,Uttarakhand,True,31.0542,78.7901,-0.11181042420059203,-0.07348824513225392,48,60,0.3943412908410177,0.49671858011422415,4,4
249,Nelang,Uttarkashi,Bhatwari,Uttarakhand,True,31.121954,79.0304088,0.11470736799735867,0.12416571356536527,48,60,0.39245204354131324,0.4088381491973895,4,4
250,Purali,Uttarkashi,Bhatwari,Uttarakhand,True,31.0299258,78.7099965,-0.17138658557727648,-0.17176202004818558,48,60,0.4056248312558848,0.5633720624321251,4,4
251,Sukki,Uttarkashi,Bhatwari,Uttarakhand,True,31.014,78.7108,-0.181710096361674,-0.1625457039793544,48,60,0.4057508821844827,0.6578083488071277,4,4
252,Chhitkul,Kinnaur,Unknown,Himachal Pradesh,False,31.3881,78.46219,-0.2035138908970514,0.03677116235713841,24,31,0.3940993499614632,0.4418073497636381,4,4
253,Pooh,Kinnaur,Unknown,Himachal Pradesh,False,31.76159,78.5839324,-0.04805367898248935,-0.022461341300120355,24,31,0.7476412629340508,1.030214912491044,4,4
254,Nako,Kinnaur,Unknown,Himachal Pradesh,False,31.8813748,78.6270483,0.030892236499829098,0.026567823863325086,24,31,0.43265072118974063,0.5641606341955618,4,4
255,Leo,Kinnaur,Unknown,Himachal Pradesh,False,31.8839167,78.5935199,-0.005431479876180254,-0.014483282337902897,24,31,0.4296352048874539,0.5261097703672636,4,4
256,Chango,Kinnaur,Unknown,Himachal Pradesh,False,31.9777573,78.5944015,-0.11984819597742563,-0.132538194837662,24,31,0.523318186302794,0.6091978412849077,4,4
257,Gue,Lahaul and Spiti,Unknown,Himachal Pradesh,False,32.1310531,78.5697113,-0.07002983927462202,-0.08477168673370616,24,31,0.3735720892307729,0.4566777749404089,4,4
258,Lalung,Lahaul and Spiti,Unknown,Himachal Pradesh,False,32.14927,78.27071,0.10561955886131749,0.06732831903883797,48,62,0.35606214955764465,0.37481784176289995,4,4
