village_id,village,district,block,state,is_core_sample,latitude,longitude
1,Metengliang,Anjaw,Chaglagam,Arunachal Pradesh,True,28.2053139,96.5325529
2,Chipra,Anjaw,Chaglagam,Arunachal Pradesh,True,28.2687337,96.564114
3,Mithumna,Anjaw,Chaglagam,Arunachal Pradesh,True,28.2346775,96.535261
4,Pailiang,Anjaw,Chaglagam,Arunachal Pradesh,True,28.1966606,96.5083691
5,Glotong,Anjaw,Hayuliang,Arunachal Pradesh,True,28.2051645,96.6850333
6,Hayuliang,Anjaw,Hayuliang,Arunachal Pradesh,True,28.081317,96.5236674
7,Keletong,Anjaw,Hayuliang,Arunachal Pradesh,True,28.123006,96.6192583
8,Kongra(Metung),Anjaw,Hayuliang,Arunachal Pradesh,True,28.0695862,96.5735857
9,Zapaliang,Anjaw,Hayuliang,Arunachal Pradesh,True,28.009235,96.4411122
10,Chenguinty,Anjaw,Walong,Arunachal Pradesh,True,27.8858991,96.8520327
11,Dhanbari,Anjaw,Walong,Arunachal Pradesh,True,28.0078075,96.6214266
12,Dong,Anjaw,Walong,Arunachal Pradesh,True,28.1679203,97.0389469
13,Gong,Anjaw,Walong,Arunachal Pradesh,True,28.1700892,97.0008029
14,Hot Spring,Anjaw,Walong,Arunachal Pradesh,True,28.2928975,97.1638576
15,Hunung,Anjaw,Walong,Arunachal Pradesh,True,27.8741289,96.9451026
16,Kaho,Anjaw,Walong,Arunachal Pradesh,True,28.3034238,97.0250574
17,Khrawit,Anjaw,Walong,Arunachal Pradesh,True,27.9044705,96.9437389
18,Krowti,Anjaw,Walong,Arunachal Pradesh,True,28.2354088,97.0273216
19,Krowti Labour Camp,Anjaw,Walong,Arunachal Pradesh,True,28.2318311,97.0285584
20,Kundan,Anjaw,Walong,Arunachal Pradesh,True,28.2425043,97.0254063
21,Musai,Anjaw,Walong,Arunachal Pradesh,True,28.2588294,97.0287424
22,Samdul,Anjaw,Walong,Arunachal Pradesh,True,27.8858936,96.9223997
23,Supkung,Anjaw,Walong,Arunachal Pradesh,True,28.1588813,97.0363709
24,Walong,Anjaw,Walong,Arunachal Pradesh,True,28.1294938,97.0166444
25,Yakung,Anjaw,Walong,Arunachal Pradesh,True,28.1997526,97.0263468
26,Achali,Dibang Valley,Anini-Mipi,Arunachal Pradesh,True,28.8429461,95.9704783
27,Achengo,Dibang Valley,Anini-Mipi,Arunachal Pradesh,True,28.8238506,95.9428387
28,Acheso,Dibang Valley,Anini-Mipi,Arunachal Pradesh,True,28.9263772,95.97448
29,Alinye,Dibang Valley,Anini-Mipi,Arunachal Pradesh,True,28.8346828,95.9628967
30,Angrim Valley,Dibang Valley,Anini-Mipi,Arunachal Pradesh,True,28.8842816,95.9786208
31,Aropo,Dibang Valley,Anini-Mipi,Arunachal Pradesh,True,28.8230901,95.9397069
32,Atoto,Dibang Valley,Anini-Mipi,Arunachal Pradesh,True,28.8355826,95.9647411
33,Echito,Dibang Valley,Anini-Mipi,Arunachal Pradesh,True,28.9291593,95.9752771
34,Ediya,Dibang Valley,Anini-Mipi,Arunachal Pradesh,True,28.9638191,95.8076515
35,Emuli,Dibang Valley,Anini-Mipi,Arunachal Pradesh,True,28.8871158,95.8356573
36,Gipulin,Dibang Valley,Anini-Mipi,Arunachal Pradesh,True,28.8479222,95.9666253
37,Kamuyi,Dibang Valley,Anini-Mipi,Arunachal Pradesh,True,28.9926912,95.8050502
38,Mipi H.Q.,Dibang Valley,Anini-Mipi,Arunachal Pradesh,True,28.9641685,95.8081308
39,Mipido,Dibang Valley,Anini-Mipi,Arunachal Pradesh,True,28.950424,95.8144355
40,Etalin Bridge Point,Dibang Valley,Etalin-Malinye,Arunachal Pradesh,True,28.6094048,95.8703668
41,Maliney,Dibang Valley,Etalin-Malinye,Arunachal Pradesh,True,28.6750197,96.1532235
42,Mawali,Dibang Valley,Etalin-Malinye,Arunachal Pradesh,True,28.6599698,96.0170217
43,Punli,Dibang Valley,Etalin-Malinye,Arunachal Pradesh,True,28.6565904,95.8520788
44,Lengdi/Liang,East Kameng,Bameng,Arunachal Pradesh,True,27.5376292,92.923885
45,Upper Liyak,East Kameng,Bameng,Arunachal Pradesh,True,27.5337804,92.8465101
46,Dao,East Kameng,Chayangtajo,Arunachal Pradesh,True,27.7832832,92.9383609
47,Dara Yangfo,East Kameng,Chayangtajo,Arunachal Pradesh,True,27.732817,93.0487159
48,Lamrah,East Kameng,Chayangtajo,Arunachal Pradesh,True,27.6967225,93.0373888
49,Loto Yangfo,East Kameng,Chayangtajo,Arunachal Pradesh,True,27.7296573,93.059293
50,Diya Sullung,East Kameng,Chayangtajo,Arunachal Pradesh,True,27.7760452,93.0124888
51,Hara Yangfo,East Kameng,Chayangtajo,Arunachal Pradesh,True,27.751648,93.1327809
52,Jayang Bagang,East Kameng,Chayangtajo,Arunachal Pradesh,True,27.7547367,93.1791026
53,Kesse Bagang,East Kameng,Chayangtajo,Arunachal Pradesh,True,27.7809294,93.2034502
54,Langchu Sullung,East Kameng,Chayangtajo,Arunachal Pradesh,True,27.7569534,92.9355132
55,Nampe Bagang,East Kameng,Chayangtajo,Arunachal Pradesh,True,27.7140627,93.0313033
56,Raro Sullung,East Kameng,Chayangtajo,Arunachal Pradesh,True,27.6890058,93.0717372
57,Tamsang Yangfo,East Kameng,Chayangtajo,Arunachal Pradesh,True,27.6760974,93.0917894
58,Warriam Sullung,East Kameng,Chayangtajo,Arunachal Pradesh,True,27.7279436,92.9802579
59,Wallong,East Kameng,Khenewa,Arunachal Pradesh,True,27.6530641,92.9685879
60,Chate,Kurung Kumey,Damin,Arunachal Pradesh,True,28.1191826,93.3236259
61,Chulla,Kurung Kumey,Damin,Arunachal Pradesh,True,28.1242982,93.411274
62,Damin H.Q.,Kurung Kumey,Damin,Arunachal Pradesh,True,28.1041982,93.3343841
63,Damin Village,Kurung Kumey,Damin,Arunachal Pradesh,True,28.1050092,93.3443566
64,Digok,Kurung Kumey,Damin,Arunachal Pradesh,True,28.1272533,93.3496878
65,Fuba,Kurung Kumey,Damin,Arunachal Pradesh,True,28.1198537,93.3376816
66,Huri,Kurung Kumey,Damin,Arunachal Pradesh,True,28.1095105,93.3045975
67,Katuk,Kurung Kumey,Damin,Arunachal Pradesh,True,28.1189094,93.2501395
68,Kopila,Kurung Kumey,Damin,Arunachal Pradesh,True,28.1092251,93.3088818
69,Machang,Kurung Kumey,Damin,Arunachal Pradesh,True,28.0962492,93.3005705
70,Nisuk,Kurung Kumey,Damin,Arunachal Pradesh,True,28.1081822,93.414929
71,Pipa,Kurung Kumey,Damin,Arunachal Pradesh,True,28.0735847,93.283149
72,Ramu,Kurung Kumey,Damin,Arunachal Pradesh,True,28.1084035,93.4191096
73,Rane,Kurung Kumey,Damin,Arunachal Pradesh,True,28.1440384,93.3476122
74,Rawiok,Kurung Kumey,Damin,Arunachal Pradesh,True,28.137739,93.3249207
75,Ruba,Kurung Kumey,Damin,Arunachal Pradesh,True,28.1221707,93.2334312
76,Senamriang,Kurung Kumey,Damin,Arunachal Pradesh,True,28.1320477,93.3191302
77,Sibia,Kurung Kumey,Damin,Arunachal Pradesh,True,28.1070207,93.3012679
78,Tarba,Kurung Kumey,Damin,Arunachal Pradesh,True,28.1607522,93.4195471
79,Tokriang,Kurung Kumey,Damin,Arunachal Pradesh,True,28.1110736,93.3311986
80,Yaso,Kurung Kumey,Damin,Arunachal Pradesh,True,28.1002726,93.3473375
81,Buhan,Kurung Kumey,Koloriang,Arunachal Pradesh,True,27.8895447,93.283152
82,Buyang,Kurung Kumey,Koloriang,Arunachal Pradesh,True,27.9419935,93.286116
83,Buyang-II,Kurung Kumey,Koloriang,Arunachal Pradesh,True,27.9419935,93.286116
84,Chello,Kurung Kumey,Koloriang,Arunachal Pradesh,True,27.8849215,93.291646
85,Chimpu,Kurung Kumey,Koloriang,Arunachal Pradesh,True,27.9522411,93.2566277
86,Chomi,Kurung Kumey,Koloriang,Arunachal Pradesh,True,27.955673,93.2595487
87,Chote,Kurung Kumey,Koloriang,Arunachal Pradesh,True,27.9524396,93.2616596
88,Kiodhriang,Kurung Kumey,Koloriang,Arunachal Pradesh,True,27.8581693,93.2541827
89,Nangram,Kurung Kumey,Koloriang,Arunachal Pradesh,True,27.9071735,93.4387839
90,Nyolo,Kurung Kumey,Koloriang,Arunachal Pradesh,True,27.9012651,93.3076219
91,Pakba,Kurung Kumey,Koloriang,Arunachal Pradesh,True,27.8903622,93.3997806
92,Papu,Kurung Kumey,Koloriang,Arunachal Pradesh,True,27.9111524,93.3917445
93,Rengchi,Kurung Kumey,Koloriang,Arunachal Pradesh,True,27.8914093,93.4267781
94,Tate,Kurung Kumey,Koloriang,Arunachal Pradesh,True,27.9539309,93.2699171
95,Yumlam,Kurung Kumey,Koloriang,Arunachal Pradesh,True,27.8897958,93.4560068
96,Cheba,Kurung Kumey,Parsi-Parlo,Arunachal Pradesh,True,28.0204954,93.4801015
97,Dape,Kurung Kumey,Parsi-Parlo,Arunachal Pradesh,True,28.0305059,93.4762607
98,Dare,Kurung Kumey,Parsi-Parlo,Arunachal Pradesh,True,28.040746,93.4566336
99,Geyang,Kurung Kumey,Parsi-Parlo,Arunachal Pradesh,True,28.032302,93.4718342
100,Gonang,Kurung Kumey,Parsi-Parlo,Arunachal Pradesh,True,27.9884834,93.5169908
101,Nyokuriang,Kurung Kumey,Parsi-Parlo,Arunachal Pradesh,True,28.0062351,93.5622034
102,Pachang,Kurung Kumey,Parsi-Parlo,Arunachal Pradesh,True,28.0250521,93.4720132
103,Pado I,Kurung Kumey,Parsi-Parlo,Arunachal Pradesh,True,27.9756026,93.5757879
104,Pagam,Kurung Kumey,Parsi-Parlo,Arunachal Pradesh,True,28.049312,93.4584998
105,Pape,Kurung Kumey,Parsi-Parlo,Arunachal Pradesh,True,28.0129617,93.4902587
106,Pariang,Kurung Kumey,Parsi-Parlo,Arunachal Pradesh,True,28.0328165,93.4803814
107,Passik,Kurung Kumey,Parsi-Parlo,Arunachal Pradesh,True,28.0360017,93.4705453
108,Pilop,Kurung Kumey,Parsi-Parlo,Arunachal Pradesh,True,28.004125,93.5674707
109,Rashik,Kurung Kumey,Parsi-Parlo,Arunachal Pradesh,True,28.0080613,93.5508476
110,Yarba-I,Kurung Kumey,Parsi-Parlo,Arunachal Pradesh,True,27.96349,93.5654022
111,Bala,Kurung Kumey,Sarli,Arunachal Pradesh,True,27.9431025,93.1252507
112,Chaching,Kurung Kumey,Sarli,Arunachal Pradesh,True,27.9375989,93.2339474
113,Chulu,Kurung Kumey,Sarli,Arunachal Pradesh,True,27.8792111,93.0545229
114,Gane,Kurung Kumey,Sarli,Arunachal Pradesh,True,27.9643147,93.0391329
115,Haraiho,Kurung Kumey,Sarli,Arunachal Pradesh,True,27.9804475,93.1383943
116,Kapu,Kurung Kumey,Sarli,Arunachal Pradesh,True,27.8879985,93.075251
117,Koropu,Kurung Kumey,Sarli,Arunachal Pradesh,True,27.9899045,93.2023371
118,Machane,Kurung Kumey,Sarli,Arunachal Pradesh,True,27.9220981,93.0770012
119,Malo,Kurung Kumey,Sarli,Arunachal Pradesh,True,27.9563848,93.1153543
120,Milli,Kurung Kumey,Sarli,Arunachal Pradesh,True,27.9506354,93.0574678
121,Namjo,Kurung Kumey,Sarli,Arunachal Pradesh,True,27.942996,93.1849686
122,New Sarli,Kurung Kumey,Sarli,Arunachal Pradesh,True,27.9582217,93.1705235
123,Riya,Kurung Kumey,Sarli,Arunachal Pradesh,True,27.8776779,93.0467319
124,Sape,Kurung Kumey,Sarli,Arunachal Pradesh,True,27.9549291,93.1321419
125,Sarli,Kurung Kumey,Sarli,Arunachal Pradesh,True,27.9525582,93.163373
126,Sate,Kurung Kumey,Sarli,Arunachal Pradesh,True,27.9537376,93.1572444
127,Wabia,Kurung Kumey,Sarli,Arunachal Pradesh,True,27.9413919,93.1360402
128,Walu,Kurung Kumey,Sarli,Arunachal Pradesh,True,27.9413919,93.1360402
129,Waru,Kurung Kumey,Sarli,Arunachal Pradesh,True,27.8852647,93.0448126
130,Chanli,Lower Dibang,Hunli-Desali,Arunachal Pradesh,True,28.2923493,96.0296242
131,Broxer,Tawang,Jang-Thingbu,Arunachal Pradesh,True,27.622647,91.9631993
132,Luguthang,Tawang,Jang-Thingbu,Arunachal Pradesh,True,27.5948234,92.1857466
133,Mago,Tawang,Jang-Thingbu,Arunachal Pradesh,True,27.6883395,92.2081099
134,Namazing,Tawang,Jang-Thingbu,Arunachal Pradesh,True,27.5506261,91.9768197
135,Rho,Tawang,Jang-Thingbu,Arunachal Pradesh,True,27.6141065,91.987227
136,Kitpi,Tawang,Kitpi,Arunachal Pradesh,True,27.5731189,91.90284
137,Kitpi II,Tawang,Kitpi,Arunachal Pradesh,True,27.5731189,91.90284
138,Famla,Tawang,Tawang,Arunachal Pradesh,True,27.5612427,91.8523298
139,Gyangong Ani Gompa,Tawang,Tawang,Arunachal Pradesh,True,27.6003059,91.8525209
140,Jangda,Tawang,Tawang,Arunachal Pradesh,True,27.5942319,91.9742379
141,Mandrelling,Tawang,Tawang,Arunachal Pradesh,True,27.5952914,91.8697249
142,Sakpret,Tawang,Tawang,Arunachal Pradesh,True,27.57568,91.79901
143,Shyro,Tawang,Tawang,Arunachal Pradesh,True,27.5744459,91.9464757
144,Singsore Ani Gompa,Tawang,Tawang,Arunachal Pradesh,True,27.5952914,91.8697249
145,Tawang Gompa,Tawang,Tawang,Arunachal Pradesh,True,27.5866091,91.8573902
146,Thongleng,Tawang,Tawang,Arunachal Pradesh,True,27.57294,91.79215
147,Brokenthang,Tawang,Zemithang-Dudunghar,Arunachal Pradesh,True,27.7352592,91.724121
148,Gorsam,Tawang,Zemithang-Dudunghar,Arunachal Pradesh,True,27.6973252,91.7142454
149,Kharman,Tawang,Zemithang-Dudunghar,Arunachal Pradesh,True,27.691851,91.7463062
150,Lumpo,Tawang,Zemithang-Dudunghar,Arunachal Pradesh,True,27.7204821,91.7144005
151,Maling,Tawang,Zemithang-Dudunghar,Arunachal Pradesh,True,27.6350823,92.0693622
152,Muktur,Tawang,Zemithang-Dudunghar,Arunachal Pradesh,True,27.5800562,91.6627629
153,Ramyang,Tawang,Zemithang-Dudunghar,Arunachal Pradesh,True,27.514701,91.6549664
154,Shakti,Tawang,Zemithang-Dudunghar,Arunachal Pradesh,True,27.61139,91.71387
155,Shoktsen,Tawang,Zemithang-Dudunghar,Arunachal Pradesh,True,27.7416556,91.7318533
156,Sirdi,Tawang,Zemithang-Dudunghar,Arunachal Pradesh,True,27.6466524,91.7230296
157,Bishing,Upper Siang,Singa-Gelling,Arunachal Pradesh,True,29.1107736,95.0268102
158,Bona,Upper Siang,Singa-Gelling,Arunachal Pradesh,True,29.0974164,94.9475348
159,Mankota,Upper Siang,Singa-Gelling,Arunachal Pradesh,True,28.8878329,95.0759463
160,Mayum,Upper Siang,Singa-Gelling,Arunachal Pradesh,True,29.0924208,94.9597907
161,Tashi Gaon,Upper Siang,Singa-Gelling,Arunachal Pradesh,True,28.8743385,95.1028336
162,Jido,Upper Siang,Tuting,Arunachal Pradesh,True,28.9820594,94.904882
163,Lali,Upper Siang,Tuting,Arunachal Pradesh,True,29.0003932,94.8912175
164,Ngaming,Upper Siang,Tuting,Arunachal Pradesh,True,28.9686342,94.9381419
165,Nyering,Upper Siang,Tuting,Arunachal Pradesh,True,28.9360701,95.0104597
166,Pango,Upper Siang,Tuting,Arunachal Pradesh,True,28.8870297,94.7578559
167,Pekong,Upper Siang,Tuting,Arunachal Pradesh,True,28.9878787,94.8919255
168,Pekong,Upper Siang,Tuting,Arunachal Pradesh,True,28.9878787,94.8919255
169,Pokbir,Upper Siang,Tuting,Arunachal Pradesh,True,28.963981,94.9375517
170,Rishing,Upper Siang,Tuting,Arunachal Pradesh,True,28.9984023,94.8852907
171,Tenggo,Upper Siang,Tuting,Arunachal Pradesh,True,29.0668244,94.478654
172,Dadu,Upper Subansiri,Limeking,Arunachal Pradesh,True,28.3625828,93.5395735
173,Gumsing,Upper Subansiri,Limeking,Arunachal Pradesh,True,28.4321817,93.2172532
174,Lingbing,Upper Subansiri,Limeking,Arunachal Pradesh,True,28.4367283,93.2151175
175,Redding,Upper Subansiri,Limeking,Arunachal Pradesh,True,28.4851077,93.4621565
176,Redding Camp,Upper Subansiri,Limeking,Arunachal Pradesh,True,28.4851077,93.4621565
177,Taying,Upper Subansiri,Limeking,Arunachal Pradesh,True,28.4321817,93.2172532
178,Yaja,Upper Subansiri,Limeking,Arunachal Pradesh,True,28.4354329,93.2468461
179,Chokar,Upper Subansiri,Nacho,Arunachal Pradesh,True,28.4279157,93.8094041
180,Jerigaon,West Kameng,Nafra,Arunachal Pradesh,True,27.3403204,92.4726477
181,Khellong,West Kameng,Nafra,Arunachal Pradesh,True,27.0133852,92.4145185
182,Gatam,Kra daadi,Pipsorang,Arunachal Pradesh,True,28.0979458,93.6001405
183,Habak,Kra daadi,Pipsorang,Arunachal Pradesh,True,28.1084846,93.5827385
184,Hapuk (I),Kra daadi,Pipsorang,Arunachal Pradesh,True,28.0967863,93.5839299
185,Kokso,Kra daadi,Pipsorang,Arunachal Pradesh,True,28.0838152,93.6115937
186,Richik,Kra daadi,Pipsorang,Arunachal Pradesh,True,28.064816,93.6543383
187,Chungthang,North,Chungthang,Sikkim,True,27.604236,88.6465196
188,Tung,North,Chungthang,Sikkim,True,27.5475,88.6493
189,Chawang,North,Kabi Tingda,Sikkim,True,27.4415,88.5992
190,Labi,North,Kabi Tingda,Sikkim,True,27.4373,88.6584
191,Paney-Phensong,North,Kabi Tingda,Sikkim,True,27.4340487,88.6127695
192,Phamtam,North,Kabi Tingda,Sikkim,True,27.4557,88.61
193,Phodong,North,Kabi Tingda,Sikkim,True,27.4130306,88.5838702
194,Ramthang,North,Kabi Tingda,Sikkim,True,27.4039854,88.550947
195,Rongong,North,Kabi Tingda,Sikkim,True,27.4092,88.5635
196,Tangyek,North,Kabi Tingda,Sikkim,True,27.4207,88.527
197,Tingchim,North,Kabi Tingda,Sikkim,True,27.4607586,88.5277316
198,Tingda,North,Kabi Tingda,Sikkim,True,27.3957,88.6272
199,Tumlong,North,Kabi Tingda,Sikkim,True,27.4198712,88.5898311
200,Lachen,North,Lachen,Sikkim,True,27.7305455,88.5469054
201,Lachung,North,Lachung,Sikkim,True,27.7794,88.7152648
202,Barfok,North,Passingdang,Sikkim,True,27.4977,88.491
203,Gor,North,Passingdang,Sikkim,True,27.4302826,88.4984203
204,Hee-Gyathang,North,Passingdang,Sikkim,True,27.4816,88.4991
205,Lingdem,North,Passingdang,Sikkim,True,27.5494817,88.4569319
206,Lingdong,North,Passingdang,Sikkim,True,27.5073091,88.5194632
207,Lingthem,North,Passingdang,Sikkim,True,27.5224732,88.5014686
208,Lingzah-Tolung,North,Passingdang,Sikkim,True,27.571,88.4466
209,Lum,North,Passingdang,Sikkim,True,27.394,88.48
210,Namok,North,Passingdang,Sikkim,True,27.4504654,88.5375829
211,Sakyong-Pentong,North,Passingdang,Sikkim,True,27.5797,88.4049
212,Salim Pakel,North,Passingdang,Sikkim,True,27.5379,88.5518
213,Sangtok,North,Passingdang,Sikkim,True,27.4091,88.504
214,Sheyam,North,Passingdang,Sikkim,True,27.4367,88.528
215,Shipgyer,North,Passingdang,Sikkim,True,27.5544461,88.6336147
216,Tingbong,North,Passingdang,Sikkim,True,27.5524,88.4984
217,Zimchung,North,Passingdang,Sikkim,True,27.4903,88.5321
218,Bampa,Chamoli,Joshimath,Uttarakhand,True,30.7436664,79.8297153
219,Gamsali,Chamoli,Joshimath,Uttarakhand,True,30.7559986,79.8261873
220,Gurguti,Chamoli,Joshimath,Uttarakhand,True,30.7738,79.8758
221,Joshimath,Chamoli,Joshimath,Uttarakhand,True,30.5555752,79.5612607
222,Kailashpur,Chamoli,Joshimath,Uttarakhand,True,30.7148,79.8639
223,Mahargaon,Chamoli,Joshimath,Uttarakhand,True,30.4061118,79.4205814
224,Malari,Chamoli,Joshimath,Uttarakhand,True,30.6845508,79.8893688
225,Mana,Chamoli,Joshimath,Uttarakhand,True,30.9671228,79.4109692
226,Bilju,Pithoragarh,Munsyari,Uttarakhand,True,30.3949398,80.1659059
227,Burphu,Pithoragarh,Munsyari,Uttarakhand,True,30.3666548,80.1842308
228,Martoli,Pithoragarh,Munsyari,Uttarakhand,True,30.3482498,80.1931552
229,Rilkot,Pithoragarh,Munsyari,Uttarakhand,True,30.3104468,80.2080315
230,Tola,Pithoragarh,Munsyari,Uttarakhand,True,30.3356863,80.2121168
231,Baling,Pithoragarh,Dharchula or Kanalichhina (unresolved),Uttarakhand,True,30.2092254,80.5479905
232,Dar,Pithoragarh,Dharchula or Kanalichhina (unresolved),Uttarakhand,True,30.069216,80.602947
233,Dugtu,Pithoragarh,Dharchula or Kanalichhina (unresolved),Uttarakhand,True,30.21,80.5679
234,Garbyang,Pithoragarh,Dharchula or Kanalichhina (unresolved),Uttarakhand,True,30.1251387,80.8575277
235,Gunji,Pithoragarh,Dharchula or Kanalichhina (unresolved),Uttarakhand,True,30.1865763,80.8508108
236,Kuti,Pithoragarh,Dharchula or Kanalichhina (unresolved),Uttarakhand,True,30.3078792,80.7599224
237,Navi,Pithoragarh,Dharchula or Kanalichhina (unresolved),Uttarakhand,True,30.2049725,80.8373063
238,Rongkong (Raung Kong),Pithoragarh,Dharchula or Kanalichhina (unresolved),Uttarakhand,True,30.2033451,80.8316381
239,Sela,Pithoragarh,Dharchula or Kanalichhina (unresolved),Uttarakhand,True,30.1472581,80.6056591
240,Tidang,Pithoragarh,Dharchula or Kanalichhina (unresolved),Uttarakhand,True,30.246,80.5487
241,Amali,Pithoragarh,Dharchula or Kanalichhina (unresolved),Uttarakhand,True,29.7039,80.3278
242,Bagori,Uttarkashi,Bhatwari,Uttarakhand,True,30.7702443,78.4746317
243,Dharali,Uttarkashi,Bhatwari,Uttarakhand,True,31.0408468,78.7815312
244,Harshil,Uttarkashi,Bhatwari,Uttarakhand,True,31.0350501,78.7572289
245,Jadung,Uttarkashi,Bhatwari,Uttarakhand,True,31.1648,79.0397
246,Jaspur,Uttarkashi,Bhatwari,Uttarakhand,True,30.727214,78.4636435
247,Jhala,Uttarkashi,Bhatwari,Uttarakhand,True,31.0248573,78.7101354
248,Mukhawa,Uttarkashi,Bhatwari,Uttarakhand,True,31.0542,78.7901
249,Nelang,Uttarkashi,Bhatwari,Uttarakhand,True,31.121954,79.0304088
250,Purali,Uttarkashi,Bhatwari,Uttarakhand,True,31.0299258,78.7099965
251,Sukki,Uttarkashi,Bhatwari,Uttarakhand,True,31.014,78.7108
252,Chhitkul,Kinnaur,Unknown,Himachal Pradesh,False,31.3881,78.46219
253,Pooh,Kinnaur,Unknown,Himachal Pradesh,False,31.76159,78.5839324
254,Nako,Kinnaur,Unknown,Himachal Pradesh,False,31.8813748,78.6270483
255,Leo,Kinnaur,Unknown,Himachal Pradesh,False,31.8839167,78.5935199
256,Chango,Kinnaur,Unknown,Himachal Pradesh,False,31.9777573,78.5944015
257,Gue,Lahaul and Spiti,Unknown,Himachal Pradesh,False,32.1310531,78.5697113
258,Lalung,Lahaul and Spiti,Unknown,Himachal Pradesh,False,32.14927,78.27071
