village_id,village,district,block,state,is_core_sample,latitude,longitude,ndbi_2021,ndbi_n_2021,lights_2021,lights_n_2021,ndbi_2023,ndbi_n_2023,lights_2023,lights_n_2023,ndbi_2025,ndbi_n_2025,lights_2025,lights_n_2025
1,Metengliang,Anjaw,Chaglagam,Arunachal Pradesh,True,28.2053139,96.5325529,-0.21928174768683786,73,0.3170851837769316,12,-0.2730086211194792,73,0.3766297113208179,12,-0.2599133636057251,86,0.39869825442852314,12
2,Chipra,Anjaw,Chaglagam,Arunachal Pradesh,True,28.2687337,96.564114,-0.24194894265441122,73,0.28432499690188306,12,-0.2871417528826063,73,0.29950926492611574,12,-0.21765195415160044,86,0.2225777780181832,12
3,Mithumna,Anjaw,Chaglagam,Arunachal Pradesh,True,28.2346775,96.535261,-0.2568004556053539,73,0.26187822290143165,12,-0.30695855767093144,73,0.2683425314773787,12,-0.30638793106194795,86,0.2121661157731715,12
4,Pailiang,Anjaw,Chaglagam,Arunachal Pradesh,True,28.1966606,96.5083691,-0.2591438869121826,73,0.2794422734478664,12,-0.29523364824259235,73,0.2371907725997035,12,-0.28882097441696786,86,0.2566918938717232,12
5,Glotong,Anjaw,Hayuliang,Arunachal Pradesh,True,28.2051645,96.6850333,-0.2436199370750453,73,0.2745833312001851,12,-0.2744138768241188,73,0.266692942092279,12,-0.2745202431246333,86,0.27167886324428214,12
6,Hayuliang,Anjaw,Hayuliang,Arunachal Pradesh,True,28.081317,96.5236674,-0.03792873549123782,73,0.6249926276834665,12,-0.1304159656318037,73,0.6539988833916399,12,-0.09929262477463244,86,0.9576133833126685,12
7,Keletong,Anjaw,Hayuliang,Arunachal Pradesh,True,28.123006,96.6192583,-0.2675843627491132,73,0.25335645682274566,12,-0.297639065494361,73,0.26619033712261125,12,-0.2646981649887231,86,0.23337587707579865,12
8,Kongra(Metung),Anjaw,Hayuliang,Arunachal Pradesh,True,28.0695862,96.5735857,-0.28036440177260424,73,0.35311485995101716,12,-0.31491063101304906,73,0.3588753692739833,12,-0.307349872610687,86,0.35449852896607026,12
9,Zapaliang,Anjaw,Hayuliang,Arunachal Pradesh,True,28.009235,96.4411122,-0.23685661122217883,73,0.27998876163129055,12,-0.2811589740201522,73,0.26689980421843157,12,-0.254116790358121,86,0.262162920966577,12
10,Chenguinty,Anjaw,Walong,Arunachal Pradesh,True,27.8858991,96.8520327,-0.21749475545942476,73,0.32804106686938217,12,-0.2598516343158006,73,0.35715408383410724,12,-0.2415572572240856,86,0.3123964142719992,12
11,Dhanbari,Anjaw,Walong,Arunachal Pradesh,True,28.0078075,96.6214266,-0.2586935255251883,146,0.20292313661252845,12,-0.31296955885011524,146,0.33347468312722356,12,-0.2915504854138674,172,0.27370842547876606,12
12,Dong,Anjaw,Walong,Arunachal Pradesh,True,28.1679203,97.0389469,-0.06425120037767894,146,0.3086071012419681,12,-0.1359090579159672,146,0.3863429524062344,12,-0.10849628696564832,172,0.40467813683799847,12
13,Gong,Anjaw,Walong,Arunachal Pradesh,True,28.1700892,97.0008029,-0.25786493355937723,146,0.28963547532476597,12,-0.27347354621398323,146,0.352530455800518,12,-0.30126119745962265,172,0.27456072312784885,12
14,Hot Spring,Anjaw,Walong,Arunachal Pradesh,True,28.2928975,97.1638576,-0.11330094870305349,73,0.2483259508116037,12,-0.23797562341935166,73,0.3496963860650659,12,-0.1819404270058116,87,0.31034423042901466,12
15,Hunung,Anjaw,Walong,Arunachal Pradesh,True,27.8741289,96.9451026,-0.23488667738039942,73,0.25224686143073166,12,-0.2853354299881589,73,0.3094927941814494,12,-0.2736027036300864,86,0.2640631996640345,12
16,Kaho,Anjaw,Walong,Arunachal Pradesh,True,28.3034238,97.0250574,-0.06178868446695283,146,0.5142115603392372,12,-0.1596679161211756,146,0.4318995528951638,12,-0.12171275491602922,174,0.9338159155765364,12
17,Khrawit,Anjaw,Walong,Arunachal Pradesh,True,27.9044705,96.9437389,-0.21073488353582803,73,0.22419066182600703,12,-0.27028924796828024,73,0.30641380609203944,12,-0.25337008345375894,86,0.23453857970000108,12
18,Krowti,Anjaw,Walong,Arunachal Pradesh,True,28.2354088,97.0273216,-0.0921450987713992,146,0.41879817177818546,12,-0.19459000184541356,146,0.5934287332056883,12,-0.11032290211981256,172,0.31866067965691613,12
19,Krowti Labour Camp,Anjaw,Walong,Arunachal Pradesh,True,28.2318311,97.0285584,-0.10024956449624207,146,1.5644773170681652,12,-0.17881597665647447,146,0.626239856325947,12,-0.08650426415477475,172,0.3408812645460124,12
20,Kundan,Anjaw,Walong,Arunachal Pradesh,True,28.2425043,97.0254063,-0.06824088441633638,146,0.2797277482600665,12,-0.1815453439686309,146,0.47292402403112543,12,-0.09921678768174753,172,0.2727115530907187,12
21,Musai,Anjaw,Walong,Arunachal Pradesh,True,28.2588294,97.0287424,0.023600466584927468,146,0.3174935438859779,12,-0.12342109961531605,146,0.37958701825247393,12,-0.04740474361808887,172,0.32835915219862905,12
22,Samdul,Anjaw,Walong,Arunachal Pradesh,True,27.8858936,96.9223997,-0.031030462368250977,73,0.30902422489918824,12,-0.13554140015887103,73,0.3390492084420614,12,-0.0533933749232497,86,0.2729384021773587,12
23,Supkung,Anjaw,Walong,Arunachal Pradesh,True,28.1588813,97.0363709,-0.07283672475569103,146,0.3111794088303977,12,-0.13169469246087037,146,0.42702565673049775,12,-0.10424214398330262,172,0.4251301207745723,12
24,Walong,Anjaw,Walong,Arunachal Pradesh,True,28.1294938,97.0166444,-0.018223352721121768,146,0.892017216052649,12,-0.10973182519532478,146,1.31481318799293,12,-0.06269149940658315,172,1.8005391933544888,12
25,Yakung,Anjaw,Walong,Arunachal Pradesh,True,28.1997526,97.0263468,-0.06791867618839897,146,0.3163302028798952,12,-0.15738995415143206,146,0.404670901167973,12,-0.07309368116091867,172,0.278146195728167,12
26,Achali,Dibang Valley,Anini-Mipi,Arunachal Pradesh,True,28.8429461,95.9704783,-0.15553588229916707,592,0.31136837841680387,12,-0.22273379679820446,584,0.4657578235637955,12,-0.1692644955456413,684,0.307754472364782,12
27,Achengo,Dibang Valley,Anini-Mipi,Arunachal Pradesh,True,28.8238506,95.9428387,-0.07815408445504717,588,0.3116750666101996,12,-0.19052746998565226,584,0.31167040606762497,12,-0.11966130842669033,684,0.29471071029430274,12
28,Acheso,Dibang Valley,Anini-Mipi,Arunachal Pradesh,True,28.9263772,95.97448,-0.1296627846377402,294,0.29266995002041785,12,-0.23778308527393774,292,0.4181341344261901,12,-0.14418692742054123,342,0.23809575920172954,12
29,Alinye,Dibang Valley,Anini-Mipi,Arunachal Pradesh,True,28.8346828,95.9628967,-0.08583706236254272,589,0.3429258617739015,12,-0.1846872714482872,584,0.3763493395206945,12,-0.13045894118272972,684,0.3518037108034225,12
30,Angrim Valley,Dibang Valley,Anini-Mipi,Arunachal Pradesh,True,28.8842816,95.9786208,-0.14053769032168428,592,0.3290117367593894,12,-0.2585134968624766,584,0.32924917612401045,12,-0.15478187998278423,684,0.24162540770862234,12
31,Aropo,Dibang Valley,Anini-Mipi,Arunachal Pradesh,True,28.8230901,95.9397069,-0.08814579585030649,588,0.30200678621581684,12,-0.20410863090299766,584,0.2957434904063889,12,-0.13198179233891488,684,0.27712137349630217,12
32,Atoto,Dibang Valley,Anini-Mipi,Arunachal Pradesh,True,28.8355826,95.9647411,-0.09076032697936648,589,0.33782665073075113,12,-0.19178576393517202,584,0.37732368664513183,12,-0.13763039835424418,684,0.351943202731604,12
33,Echito,Dibang Valley,Anini-Mipi,Arunachal Pradesh,True,28.9291593,95.9752771,-0.12424244369993954,294,0.2791986801098259,12,-0.22955911795124787,292,0.43265001529788855,12,-0.13297597807873088,342,0.23970819581156894,12
34,Ediya,Dibang Valley,Anini-Mipi,Arunachal Pradesh,True,28.9638191,95.8076515,-0.13692309825040475,147,0.31247246708507576,12,-0.19607753867751926,146,0.26630506567689816,12,-0.14262641160085004,169,0.28016152825321394,12
35,Emuli,Dibang Valley,Anini-Mipi,Arunachal Pradesh,True,28.8871158,95.8356573,-0.18566593892309244,296,0.30632028351676505,12,-0.23945060902971363,292,0.2618899329133175,12,-0.19384962496733069,340,0.20782065273251263,12
36,Gipulin,Dibang Valley,Anini-Mipi,Arunachal Pradesh,True,28.8479222,95.9666253,-0.14747603561626346,592,0.3267843884740178,12,-0.2101857987133024,584,0.4376102995222747,12,-0.1551418556213484,684,0.32021598718455424,12
37,Kamuyi,Dibang Valley,Anini-Mipi,Arunachal Pradesh,True,28.9926912,95.8050502,-0.205329250772885,147,0.2788748268842172,12,-0.21761346880122426,146,0.3092593614028414,12,-0.2235595211386188,169,0.1859434652696097,12
38,Mipi H.Q.,Dibang Valley,Anini-Mipi,Arunachal Pradesh,True,28.9641685,95.8081308,-0.1308557499351053,147,0.31013935405673787,12,-0.1977596485901337,146,0.266686176310149,12,-0.13965200354525523,169,0.28576830285315796,12
39,Mipido,Dibang Valley,Anini-Mipi,Arunachal Pradesh,True,28.950424,95.8144355,-0.15378874130239872,147,0.30858214237163933,12,-0.22336475555066773,146,0.3463272931612415,12,-0.1785784268100529,170,0.25625868380462297,12
40,Etalin Bridge Point,Dibang Valley,Etalin-Malinye,Arunachal Pradesh,True,28.6094048,95.8703668,-0.1999526212338158,147,0.32162368822124504,12,-0.2346999329789939,146,0.3701625566578766,12,-0.22768759860337334,170,0.28381072342262137,12
41,Maliney,Dibang Valley,Etalin-Malinye,Arunachal Pradesh,True,28.6750197,96.1532235,-0.10500821473267294,148,0.6326584644632317,12,-0.19324466384314795,155,0.2996290095433826,12,-0.16090781085378458,177,0.22165547963023452,12
42,Mawali,Dibang Valley,Etalin-Malinye,Arunachal Pradesh,True,28.6599698,96.0170217,-0.22383027305619196,294,0.3134561035050345,12,-0.23268125421485603,292,0.30766648400042734,12,-0.18266727207447617,342,0.23342540685553098,12
43,Punli,Dibang Valley,Etalin-Malinye,Arunachal Pradesh,True,28.6565904,95.8520788,-0.249948777410163,147,0.33049348862477523,12,-0.2783493545590722,146,0.3130530755613103,12,-0.2887034501447978,170,0.2626424579979987,12
44,Lengdi/Liang,East Kameng,Bameng,Arunachal Pradesh,True,27.5376292,92.923885,-0.234692788788254,146,0.34800507868251196,12,-0.2616433688057309,143,0.35591421718656613,12,-0.27008605659164264,170,0.3329646394295832,12
45,Upper Liyak,East Kameng,Bameng,Arunachal Pradesh,True,27.5337804,92.8465101,-0.21741055555948954,146,0.3101845586659925,12,-0.2401785950596964,143,0.3501659184360931,12,-0.23241126987729818,170,0.29858781037314625,12
46,Dao,East Kameng,Chayangtajo,Arunachal Pradesh,True,27.7832832,92.9383609,-0.2775625959423823,146,0.3054818701201618,12,-0.27151598057243403,143,0.32928227639026303,12,-0.3007684774850257,170,0.2623806860252438,12
47,Dara Yangfo,East Kameng,Chayangtajo,Arunachal Pradesh,True,27.732817,93.0487159,-0.2772509344916001,292,0.3169110007376442,12,-0.25729912416649736,288,0.3859057990271377,12,-0.2953562709951266,343,0.2790830482540853,12
48,Lamrah,East Kameng,Chayangtajo,Arunachal Pradesh,True,27.6967225,93.0373888,-0.25192003624703285,292,0.27684629377391606,12,-0.25537112954591557,290,0.31701389696862964,12,-0.2518915137235767,345,0.3395953679084778,12
49,Loto Yangfo,East Kameng,Chayangtajo,Arunachal Pradesh,True,27.7296573,93.059293,-0.2642697638498285,292,0.3144410130013241,12,-0.2586814276652094,288,0.3492116110378436,12,-0.2823921736885204,343,0.28396348497840795,12
50,Diya Sullung,East Kameng,Chayangtajo,Arunachal Pradesh,True,27.7760452,93.0124888,-0.28149374772868124,292,0.3466880326486352,12,-0.2703970468052454,286,0.32974822837506385,12,-0.3207277729348564,343,0.2116109258521228,12
51,Hara Yangfo,East Kameng,Chayangtajo,Arunachal Pradesh,True,27.751648,93.1327809,-0.2806653889192329,146,0.33631324388885064,12,-0.27736238142231573,143,0.3609244798842285,12,-0.26527761734853894,173,0.30560452823660195,12
52,Jayang Bagang,East Kameng,Chayangtajo,Arunachal Pradesh,True,27.7547367,93.1791026,-0.2580925020331955,146,0.350594046828467,12,-0.25563854319317514,143,0.38187988686827967,12,-0.2699279719934839,173,0.3175800725734433,12
53,Kesse Bagang,East Kameng,Chayangtajo,Arunachal Pradesh,True,27.7809294,93.2034502,-0.2349641480017998,146,0.3332824054029252,12,-0.22834661518633212,143,0.32080741564432774,12,-0.24643470781712637,173,0.2810249929957919,12
54,Langchu Sullung,East Kameng,Chayangtajo,Arunachal Pradesh,True,27.7569534,92.9355132,-0.2864978758532931,146,0.33888920378313303,12,-0.23598142867182623,144,0.33258444688102456,12,-0.3070037772383512,170,0.24396065581083837,12
55,Nampe Bagang,East Kameng,Chayangtajo,Arunachal Pradesh,True,27.7140627,93.0313033,-0.29369256536980504,292,0.3409214914840686,12,-0.24538685383507594,290,0.3578247993786245,12,-0.32005805493078776,345,0.34260857593110516,12
56,Raro Sullung,East Kameng,Chayangtajo,Arunachal Pradesh,True,27.6890058,93.0717372,-0.3180837507099442,292,0.3194357850702939,12,-0.2509977648729006,290,0.3260300659257213,12,-0.3156770537581248,345,0.3070285870529761,12
57,Tamsang Yangfo,East Kameng,Chayangtajo,Arunachal Pradesh,True,27.6760974,93.0917894,-0.21060696531040607,292,0.3223363103877221,12,-0.24903642225445008,290,0.3325009270504649,12,-0.2619234923059966,343,0.3068991773096579,12
58,Warriam Sullung,East Kameng,Chayangtajo,Arunachal Pradesh,True,27.7279436,92.9802579,-0.2570441434218275,146,0.331798499586892,12,-0.3117411716282202,145,0.3974453861767289,12,-0.281711274459836,171,0.261796609897398,12
59,Wallong,East Kameng,Khenewa,Arunachal Pradesh,True,27.6530641,92.9685879,-0.29655200146863053,146,0.28101243622982686,12,-0.2765888702186562,145,0.3570350760340956,12,-0.28789489397052626,171,0.2814541579222095,12
60,Chate,Kurung Kumey,Damin,Arunachal Pradesh,True,28.1191826,93.3236259,-0.3093562711158863,146,0.2997521489825179,12,-0.28118227814430424,143,0.24963430284316557,12,-0.28194699419389113,170,0.25170126661039494,12
61,Chulla,Kurung Kumey,Damin,Arunachal Pradesh,True,28.1242982,93.411274,-0.29509809195990927,146,0.317717026494939,12,-0.2744105598996395,143,0.25810034092612305,12,-0.330492951078814,170,0.24608699678366724,12
62,Damin H.Q.,Kurung Kumey,Damin,Arunachal Pradesh,True,28.1041982,93.3343841,-0.23462256474958892,146,0.3345670698079776,12,-0.268927132092694,143,0.40019323245737465,12,-0.21825679209662086,170,0.518063918769426,12
63,Damin Village,Kurung Kumey,Damin,Arunachal Pradesh,True,28.1050092,93.3443566,-0.26965020168310294,146,0.3024667340543477,12,-0.2745441765714299,143,0.2536566915969363,12,-0.30311895553371443,170,0.32882668011865174,12
64,Digok,Kurung Kumey,Damin,Arunachal Pradesh,True,28.1272533,93.3496878,-0.31229021793805206,146,0.29134408743415985,12,-0.2581740903603823,143,0.2180348547533967,12,-0.30868942686688533,170,0.2138283255865365,12
65,Fuba,Kurung Kumey,Damin,Arunachal Pradesh,True,28.1198537,93.3376816,-0.3126713947377653,146,0.32631913502387394,12,-0.2596923619740108,143,0.23405643007947724,12,-0.29254957446413205,170,0.19895459460971598,12
66,Huri,Kurung Kumey,Damin,Arunachal Pradesh,True,28.1095105,93.3045975,-0.2520333258324064,146,0.3186487288903714,12,-0.26592616944416125,143,0.23643173766916784,12,-0.2613257571148171,170,0.2689520869482635,12
67,Katuk,Kurung Kumey,Damin,Arunachal Pradesh,True,28.1189094,93.2501395,-0.2599523753519044,146,0.3309190618451191,12,-0.26867543829967605,143,0.27272308060685096,12,-0.2224115273755341,170,0.23036872884011378,12
68,Kopila,Kurung Kumey,Damin,Arunachal Pradesh,True,28.1092251,93.3088818,-0.2349053186479653,146,0.3117225289011801,12,-0.2658944965596718,143,0.25054841179754483,12,-0.2612947514208544,170,0.2893454385036863,12
69,Machang,Kurung Kumey,Damin,Arunachal Pradesh,True,28.0962492,93.3005705,-0.2774861761354759,146,0.3141732141960885,12,-0.2725379074638004,143,0.23751590485390855,12,-0.29876949558020394,170,0.24317714398022316,12
70,Nisuk,Kurung Kumey,Damin,Arunachal Pradesh,True,28.1081822,93.414929,-0.3227949736294852,146,0.3028135447867306,12,-0.2973402568690153,143,0.1965852773414468,12,-0.31701523364196615,170,0.2263503501007745,12
71,Pipa,Kurung Kumey,Damin,Arunachal Pradesh,True,28.0735847,93.283149,-0.25052971583855327,146,0.31563193296513903,12,-0.26781036989320894,143,0.3252226542805357,12,-0.26332240858967915,169,0.23905210380345387,12
72,Ramu,Kurung Kumey,Damin,Arunachal Pradesh,True,28.1084035,93.4191096,-0.31335171532727796,146,0.29863763044068337,12,-0.29820381349205033,143,0.20504254906476532,12,-0.2940238173502608,170,0.24216055797286887,12
73,Rane,Kurung Kumey,Damin,Arunachal Pradesh,True,28.1440384,93.3476122,-0.2863302672560388,146,0.30376580999498926,12,-0.260662762725979,143,0.3187016383079546,12,-0.2948773998557647,170,0.24849701554714038,12
74,Rawiok,Kurung Kumey,Damin,Arunachal Pradesh,True,28.137739,93.3249207,-0.2899679379898205,146,0.3295232690535151,12,-0.24107266383202675,143,0.30297954503010516,12,-0.2875081096108332,170,0.2183586723834008,12
75,Ruba,Kurung Kumey,Damin,Arunachal Pradesh,True,28.1221707,93.2334312,-0.2842537578997967,146,0.32701744252031806,12,-0.2551037995589614,143,0.24680771970735632,12,-0.289973720975044,170,0.20053637797689122,12
76,Senamriang,Kurung Kumey,Damin,Arunachal Pradesh,True,28.1320477,93.3191302,-0.2786381070946745,146,0.330159216486542,12,-0.2682943289967062,143,0.23369552947622438,12,-0.2718026232690558,170,0.21513687303945342,12
77,Sibia,Kurung Kumey,Damin,Arunachal Pradesh,True,28.1070207,93.3012679,-0.2732466895593927,146,0.3273470572157617,12,-0.26987034276948796,143,0.22649888361123566,12,-0.28845955023316877,170,0.2792556508132427,12
78,Tarba,Kurung Kumey,Damin,Arunachal Pradesh,True,28.1607522,93.4195471,-0.3066592745262937,146,0.3376781032981164,12,-0.285727944874756,143,0.27412729114461676,12,-0.30062883996156814,170,0.21482377369438707,12
79,Tokriang,Kurung Kumey,Damin,Arunachal Pradesh,True,28.1110736,93.3311986,-0.2951623049444628,146,0.30376290556340096,12,-0.27018354507778614,143,0.31464970256902475,12,-0.29938363920865796,170,0.2569911570609671,12
80,Yaso,Kurung Kumey,Damin,Arunachal Pradesh,True,28.1002726,93.3473375,-0.26743941884461314,146,0.3117955124484286,12,-0.26913039741461325,143,0.2667000392022998,12,-0.3046519647262842,170,0.29041249501426714,12
81,Buhan,Kurung Kumey,Koloriang,Arunachal Pradesh,True,27.8895447,93.283152,-0.31001219537671976,146,0.3107171037870263,12,-0.23100469306467114,143,0.25556898742277256,12,-0.33121709067913974,172,0.3232620903222714,12
82,Buyang,Kurung Kumey,Koloriang,Arunachal Pradesh,True,27.9419935,93.286116,-0.2816010235942113,292,0.33951111038525894,12,-0.2600295099851623,286,0.31266665869288973,12,-0.2670215486754185,341,0.2645509265859922,12
83,Buyang-II,Kurung Kumey,Koloriang,Arunachal Pradesh,True,27.9419935,93.286116,-0.2816010235942113,292,0.33951111038525894,12,-0.2600295099851623,286,0.31266665869288973,12,-0.2670215486754185,341,0.2645509265859922,12
84,Chello,Kurung Kumey,Koloriang,Arunachal Pradesh,True,27.8849215,93.291646,-0.2455005388365977,146,0.31768219521916274,12,-0.2336462515198447,143,0.2611366953952993,12,-0.26642742497195515,172,0.3425221984976537,12
85,Chimpu,Kurung Kumey,Koloriang,Arunachal Pradesh,True,27.9522411,93.2566277,-0.26709043691814066,292,0.28400978284288747,12,-0.2547506070914974,286,0.33345053193973145,12,-0.30861763356023436,341,0.3472895957570799,12
86,Chomi,Kurung Kumey,Koloriang,Arunachal Pradesh,True,27.955673,93.2595487,-0.28638135678896653,292,0.2772474999763857,12,-0.24648065503588953,286,0.3091879406660695,12,-0.29978039359233477,341,0.30954125371413277,12
87,Chote,Kurung Kumey,Koloriang,Arunachal Pradesh,True,27.9524396,93.2616596,-0.26703372635910344,292,0.28249625242158266,12,-0.25413235550761953,286,0.3172125484166519,12,-0.29319529830540564,341,0.3544681657900971,12
88,Kiodhriang,Kurung Kumey,Koloriang,Arunachal Pradesh,True,27.8581693,93.2541827,-0.27881691103177403,146,0.34771209803506803,12,-0.27227329921024096,143,0.31516968698253467,12,-0.27247719891990435,172,0.2532268127603499,12
89,Nangram,Kurung Kumey,Koloriang,Arunachal Pradesh,True,27.9071735,93.4387839,-0.2559920717484144,73,0.3540208159946944,12,-0.22669414525139925,73,0.3133119709515652,12,-0.2822756900794014,85,0.24766629475813645,12
90,Nyolo,Kurung Kumey,Koloriang,Arunachal Pradesh,True,27.9012651,93.3076219,-0.28627803647240935,146,0.3564483462900355,12,-0.25397117430142824,143,0.3047835393294841,12,-0.2851240206799192,172,0.36002136040956545,12
91,Pakba,Kurung Kumey,Koloriang,Arunachal Pradesh,True,27.8903622,93.3997806,-0.301440838635848,102,0.3387060667513213,12,-0.28092667886529804,89,0.3131733249612441,12,-0.30467460574834093,102,0.3339520933294666,12
92,Papu,Kurung Kumey,Koloriang,Arunachal Pradesh,True,27.9111524,93.3917445,-0.26964189891069945,145,0.36710093534655047,12,-0.2651611977732029,141,0.34718332648277284,12,-0.3030088178921677,162,0.2783000053299798,12
93,Rengchi,Kurung Kumey,Koloriang,Arunachal Pradesh,True,27.8914093,93.4267781,-0.2739936310449315,73,0.3312402423076672,12,-0.26634329375372734,73,0.3805992208595659,12,-0.2696606672499354,85,0.3184308805726178,12
94,Tate,Kurung Kumey,Koloriang,Arunachal Pradesh,True,27.9539309,93.2699171,-0.3008811119432026,292,0.3211391382827991,12,-0.25456766028156375,286,0.3042147123562523,12,-0.30122971614539207,341,0.3228058069613979,12
95,Yumlam,Kurung Kumey,Koloriang,Arunachal Pradesh,True,27.8897958,93.4560068,-0.23432594794019843,73,0.3717935259143511,12,-0.2319468047787351,73,0.37925647775332133,12,-0.2759866214899638,85,0.29969073451227607,12
96,Cheba,Kurung Kumey,Parsi-Parlo,Arunachal Pradesh,True,28.0204954,93.4801015,-0.21686761917118308,146,0.3177148679714032,12,-0.25375962496278853,146,0.280737105406186,12,-0.250177842542786,169,0.3092245903918562,12
97,Dape,Kurung Kumey,Parsi-Parlo,Arunachal Pradesh,True,28.0305059,93.4762607,-0.23253024463473906,73,0.2950790030692555,12,-0.2354099292082512,73,0.2721435234085163,12,-0.25089339638017216,84,0.32530285747675547,12
98,Dare,Kurung Kumey,Parsi-Parlo,Arunachal Pradesh,True,28.040746,93.4566336,-0.19854070570164992,73,0.3220572953245469,12,-0.2611372859322561,73,0.28728050472480904,12,-0.2479842580095636,84,0.3412527924270502,12
99,Geyang,Kurung Kumey,Parsi-Parlo,Arunachal Pradesh,True,28.032302,93.4718342,-0.21787834560375696,73,0.30027218446368875,12,-0.24745511036900208,73,0.2756767306951869,12,-0.22508701621574184,84,0.33347688158619865,12
100,Gonang,Kurung Kumey,Parsi-Parlo,Arunachal Pradesh,True,27.9884834,93.5169908,-0.1821452509372974,146,0.34246161201696723,12,-0.24220620156320544,146,0.34116572513339233,12,-0.21570529945077505,169,0.36924626147479156,12
101,Nyokuriang,Kurung Kumey,Parsi-Parlo,Arunachal Pradesh,True,28.0062351,93.5622034,-0.2049087180487472,146,0.2977148094442155,12,-0.2477812759735714,146,0.29444443835152523,12,-0.22825391070669274,169,0.2985027729140388,12
102,Pachang,Kurung Kumey,Parsi-Parlo,Arunachal Pradesh,True,28.0250521,93.4720132,-0.18026620339094643,146,0.3208926593236318,12,-0.2447580255711345,146,0.27303299546506965,12,-0.20955854931085513,169,0.32692065112317625,12
103,Pado I,Kurung Kumey,Parsi-Parlo,Arunachal Pradesh,True,27.9756026,93.5757879,-0.21189853450276408,146,0.3005363159339522,12,-0.24765218303318115,146,0.2893370585401631,12,-0.2827664417527566,169,0.2747169411049209,12
104,Pagam,Kurung Kumey,Parsi-Parlo,Arunachal Pradesh,True,28.049312,93.4584998,-0.25280182199393864,73,0.3088821297851057,12,-0.24635947489523513,73,0.2368756892108127,12,-0.2611597433915699,84,0.3258904223613318,12
105,Pape,Kurung Kumey,Parsi-Parlo,Arunachal Pradesh,True,28.0129617,93.4902587,-0.23174739490247828,146,0.3071365087860564,12,-0.2603582979337626,146,0.27870975836664935,12,-0.2613654953867824,169,0.3457722899717972,12
106,Pariang,Kurung Kumey,Parsi-Parlo,Arunachal Pradesh,True,28.0328165,93.4803814,-0.25801185130120863,73,0.2957865654686351,12,-0.23944629563398415,73,0.2361971547975551,12,-0.2706869338910224,84,0.28718013246987933,12
107,Passik,Kurung Kumey,Parsi-Parlo,Arunachal Pradesh,True,28.0360017,93.4705453,-0.2493826427100238,73,0.29979212621936285,12,-0.24776570871248496,73,0.2588660015593924,12,-0.25353687153854004,84,0.32715478413354576,12
108,Pilop,Kurung Kumey,Parsi-Parlo,Arunachal Pradesh,True,28.004125,93.5674707,-0.2169319129815919,146,0.28967948160155327,12,-0.24267215772034098,146,0.25277620864130246,12,-0.23160701104270223,169,0.3011378189085296,12
109,Rashik,Kurung Kumey,Parsi-Parlo,Arunachal Pradesh,True,28.0080613,93.5508476,-0.2793682876093235,146,0.3067108720675548,12,-0.2799051288138203,146,0.30727614879473614,12,-0.28443128801284717,169,0.30022761488068456,12
110,Yarba-I,Kurung Kumey,Parsi-Parlo,Arunachal Pradesh,True,27.96349,93.5654022,-0.2529202723626489,146,0.2971216324357891,12,-0.2705396142521071,146,0.3462320090924387,12,-0.28790541947136666,169,0.2825627537198769,12
111,Bala,Kurung Kumey,Sarli,Arunachal Pradesh,True,27.9431025,93.1252507,-0.3038442142329148,292,0.31243788930810207,12,-0.2622220225540069,286,0.3627632595142878,12,-0.29613371079516887,341,0.2988246164644123,12
112,Chaching,Kurung Kumey,Sarli,Arunachal Pradesh,True,27.9375989,93.2339474,-0.29287061945597004,292,0.3491038445160288,12,-0.2398656359494772,286,0.3092424289019832,12,-0.31586768364000506,341,0.29206301271915436,12
113,Chulu,Kurung Kumey,Sarli,Arunachal Pradesh,True,27.8792111,93.0545229,-0.27881646899437484,292,0.2586422490326069,12,-0.2747827119185858,286,0.35809655621498987,12,-0.28173313493826835,341,0.29759804089114344,12
114,Gane,Kurung Kumey,Sarli,Arunachal Pradesh,True,27.9643147,93.0391329,-0.232744480979646,584,0.29600675358815187,12,-0.2495633256188599,572,0.384830325473146,12,-0.2704806204412776,677,0.23434945290616985,12
115,Haraiho,Kurung Kumey,Sarli,Arunachal Pradesh,True,27.9804475,93.1383943,-0.30403241589778424,292,0.3006703960162967,12,-0.23250234309183562,286,0.40000371942973006,12,-0.31654252432616575,341,0.27807541546208897,12
116,Kapu,Kurung Kumey,Sarli,Arunachal Pradesh,True,27.8879985,93.075251,-0.21257331038546676,292,0.2839277691696953,12,-0.2325760229372405,286,0.3468187754725555,12,-0.2486920223188065,341,0.30316815788107787,12
117,Koropu,Kurung Kumey,Sarli,Arunachal Pradesh,True,27.9899045,93.2023371,-0.30717888142168254,292,0.32962859856447996,12,-0.22010762588882024,286,0.28476902535247167,12,-0.28996706652445564,341,0.2605857347239412,12
118,Machane,Kurung Kumey,Sarli,Arunachal Pradesh,True,27.9220981,93.0770012,-0.3021723834366668,292,0.3031413892011964,12,-0.23366682434588754,286,0.3331882009680352,12,-0.3068658784886667,341,0.26699906537372076,12
119,Malo,Kurung Kumey,Sarli,Arunachal Pradesh,True,27.9563848,93.1153543,-0.276387798558283,292,0.2873393414791972,12,-0.23519467740836,286,0.3385099566372567,12,-0.29708817781756025,341,0.28114242930691835,12
120,Milli,Kurung Kumey,Sarli,Arunachal Pradesh,True,27.9506354,93.0574678,-0.26097941227738924,584,0.28787963204913675,12,-0.23667458035985176,572,0.3951249970330133,12,-0.2635279460490752,677,0.2810768493016561,12
121,Namjo,Kurung Kumey,Sarli,Arunachal Pradesh,True,27.942996,93.1849686,-0.3127001540250463,292,0.34929480085067877,12,-0.2645037792488114,286,0.3569463161640831,12,-0.3221317762359462,341,0.2632304521154207,12
122,New Sarli,Kurung Kumey,Sarli,Arunachal Pradesh,True,27.9582217,93.1705235,-0.26737061324775757,292,0.3691220203348036,12,-0.2450229549884257,286,0.3027260050044528,12,-0.2822888777393376,341,0.3543145475975637,12
123,Riya,Kurung Kumey,Sarli,Arunachal Pradesh,True,27.8776779,93.0467319,-0.2737358934868359,292,0.2583027085442851,12,-0.2676624505455351,286,0.35869061037533007,12,-0.27087779156468106,342,0.2670360037969853,12
124,Sape,Kurung Kumey,Sarli,Arunachal Pradesh,True,27.9549291,93.1321419,-0.2846860602241304,292,0.29203147884872227,12,-0.24492908266729171,286,0.3457518481877115,12,-0.2979949087729379,341,0.3036268498169051,12
125,Sarli,Kurung Kumey,Sarli,Arunachal Pradesh,True,27.9525582,93.163373,-0.20804972621443352,292,0.4925895840897406,12,-0.22233591076997775,286,0.4696817710111282,12,-0.2555207747057219,341,0.5349841442914451,12
126,Sate,Kurung Kumey,Sarli,Arunachal Pradesh,True,27.9537376,93.1572444,-0.2193136224568473,292,0.4529152823198865,12,-0.2186314982369227,286,0.439370120382362,12,-0.25657178077124737,341,0.45738944680395727,12
127,Wabia,Kurung Kumey,Sarli,Arunachal Pradesh,True,27.9413919,93.1360402,-0.2785884896448372,292,0.28377790176974876,12,-0.24799754961016449,286,0.31675874335425236,12,-0.2998032920900324,341,0.3076209036101188,12
128,Walu,Kurung Kumey,Sarli,Arunachal Pradesh,True,27.9413919,93.1360402,-0.2785884896448372,292,0.28377790176974876,12,-0.24799754961016449,286,0.31675874335425236,12,-0.2998032920900324,341,0.3076209036101188,12
129,Waru,Kurung Kumey,Sarli,Arunachal Pradesh,True,27.8852647,93.0448126,-0.27479477680488507,292,0.26516908207864665,12,-0.23881471250901848,286,0.3599238201992435,12,-0.25155720081458516,341,0.3043431781207438,12
130,Chanli,Lower Dibang,Hunli-Desali,Arunachal Pradesh,True,28.2923493,96.0296242,-0.23955805437010816,248,0.2816047672752266,12,-0.28733994589762507,202,0.34024113089573094,12,-0.2551247538262889,236,0.3135208863508939,12
131,Broxer,Tawang,Jang-Thingbu,Arunachal Pradesh,True,27.622647,91.9631993,-0.0727433435651876,73,0.3608222245176633,12,-0.24948627405007834,70,0.4106851763857736,12,-0.1494313191127295,85,0.32536574373642607,12
132,Luguthang,Tawang,Jang-Thingbu,Arunachal Pradesh,True,27.5948234,92.1857466,0.10037219512039067,73,0.3028233486872453,12,-0.10491850462620397,70,0.35496323973749555,12,0.17427467658276072,84,0.34496041023218793,12
133,Mago,Tawang,Jang-Thingbu,Arunachal Pradesh,True,27.6883395,92.2081099,-0.027329114878072887,73,0.3194250052836206,12,-0.23729369370808515,70,0.41205185241169395,12,-0.05433378128663124,84,0.37407406919532354,12
134,Namazing,Tawang,Jang-Thingbu,Arunachal Pradesh,True,27.5506261,91.9768197,-0.09027023914671871,73,0.3469955163084872,12,-0.22174750798554485,70,0.40261023601876245,12,-0.10400211952361683,85,0.37027373021226284,12
135,Rho,Tawang,Jang-Thingbu,Arunachal Pradesh,True,27.6141065,91.987227,-0.09368653566753665,146,0.3348346285796086,12,-0.26837138170071523,140,0.41800631275410904,12,-0.1269461066990407,169,0.38313823616092696,12
136,Kitpi,Tawang,Kitpi,Arunachal Pradesh,True,27.5731189,91.90284,-0.06862944570977751,73,0.8847767963473286,12,-0.17063324446902045,70,0.9397823513219399,12,-0.08868440873964867,85,1.1792122750276965,12
137,Kitpi II,Tawang,Kitpi,Arunachal Pradesh,True,27.5731189,91.90284,-0.06862944570977751,73,0.8847767963473286,12,-0.17063324446902045,70,0.9397823513219399,12,-0.08868440873964867,85,1.1792122750276965,12
138,Famla,Tawang,Tawang,Arunachal Pradesh,True,27.5612427,91.8523298,-0.07063857536784066,73,0.552980884490587,12,-0.24166438890925554,70,0.5951696803921119,12,-0.12813048058173546,85,0.7926631034828547,12
139,Gyangong Ani Gompa,Tawang,Tawang,Arunachal Pradesh,True,27.6003059,91.8525209,-0.046176178974882444,73,0.42182477786471795,12,-0.33131613120752457,70,0.46832960847366073,12,-0.11412834856824922,85,0.40382347761520315,12
140,Jangda,Tawang,Tawang,Arunachal Pradesh,True,27.5942319,91.9742379,-0.08143520031757244,73,0.39224229413284406,12,-0.24915673590434523,70,0.4473993603989448,12,-0.14244426066946086,85,0.4391948846137282,12
141,Mandrelling,Tawang,Tawang,Arunachal Pradesh,True,27.5952914,91.8697249,0.08196512579127455,73,2.0589435930882165,12,-0.2734975295414465,70,3.4449813337902744,12,0.032883542098074446,85,4.404845047504344,12
142,Sakpret,Tawang,Tawang,Arunachal Pradesh,True,27.57568,91.79901,-0.08039970749823173,73,0.36707770317658645,12,-0.2784634244116451,70,0.32824980762896233,12,-0.1615054479857241,85,0.38380442670470954,12
143,Shyro,Tawang,Tawang,Arunachal Pradesh,True,27.5744459,91.9464757,-0.09241590620703406,73,0.5441935635887435,12,-0.21118630525410007,70,0.7829946209832129,12,-0.1470272905892566,85,0.8367808195689739,12
144,Singsore Ani Gompa,Tawang,Tawang,Arunachal Pradesh,True,27.5952914,91.8697249,0.08196512579127455,73,2.0589435930882165,12,-0.2734975295414465,70,3.4449813337902744,12,0.032883542098074446,85,4.404845047504344,12
145,Tawang Gompa,Tawang,Tawang,Arunachal Pradesh,True,27.5866091,91.8573902,-0.07773388799470189,73,0.732484192387866,12,-0.26266746806932545,70,1.1001283611570085,12,-0.14566341492966223,85,1.1538978604865924,12
146,Thongleng,Tawang,Tawang,Arunachal Pradesh,True,27.57294,91.79215,-0.12279322044857563,73,0.38057350548081387,12,-0.3093600111820623,70,0.3372817530450908,12,-0.21389283826494515,85,0.41919122818781407,12
147,Brokenthang,Tawang,Zemithang-Dudunghar,Arunachal Pradesh,True,27.7352592,91.724121,-0.07405899570598205,73,0.3367482116707801,12,-0.25474097777801674,70,0.37437007521751636,12,-0.1824979865199891,85,0.4310770516856852,12
148,Gorsam,Tawang,Zemithang-Dudunghar,Arunachal Pradesh,True,27.6973252,91.7142454,-0.09011279918239372,73,0.3939015552716473,12,-0.23363290790377036,70,0.4595958516913341,12,-0.16420694023022356,85,1.7410613693570403,12
149,Kharman,Tawang,Zemithang-Dudunghar,Arunachal Pradesh,True,27.691851,91.7463062,0.04387153636060391,73,0.34643829565586926,12,-0.21092349705702806,70,0.39463553415982244,12,-0.00963094905956492,85,0.33923284639448126,12
150,Lumpo,Tawang,Zemithang-Dudunghar,Arunachal Pradesh,True,27.7204821,91.7144005,-0.08056816041873714,73,0.3590548127822961,12,-0.2671525213337975,70,0.41706748653444936,12,-0.20555450402643075,85,0.570753176707016,12
151,Maling,Tawang,Zemithang-Dudunghar,Arunachal Pradesh,True,27.6350823,92.0693622,-0.13156973126548316,146,0.3050965129798133,12,-0.23680103341552725,140,0.3749006968696824,12,-0.17985125433357962,169,0.3190348910993351,12
152,Muktur,Tawang,Zemithang-Dudunghar,Arunachal Pradesh,True,27.5800562,91.6627629,-0.0901595297077134,73,0.3550362285297185,12,-0.25199601748783185,70,0.3535869550146786,12,-0.12689651033350124,85,0.3625111478892723,12
153,Ramyang,Tawang,Zemithang-Dudunghar,Arunachal Pradesh,True,27.514701,91.6549664,-0.11583494381883296,73,0.3851008964159564,12,-0.23460637043958152,70,0.37476550166248745,12,-0.1792802258325812,85,0.4085080364359868,12
154,Shakti,Tawang,Zemithang-Dudunghar,Arunachal Pradesh,True,27.61139,91.71387,-0.16404170120233766,73,0.3532154778130602,12,-0.24591608591164746,70,0.3667009997872308,12,-0.1923646247796892,85,0.385999441180038,12
155,Shoktsen,Tawang,Zemithang-Dudunghar,Arunachal Pradesh,True,27.7416556,91.7318533,-0.11954385170704623,73,0.31757777684264715,12,-0.28836016039500667,70,0.4222111120820045,12,-0.21405736282153046,85,0.32296204060316086,12
156,Sirdi,Tawang,Zemithang-Dudunghar,Arunachal Pradesh,True,27.6466524,91.7230296,-0.15524077088251972,73,0.33669364459014367,12,-0.24374965225675485,70,0.37549199845774894,12,-0.21243096654146784,85,0.29704613652679007,12
157,Bishing,Upper Siang,Singa-Gelling,Arunachal Pradesh,True,29.1107736,95.0268102,-0.3119380655998804,74,0.30780901758203527,12,-0.2598723833269712,73,0.2746575668221859,12,-0.2826677913714665,86,0.26034891927295384,12
158,Bona,Upper Siang,Singa-Gelling,Arunachal Pradesh,True,29.0974164,94.9475348,-0.2727261450279395,74,0.33127067199484117,12,-0.2905861654861265,73,0.3341528818980598,12,-0.2823775623254169,86,0.2593917697503784,12
159,Mankota,Upper Siang,Singa-Gelling,Arunachal Pradesh,True,28.8878329,95.0759463,-0.2951819481389102,296,0.250354219803074,12,-0.2747365640231949,292,0.26721289983931806,12,-0.2817370575202331,342,0.2741340457293011,12
160,Mayum,Upper Siang,Singa-Gelling,Arunachal Pradesh,True,29.0924208,94.9597907,-0.3426119376650023,74,0.3002689312959476,12,-0.24441220603293645,73,0.3467544832815846,12,-0.3304432411067682,86,0.265493051231758,12
161,Tashi Gaon,Upper Siang,Singa-Gelling,Arunachal Pradesh,True,28.8743385,95.1028336,-0.32369100335778944,296,0.22201171675364356,12,-0.25985192807447416,292,0.2797423759142735,12,-0.32937877857446635,342,0.2481259262754715,12
162,Jido,Upper Siang,Tuting,Arunachal Pradesh,True,28.9820594,94.904882,-0.15866110683179005,74,0.35025598890873605,12,-0.2245748054015548,73,0.4384686816133847,12,-0.19598842448504464,86,0.4154696111191702,12
163,Lali,Upper Siang,Tuting,Arunachal Pradesh,True,29.0003932,94.8912175,-0.15101597033087225,74,0.47079125812234257,12,-0.25766003862432924,73,0.6714608382380494,12,-0.1617719281509325,86,0.4983690031011856,12
164,Ngaming,Upper Siang,Tuting,Arunachal Pradesh,True,28.9686342,94.9381419,-0.24296302663494249,74,0.289104553596329,12,-0.28460478246861676,73,0.30286707449808004,12,-0.23025336090739632,86,0.2478420465057498,12
165,Nyering,Upper Siang,Tuting,Arunachal Pradesh,True,28.9360701,95.0104597,-0.3536974539357384,75,0.2518185107078817,12,-0.23722819427290204,73,0.3341740706894134,12,-0.3328858319226545,86,0.21606295873721443,12
166,Pango,Upper Siang,Tuting,Arunachal Pradesh,True,28.8870297,94.7578559,-0.26741645808071873,148,0.3387197834122312,12,-0.2605580632944079,146,0.31474908541192065,12,-0.24303572875504875,171,0.2513141004921316,12
167,Pekong,Upper Siang,Tuting,Arunachal Pradesh,True,28.9878787,94.8919255,-0.1736016654470817,74,0.3522089867131938,12,-0.2153123039942071,73,0.5522293124323145,12,-0.1809413117903125,86,0.5192830704334306,12
168,Pekong,Upper Siang,Tuting,Arunachal Pradesh,True,28.9878787,94.8919255,-0.1736016654470817,74,0.3522089867131938,12,-0.2153123039942071,73,0.5522293124323145,12,-0.1809413117903125,86,0.5192830704334306,12
169,Pokbir,Upper Siang,Tuting,Arunachal Pradesh,True,28.963981,94.9375517,-0.2369954303897921,74,0.2684561746119142,12,-0.29645230122045935,73,0.2798909031518615,12,-0.23440694768783715,86,0.260356623150728,12
170,Rishing,Upper Siang,Tuting,Arunachal Pradesh,True,28.9984023,94.8852907,-0.13347240595182167,74,0.461296819009558,12,-0.2688808061420892,73,0.6694901700942747,12,-0.15398028481056933,86,0.5071700069808853,12
171,Tenggo,Upper Siang,Tuting,Arunachal Pradesh,True,29.0668244,94.478654,-0.24292810219334496,74,0.31940029423363164,12,-0.2544919900782692,73,0.28017475840863804,12,-0.26485325356378026,86,0.2599117010173945,12
172,Dadu,Upper Subansiri,Limeking,Arunachal Pradesh,True,28.3625828,93.5395735,-0.18407236511854042,74,0.3138710842277463,12,-0.24853787875058722,74,0.3171445687172821,12,-0.19404527102698232,87,0.1901593038555008,12
173,Gumsing,Upper Subansiri,Limeking,Arunachal Pradesh,True,28.4321817,93.2172532,-0.027608356323552345,146,0.3245414357817634,12,-0.21447645055040673,144,0.3920165811454394,12,-0.13349644761434393,169,0.31060220839568925,12
174,Lingbing,Upper Subansiri,Limeking,Arunachal Pradesh,True,28.4367283,93.2151175,-0.04852372079700116,146,0.34618377846729415,12,-0.2050386225659784,144,0.4321109348246067,12,-0.1615784378376101,169,0.38888153233143935,12
175,Redding,Upper Subansiri,Limeking,Arunachal Pradesh,True,28.4851077,93.4621565,-0.24007583760237225,148,0.3082265217330574,12,-0.2371551856502934,144,0.3107394008675991,12,-0.2694620574695772,170,0.3650883986475718,12
176,Redding Camp,Upper Subansiri,Limeking,Arunachal Pradesh,True,28.4851077,93.4621565,-0.24007583760237225,148,0.3082265217330574,12,-0.2371551856502934,144,0.3107394008675991,12,-0.2694620574695772,170,0.3650883986475718,12
177,Taying,Upper Subansiri,Limeking,Arunachal Pradesh,True,28.4321817,93.2172532,-0.027608356323552345,146,0.3245414357817634,12,-0.21447645055040673,144,0.3920165811454394,12,-0.13349644761434393,169,0.31060220839568925,12
178,Yaja,Upper Subansiri,Limeking,Arunachal Pradesh,True,28.4354329,93.2468461,-0.03133323659526156,146,0.3405072458478785,12,-0.19596987345583303,144,0.3193162335467046,12,-0.1370981723360891,169,0.2436315456660695,12
179,Chokar,Upper Subansiri,Nacho,Arunachal Pradesh,True,28.4279157,93.8094041,-0.24703516641038847,73,0.3127046291033426,12,-0.2145830269827147,74,0.2859296334617668,12,-0.27069060496316094,84,0.19826851843131912,12
180,Jerigaon,West Kameng,Nafra,Arunachal Pradesh,True,27.3403204,92.4726477,-0.01437814104621646,73,0.49538690470425145,12,-0.17233776887143326,70,0.5489267073571682,12,-0.06610105171835068,84,0.5382803232142968,12
181,Khellong,West Kameng,Nafra,Arunachal Pradesh,True,27.0133852,92.4145185,-0.3124033421794297,72,0.3000765237602649,12,-0.3650841482412798,70,0.40891657183979285,12,-0.3403018886616951,85,0.35048805829659024,12
182,Gatam,Kra daadi,Pipsorang,Arunachal Pradesh,True,28.0979458,93.6001405,-0.2905407310793287,73,0.31733613807833594,12,-0.2980432027551581,73,0.34469195413455533,12,-0.30681482273564986,85,0.26993632604566853,12
183,Habak,Kra daadi,Pipsorang,Arunachal Pradesh,True,28.1084846,93.5827385,-0.28531356648621015,73,0.2870968431067866,12,-0.3096105455018549,73,0.23041899011121786,12,-0.31095048359953215,85,0.28149720543589674,12
184,Hapuk (I),Kra daadi,Pipsorang,Arunachal Pradesh,True,28.0967863,93.5839299,-0.29845137823636014,73,0.3004199552361296,12,-0.3116510005882693,73,0.29578823783553576,12,-0.3266563683162942,85,0.2644889171591203,12
185,Kokso,Kra daadi,Pipsorang,Arunachal Pradesh,True,28.0838152,93.6115937,-0.27179147328271963,73,0.2921400450346039,12,-0.279169184042308,73,0.2926443635881015,12,-0.2922880416960824,85,0.26148200031742874,12
186,Richik,Kra daadi,Pipsorang,Arunachal Pradesh,True,28.064816,93.6543383,-0.2254200887729911,73,0.30567714541849467,12,-0.2650071097620752,73,0.24169846810609535,12,-0.2599975672449295,85,0.27350730091902015,12
187,Chungthang,North,Chungthang,Sikkim,True,27.604236,88.6465196,-0.09319700997322351,73,1.0351106918283872,12,-0.1251340055607188,73,1.3904863792205495,12,-0.10621249722162672,87,1.6991583488083308,12
188,Tung,North,Chungthang,Sikkim,True,27.5475,88.6493,-0.18928183655874134,73,0.3675817576140465,12,-0.21953191201648778,73,0.4018413251392552,12,-0.19557348729311086,87,0.3519908902105547,12
189,Chawang,North,Kabi Tingda,Sikkim,True,27.4415,88.5992,-0.21764166746314542,73,0.4049126295521939,12,-0.25816467683030386,74,0.34941750428856694,12,-0.25734633313149413,87,0.3742286746706205,12
190,Labi,North,Kabi Tingda,Sikkim,True,27.4373,88.6584,-0.1832462840530249,73,0.3511868972157051,12,-0.22983337091101902,74,0.32037305261085186,12,-0.21873150849495346,87,0.3593346281080841,12
191,Paney-Phensong,North,Kabi Tingda,Sikkim,True,27.4340487,88.6127695,-0.19007668399531122,73,0.4081720429347275,12,-0.23158087909395988,74,0.3753096012769472,12,-0.21646002747879997,87,0.41906192086562427,12
192,Phamtam,North,Kabi Tingda,Sikkim,True,27.4557,88.61,-0.19439484858585898,73,0.3533810782298613,12,-0.25233819767707494,74,0.29707771583219583,12,-0.24247572058865563,87,0.33969569641552605,12
193,Phodong,North,Kabi Tingda,Sikkim,True,27.4130306,88.5838702,-0.22550604766844576,73,0.6528037040252387,12,-0.2560328294324111,74,0.6298893863090113,12,-0.25964686664875075,87,0.9851003040478925,12
194,Ramthang,North,Kabi Tingda,Sikkim,True,27.4039854,88.550947,-0.22062276039304493,73,0.44296933290113444,12,-0.22819349813720796,74,0.39066027787684315,12,-0.2394983449872368,87,0.4838083166772033,12
195,Rongong,North,Kabi Tingda,Sikkim,True,27.4092,88.5635,-0.24143470874771272,73,0.43697636794032796,12,-0.2538002464615482,74,0.38561569942560575,12,-0.2674789907887181,87,0.4377139183759157,12
196,Tangyek,North,Kabi Tingda,Sikkim,True,27.4207,88.527,-0.201646455497565,73,0.5131364675286918,12,-0.2265412890998969,74,0.44790307877436536,12,-0.22451534271027987,87,0.45709130161256434,12
197,Tingchim,North,Kabi Tingda,Sikkim,True,27.4607586,88.5277316,-0.20728748600343258,73,0.5231172891310703,12,-0.2035965083294255,74,0.4782267128912822,12,-0.23001028970910795,87,0.5701964196532664,12
198,Tingda,North,Kabi Tingda,Sikkim,True,27.3957,88.6272,-0.20867535988335126,73,0.49805027606101016,12,-0.21966666964500411,74,0.4630130362244293,12,-0.23331540136194714,87,0.4889459964949326,12
199,Tumlong,North,Kabi Tingda,Sikkim,True,27.4198712,88.5898311,-0.20428785152221463,73,0.4637639125962565,12,-0.2449006750549517,74,0.4058212649848785,12,-0.23581022952377753,87,0.4822262450554853,12
200,Lachen,North,Lachen,Sikkim,True,27.7305455,88.5469054,0.023042427037468775,73,1.2165745952100093,12,-0.18779768088159515,73,0.8163802021382643,12,-0.014846987187312314,87,0.6587425638322852,12
201,Lachung,North,Lachung,Sikkim,True,27.7794,88.7152648,-0.25364916704156293,73,0.36615384814465457,12,-0.28459694521194473,72,0.3762569655409891,12,-0.2947281901199092,87,0.33264864540950645,12
202,Barfok,North,Passingdang,Sikkim,True,27.4977,88.491,-0.2692117341040262,73,0.36080404707228514,12,-0.2293751808601387,74,0.2684826112928845,12,-0.29927233085163923,87,0.34296484889627304,12
203,Gor,North,Passingdang,Sikkim,True,27.4302826,88.4984203,-0.22591783555068895,73,0.38228837520085934,12,-0.22777821625615835,74,0.34253762040127483,12,-0.24754071436014913,87,0.3712593995152424,12
204,Hee-Gyathang,North,Passingdang,Sikkim,True,27.4816,88.4991,-0.24873133380535972,73,0.3942998203818358,12,-0.22835312845993108,74,0.33926908953229806,12,-0.26659552083694177,87,0.3754096815039991,12
205,Lingdem,North,Passingdang,Sikkim,True,27.5494817,88.4569319,-0.17838815203662228,73,0.3240089570020908,12,-0.20780584406370406,73,0.33428424863772593,12,-0.22960214643897633,87,0.3362653943953029,12
206,Lingdong,North,Passingdang,Sikkim,True,27.5073091,88.5194632,-0.17865478311904306,73,0.41055492653130954,12,-0.21779156312193515,74,0.3689080052935512,12,-0.23540878029907925,87,0.4377144446625937,12
207,Lingthem,North,Passingdang,Sikkim,True,27.5224732,88.5014686,-0.1928455262281954,73,0.41605530780136707,12,-0.21102798257626992,74,0.34115312213149607,12,-0.22650053363576042,87,0.42798250301427815,12
208,Lingzah-Tolung,North,Passingdang,Sikkim,True,27.571,88.4466,-0.1987996805717156,73,0.3423501699666733,12,-0.18608862599270098,73,0.31272659592173335,12,-0.22502895362940528,87,0.34574824263993964,12
209,Lum,North,Passingdang,Sikkim,True,27.394,88.48,-0.28325610475569984,73,0.3653029470102365,12,-0.25368394417190177,74,0.3203122670151777,12,-0.3026646215021164,87,0.3941946349354665,12
210,Namok,North,Passingdang,Sikkim,True,27.4504654,88.5375829,-0.2169711272559253,73,0.4092519645012404,12,-0.23170017121072597,74,0.4058755227899927,12,-0.2378611401347135,87,0.49548836965931015,12
211,Sakyong-Pentong,North,Passingdang,Sikkim,True,27.5797,88.4049,-0.18700060620657935,73,0.3334268719430954,12,-0.21395259782297074,73,0.31448223416497106,12,-0.21295581538242989,87,0.31776832939545846,12
212,Salim Pakel,North,Passingdang,Sikkim,True,27.5379,88.5518,-0.24219370117170466,73,0.45719351467159064,12,-0.2561958529343454,73,0.40153981126017046,12,-0.2904183825694919,87,0.40506758699814477,12
213,Sangtok,North,Passingdang,Sikkim,True,27.4091,88.504,-0.23329636082628982,73,0.427768087259696,12,-0.241673000289128,74,0.3699803119368173,12,-0.24705881809423172,87,0.4301649770197638,12
214,Sheyam,North,Passingdang,Sikkim,True,27.4367,88.528,-0.18734457884902553,73,0.470827745159245,12,-0.2224492760314163,74,0.47004096854332433,12,-0.23046687641333405,87,0.45269740187256025,12
215,Shipgyer,North,Passingdang,Sikkim,True,27.5544461,88.6336147,-0.1938245482246021,73,0.3855627830818768,12,-0.26858603279636944,72,0.37645078612263927,12,-0.24792047855888164,87,0.3894221274291768,12
216,Tingbong,North,Passingdang,Sikkim,True,27.5524,88.4984,-0.2258666984881385,73,0.38053578101885865,12,-0.2511088696609944,73,0.3518502035316027,12,-0.2707015299872931,87,0.3615888040243453,12
217,Zimchung,North,Passingdang,Sikkim,True,27.4903,88.5321,-0.16914022383527544,73,0.5537121205618887,12,-0.18257492879482606,74,0.5235699505182495,12,-0.20381784667459144,87,0.7471053263153692,12
218,Bampa,Chamoli,Joshimath,Uttarakhand,True,30.7436664,79.8297153,-0.007522763013546066,73,0.38245600144025577,12,-0.10921964897911533,73,0.4843741046457455,12,-0.03927972814195518,87,0.5278188010741924,12
219,Gamsali,Chamoli,Joshimath,Uttarakhand,True,30.7559986,79.8261873,0.07517968293608578,73,0.40551530825125204,12,-0.04345455379581952,73,0.5471396361814963,12,0.04536213024537068,87,0.6807738629869513,12
220,Gurguti,Chamoli,Joshimath,Uttarakhand,True,30.7738,79.8758,0.005445110696492246,73,0.37080051458116703,12,-0.042870501379799315,73,0.43421407122189426,12,-0.0035679843962743013,87,0.4286369430288445,12
221,Joshimath,Chamoli,Joshimath,Uttarakhand,True,30.5555752,79.5612607,-0.01187434020961289,73,10.475582501391889,12,-0.07277501495162605,73,12.212739908450885,12,-0.026439987313030627,87,18.45351125764487,12
222,Kailashpur,Chamoli,Joshimath,Uttarakhand,True,30.7148,79.8639,0.01764682180757201,146,0.3491447350304378,12,-0.027963491997115942,146,0.4119225164646642,12,0.0020987369380618052,174,0.44575932380138783,12
223,Mahargaon,Chamoli,Joshimath,Uttarakhand,True,30.4061118,79.4205814,-0.0979783998808257,73,1.0268551957411842,12,-0.13761720816565723,73,1.2683014923757543,12,-0.12569270366357607,85,1.5816912612628413,12
224,Malari,Chamoli,Joshimath,Uttarakhand,True,30.6845508,79.8893688,0.013407787552581714,146,0.43189774635837597,12,-0.06301532779746526,146,0.5360262047450616,12,-0.00455395343320684,174,0.6881595727658167,12
225,Mana,Chamoli,Joshimath,Uttarakhand,True,30.9671228,79.4109692,-0.7208832196784446,73,0.398119171364333,12,-0.51769314164103,73,0.4630609234494547,12,-0.4026394897128121,85,0.5007921099662781,12
226,Bilju,Pithoragarh,Munsyari,Uttarakhand,True,30.3949398,80.1659059,-0.009651373856223557,73,0.36069112212761595,12,-0.15787911764471182,73,0.42019293049107426,12,-0.012702244201748283,86,0.45185145013358274,12
227,Burphu,Pithoragarh,Munsyari,Uttarakhand,True,30.3666548,80.1842308,-0.03784164274870724,73,0.342085621196012,12,-0.15703146195268614,73,0.4272310641214954,12,-0.04187814146752737,86,0.4479070594033347,12
228,Martoli,Pithoragarh,Munsyari,Uttarakhand,True,30.3482498,80.1931552,-0.03958335765027064,73,0.35223804539944753,12,-0.20693574614106686,73,0.43831324926603005,12,-0.03705168524136146,86,0.43709474769375006,12
229,Rilkot,Pithoragarh,Munsyari,Uttarakhand,True,30.3104468,80.2080315,-0.07238760563289767,73,0.3704980037204572,12,-0.16994938538819987,73,0.44848690870153995,12,-0.07658954910122304,86,0.45017448369913304,12
230,Tola,Pithoragarh,Munsyari,Uttarakhand,True,30.3356863,80.2121168,-0.1046044868408311,73,0.344724632508081,12,-0.21030470859835623,73,0.4403922068360059,12,-0.10203361573775001,86,0.42813858940549515,12
231,Baling,Pithoragarh,Dharchula or Kanalichhina (unresolved),Uttarakhand,True,30.2092254,80.5479905,-0.19564392501649727,73,0.3768138303012786,12,-0.24756508021049897,73,0.45632809574916583,12,-0.1483903661735939,85,0.4787296842973385,12
232,Dar,Pithoragarh,Dharchula or Kanalichhina (unresolved),Uttarakhand,True,30.069216,80.602947,0.011130523357105957,73,0.36585439427213357,12,-0.0936914989105026,73,0.420143764588859,12,-0.047543140189241793,87,0.482696882381544,12
233,Dugtu,Pithoragarh,Dharchula or Kanalichhina (unresolved),Uttarakhand,True,30.21,80.5679,-0.04032502173647856,73,0.33538784919271875,12,-0.17402578258837514,73,0.3663172428419509,12,0.005884914960152856,85,0.4049935946741952,12
234,Garbyang,Pithoragarh,Dharchula or Kanalichhina (unresolved),Uttarakhand,True,30.1251387,80.8575277,0.058553834042196634,144,0.3313349662846281,12,0.014074748897553903,146,0.4096692153125709,12,0.04590333133663469,172,0.43179298233699903,12
235,Gunji,Pithoragarh,Dharchula or Kanalichhina (unresolved),Uttarakhand,True,30.1865763,80.8508108,-0.010920705729671066,143,0.3464293494608421,12,-0.06649366116860736,138,0.44515516002624733,12,0.0021487361617315314,167,0.5311372806313004,12
236,Kuti,Pithoragarh,Dharchula or Kanalichhina (unresolved),Uttarakhand,True,30.3078792,80.7599224,-0.12192062739253738,73,0.3849654612390399,12,-0.12409932626112144,73,0.4585059981959727,12,-0.010499654305076598,86,0.6818438681937357,12
237,Navi,Pithoragarh,Dharchula or Kanalichhina (unresolved),Uttarakhand,True,30.2049725,80.8373063,0.04118875895991036,82,0.34950770363949313,12,-0.03202580202119756,82,0.4212605433233238,12,0.04819116851938871,105,0.5484002580737124,12
238,Rongkong (Raung Kong),Pithoragarh,Dharchula or Kanalichhina (unresolved),Uttarakhand,True,30.2033451,80.8316381,-0.12899231861221735,77,0.34353914117602824,12,-0.1494847089890187,74,0.40622289874719286,12,-0.10173180384456829,89,0.5425055210356413,12
239,Sela,Pithoragarh,Dharchula or Kanalichhina (unresolved),Uttarakhand,True,30.1472581,80.6056591,0.005332621445336216,73,0.3374286414697587,12,-0.11621046554524547,73,0.3668468659651659,12,-0.03536641130703826,86,0.43463867650859045,12
240,Tidang,Pithoragarh,Dharchula or Kanalichhina (unresolved),Uttarakhand,True,30.246,80.5487,-0.13723086946599847,73,0.4171151072939456,12,-0.17879234246011555,73,0.5538729286984185,12,-0.09215426249979548,86,0.5517762421244415,12
241,Amali,Pithoragarh,Dharchula or Kanalichhina (unresolved),Uttarakhand,True,29.7039,80.3278,-0.09725175550333963,73,0.5523153189163021,12,-0.15295282255190776,73,0.49664665267326946,12,-0.14709120404556503,88,0.542252542540496,12
242,Bagori,Uttarkashi,Bhatwari,Uttarakhand,True,30.7702443,78.4746317,-0.15376947462199628,135,0.439026720022716,12,-0.18664668774814938,134,0.4999151359658328,12,-0.13152963910898585,156,0.6211673848871807,12
243,Dharali,Uttarkashi,Bhatwari,Uttarakhand,True,31.0408468,78.7815312,-0.04722394000606318,145,0.6082065744564628,12,-0.1381151934115953,146,0.7945208517993281,12,-0.04379363340301049,172,1.8021089676385815,12
244,Harshil,Uttarkashi,Bhatwari,Uttarakhand,True,31.0350501,78.7572289,-0.16731210157572346,145,0.6565877306640983,12,-0.18952983071704713,146,1.0357490072850903,12,-0.1647679143692705,172,1.4375098561316695,12
245,Jadung,Uttarkashi,Bhatwari,Uttarakhand,True,31.1648,79.0397,-0.6050628819820923,146,0.36787455482508546,12,-0.2220747815212791,147,0.43015501758744634,12,-0.1247937229107269,170,0.44049910111452945,12
246,Jaspur,Uttarkashi,Bhatwari,Uttarakhand,True,30.727214,78.4636435,-0.27623034273146463,135,1.3381352707955816,12,-0.3045035393175093,134,1.5084702749241874,12,-0.2666259461129426,156,2.0397216072479445,12
247,Jhala,Uttarkashi,Bhatwari,Uttarakhand,True,31.0248573,78.7101354,0.034285258626130216,145,0.5426675583543003,12,-0.10895209208207109,146,0.6692333365131068,12,0.009908836154689226,172,0.9575180136835252,12
248,Mukhawa,Uttarkashi,Bhatwari,Uttarakhand,True,31.0542,78.7901,0.008669454238978231,145,0.3535463702089677,12,-0.07358749694659633,146,0.3758870336346161,12,0.01641673284700501,172,0.4256802667992713,12
249,Nelang,Uttarkashi,Bhatwari,Uttarakhand,True,31.121954,79.0304088,0.0732464142694052,146,0.3427681482819799,12,0.04056104965792557,147,0.42559949325585295,12,0.0859740127693107,170,0.38463073313429963,12
250,Purali,Uttarkashi,Bhatwari,Uttarakhand,True,31.0299258,78.7099965,0.02843572161775845,145,0.4952801681531442,12,-0.11768077695744233,146,0.6126315221270999,12,0.001370604911311383,172,0.7349828706560907,12
251,Sukki,Uttarkashi,Bhatwari,Uttarakhand,True,31.014,78.7108,-0.046130608925263175,145,0.6155503963539175,12,-0.12955098266968607,146,0.7695878749656365,12,-0.04461125291388822,172,1.1012308842880756,12
252,Chhitkul,Kinnaur,Unknown,Himachal Pradesh,False,31.3881,78.46219,-0.6005662127378916,74,0.397849311506183,12,-0.49971163738673524,73,0.4435919462542595,12,-0.3705440142948833,86,0.4605827956813677,12
253,Pooh,Kinnaur,Unknown,Himachal Pradesh,False,31.76159,78.5839324,-0.0030282418278378687,74,0.7567564906788993,12,-0.022824061050286122,73,1.0074662104996444,12,0.004783339280110618,86,1.0949190782508322,12
254,Nako,Kinnaur,Unknown,Himachal Pradesh,False,31.8813748,78.6270483,0.07454875481991385,75,0.5106457593548336,12,0.026405040561383857,73,0.6631582644463608,12,0.06879563179817257,87,0.6997293799891989,12
255,Leo,Kinnaur,Unknown,Himachal Pradesh,False,31.8839167,78.5935199,-0.019025825215548058,75,0.49122732422903986,12,-0.06456567943986484,73,0.6252089833309963,12,-0.031566300787872245,87,0.6104437966166082,12
256,Chango,Kinnaur,Unknown,Himachal Pradesh,False,31.9777573,78.5944015,-0.0565994907505539,74,0.6610374380541814,12,-0.10616454069580689,73,0.7583652892178748,12,-0.05463705200319307,86,0.7478035108223005,12
257,Gue,Lahaul and Spiti,Unknown,Himachal Pradesh,False,32.1310531,78.5697113,-0.059998502953950726,73,0.4197027538042919,12,-0.14288171280170586,73,0.5315914714032678,12,-0.0796030983293001,85,0.5338623534468835,12
258,Lalung,Lahaul and Spiti,Unknown,Himachal Pradesh,False,32.14927,78.27071,-0.23918139971124922,146,0.3596558591481801,12,-0.02624539258252219,146,0.41507658194851227,12,-0.021680103899761608,171,0.39857026763864456,12
