village_id,village,district,block,state,is_core_sample,latitude,longitude,built_2019,built_2019_image_count
1,Metengliang,Anjaw,Chaglagam,Arunachal Pradesh,True,28.2053139,96.5325529,0.09684075951886766,15
2,Chipra,Anjaw,Chaglagam,Arunachal Pradesh,True,28.2687337,96.564114,0.0533170553253566,15
3,Mithumna,Anjaw,Chaglagam,Arunachal Pradesh,True,28.2346775,96.535261,0.03878165939723025,15
4,Pailiang,Anjaw,Chaglagam,Arunachal Pradesh,True,28.1966606,96.5083691,0.04823641104201587,15
5,Glotong,Anjaw,Hayuliang,Arunachal Pradesh,True,28.2051645,96.6850333,0.03215647325928392,15
6,Hayuliang,Anjaw,Hayuliang,Arunachal Pradesh,True,28.081317,96.5236674,0.22401700910190692,15
7,Keletong,Anjaw,Hayuliang,Arunachal Pradesh,True,28.123006,96.6192583,0.03382264164052795,15
8,Kongra(Metung),Anjaw,Hayuliang,Arunachal Pradesh,True,28.0695862,96.5735857,0.034490006407073844,15
9,Zapaliang,Anjaw,Hayuliang,Arunachal Pradesh,True,28.009235,96.4411122,0.034368459362775335,15
10,Chenguinty,Anjaw,Walong,Arunachal Pradesh,True,27.8858991,96.8520327,0.036236190149559595,28
11,Dhanbari,Anjaw,Walong,Arunachal Pradesh,True,28.0078075,96.6214266,0.03140537556445555,15
12,Dong,Anjaw,Walong,Arunachal Pradesh,True,28.1679203,97.0389469,0.038603755426174696,21
13,Gong,Anjaw,Walong,Arunachal Pradesh,True,28.1700892,97.0008029,0.031031819390173833,21
14,Hot Spring,Anjaw,Walong,Arunachal Pradesh,True,28.2928975,97.1638576,0.03765548274108694,6
15,Hunung,Anjaw,Walong,Arunachal Pradesh,True,27.8741289,96.9451026,0.03694232758622565,28
16,Kaho,Anjaw,Walong,Arunachal Pradesh,True,28.3034238,97.0250574,0.05957899767938315,21
17,Khrawit,Anjaw,Walong,Arunachal Pradesh,True,27.9044705,96.9437389,0.03636736758372845,28
18,Krowti,Anjaw,Walong,Arunachal Pradesh,True,28.2354088,97.0273216,0.08854035013386577,21
19,Krowti Labour Camp,Anjaw,Walong,Arunachal Pradesh,True,28.2318311,97.0285584,0.10119672403073507,21
20,Kundan,Anjaw,Walong,Arunachal Pradesh,True,28.2425043,97.0254063,0.06224334612193494,21
21,Musai,Anjaw,Walong,Arunachal Pradesh,True,28.2588294,97.0287424,0.0837934379816709,21
22,Samdul,Anjaw,Walong,Arunachal Pradesh,True,27.8858936,96.9223997,0.037496344106270715,28
23,Supkung,Anjaw,Walong,Arunachal Pradesh,True,28.1588813,97.0363709,0.058321167842813076,21
24,Walong,Anjaw,Walong,Arunachal Pradesh,True,28.1294938,97.0166444,0.2038797743171615,21
25,Yakung,Anjaw,Walong,Arunachal Pradesh,True,28.1997526,97.0263468,0.05658154278973231,21
26,Achali,Dibang Valley,Anini-Mipi,Arunachal Pradesh,True,28.8429461,95.9704783,0.03725803217175046,101
27,Achengo,Dibang Valley,Anini-Mipi,Arunachal Pradesh,True,28.8238506,95.9428387,0.059870369795577125,101
28,Acheso,Dibang Valley,Anini-Mipi,Arunachal Pradesh,True,28.9263772,95.97448,0.048203234941375614,28
29,Alinye,Dibang Valley,Anini-Mipi,Arunachal Pradesh,True,28.8346828,95.9628967,0.10979875279523682,101
30,Angrim Valley,Dibang Valley,Anini-Mipi,Arunachal Pradesh,True,28.8842816,95.9786208,0.07927372493427715,101
31,Aropo,Dibang Valley,Anini-Mipi,Arunachal Pradesh,True,28.8230901,95.9397069,0.06604969362158665,101
32,Atoto,Dibang Valley,Anini-Mipi,Arunachal Pradesh,True,28.8355826,95.9647411,0.09159636318875419,101
33,Echito,Dibang Valley,Anini-Mipi,Arunachal Pradesh,True,28.9291593,95.9752771,0.05584427378024645,28
34,Ediya,Dibang Valley,Anini-Mipi,Arunachal Pradesh,True,28.9638191,95.8076515,0.040524335429592225,22
35,Emuli,Dibang Valley,Anini-Mipi,Arunachal Pradesh,True,28.8871158,95.8356573,0.03652579765834699,63
36,Gipulin,Dibang Valley,Anini-Mipi,Arunachal Pradesh,True,28.8479222,95.9666253,0.06880510342155369,101
37,Kamuyi,Dibang Valley,Anini-Mipi,Arunachal Pradesh,True,28.9926912,95.8050502,0.03466187218928376,22
38,Mipi H.Q.,Dibang Valley,Anini-Mipi,Arunachal Pradesh,True,28.9641685,95.8081308,0.04160700304821435,22
39,Mipido,Dibang Valley,Anini-Mipi,Arunachal Pradesh,True,28.950424,95.8144355,0.049752487865310085,22
40,Etalin Bridge Point,Dibang Valley,Etalin-Malinye,Arunachal Pradesh,True,28.6094048,95.8703668,0.07218934722332085,41
41,Maliney,Dibang Valley,Etalin-Malinye,Arunachal Pradesh,True,28.6750197,96.1532235,0.1159994313441491,73
42,Mawali,Dibang Valley,Etalin-Malinye,Arunachal Pradesh,True,28.6599698,96.0170217,0.03887573079324868,73
43,Punli,Dibang Valley,Etalin-Malinye,Arunachal Pradesh,True,28.6565904,95.8520788,0.04127508497722597,41
44,Lengdi/Liang,East Kameng,Bameng,Arunachal Pradesh,True,27.5376292,92.923885,0.03427375991788278,27
45,Upper Liyak,East Kameng,Bameng,Arunachal Pradesh,True,27.5337804,92.8465101,0.05784134929549925,27
46,Dao,East Kameng,Chayangtajo,Arunachal Pradesh,True,27.7832832,92.9383609,0.032104206751123965,27
47,Dara Yangfo,East Kameng,Chayangtajo,Arunachal Pradesh,True,27.732817,93.0487159,0.033602374187717325,62
48,Lamrah,East Kameng,Chayangtajo,Arunachal Pradesh,True,27.6967225,93.0373888,0.031124048084149335,62
49,Loto Yangfo,East Kameng,Chayangtajo,Arunachal Pradesh,True,27.7296573,93.059293,0.03776661995948424,62
50,Diya Sullung,East Kameng,Chayangtajo,Arunachal Pradesh,True,27.7760452,93.0124888,0.03335446663861083,62
51,Hara Yangfo,East Kameng,Chayangtajo,Arunachal Pradesh,True,27.751648,93.1327809,0.03413648138797036,35
52,Jayang Bagang,East Kameng,Chayangtajo,Arunachal Pradesh,True,27.7547367,93.1791026,0.05339877337410882,35
53,Kesse Bagang,East Kameng,Chayangtajo,Arunachal Pradesh,True,27.7809294,93.2034502,0.036490835021927785,35
54,Langchu Sullung,East Kameng,Chayangtajo,Arunachal Pradesh,True,27.7569534,92.9355132,0.03203995419315699,27
55,Nampe Bagang,East Kameng,Chayangtajo,Arunachal Pradesh,True,27.7140627,93.0313033,0.03204709169219385,62
56,Raro Sullung,East Kameng,Chayangtajo,Arunachal Pradesh,True,27.6890058,93.0717372,0.03323997607346794,62
57,Tamsang Yangfo,East Kameng,Chayangtajo,Arunachal Pradesh,True,27.6760974,93.0917894,0.04061326113619968,62
58,Warriam Sullung,East Kameng,Chayangtajo,Arunachal Pradesh,True,27.7279436,92.9802579,0.032638789509241595,27
59,Wallong,East Kameng,Khenewa,Arunachal Pradesh,True,27.6530641,92.9685879,0.03324556400633023,27
60,Chate,Kurung Kumey,Damin,Arunachal Pradesh,True,28.1191826,93.3236259,0.03392113804725527,10
61,Chulla,Kurung Kumey,Damin,Arunachal Pradesh,True,28.1242982,93.411274,0.034215600717711736,10
62,Damin H.Q.,Kurung Kumey,Damin,Arunachal Pradesh,True,28.1041982,93.3343841,0.11627978165769265,10
63,Damin Village,Kurung Kumey,Damin,Arunachal Pradesh,True,28.1050092,93.3443566,0.03262243065199149,10
64,Digok,Kurung Kumey,Damin,Arunachal Pradesh,True,28.1272533,93.3496878,0.03142806414502803,10
65,Fuba,Kurung Kumey,Damin,Arunachal Pradesh,True,28.1198537,93.3376816,0.033128005347847406,10
66,Huri,Kurung Kumey,Damin,Arunachal Pradesh,True,28.1095105,93.3045975,0.03599930188883569,10
67,Katuk,Kurung Kumey,Damin,Arunachal Pradesh,True,28.1189094,93.2501395,0.031807662582867796,10
68,Kopila,Kurung Kumey,Damin,Arunachal Pradesh,True,28.1092251,93.3088818,0.038292842222822344,10
69,Machang,Kurung Kumey,Damin,Arunachal Pradesh,True,28.0962492,93.3005705,0.03219338153962803,10
70,Nisuk,Kurung Kumey,Damin,Arunachal Pradesh,True,28.1081822,93.414929,0.031052887576933676,10
71,Pipa,Kurung Kumey,Damin,Arunachal Pradesh,True,28.0735847,93.283149,0.0325691410338533,10
72,Ramu,Kurung Kumey,Damin,Arunachal Pradesh,True,28.1084035,93.4191096,0.03095530680152479,10
73,Rane,Kurung Kumey,Damin,Arunachal Pradesh,True,28.1440384,93.3476122,0.033535278206657394,10
74,Rawiok,Kurung Kumey,Damin,Arunachal Pradesh,True,28.137739,93.3249207,0.03278194283716272,10
75,Ruba,Kurung Kumey,Damin,Arunachal Pradesh,True,28.1221707,93.2334312,0.03488044462259612,10
76,Senamriang,Kurung Kumey,Damin,Arunachal Pradesh,True,28.1320477,93.3191302,0.033929163966445776,10
77,Sibia,Kurung Kumey,Damin,Arunachal Pradesh,True,28.1070207,93.3012679,0.034508044202193104,10
78,Tarba,Kurung Kumey,Damin,Arunachal Pradesh,True,28.1607522,93.4195471,0.0333340308807425,10
79,Tokriang,Kurung Kumey,Damin,Arunachal Pradesh,True,28.1110736,93.3311986,0.03230214611053319,10
80,Yaso,Kurung Kumey,Damin,Arunachal Pradesh,True,28.1002726,93.3473375,0.03267769279158971,10
81,Buhan,Kurung Kumey,Koloriang,Arunachal Pradesh,True,27.8895447,93.283152,0.03400329697595833,35
82,Buyang,Kurung Kumey,Koloriang,Arunachal Pradesh,True,27.9419935,93.286116,0.04033060910305968,45
83,Buyang-II,Kurung Kumey,Koloriang,Arunachal Pradesh,True,27.9419935,93.286116,0.04033060910305968,45
84,Chello,Kurung Kumey,Koloriang,Arunachal Pradesh,True,27.8849215,93.291646,0.03898498661453538,35
85,Chimpu,Kurung Kumey,Koloriang,Arunachal Pradesh,True,27.9522411,93.2566277,0.03541006380625006,45
86,Chomi,Kurung Kumey,Koloriang,Arunachal Pradesh,True,27.955673,93.2595487,0.0369371882190973,45
87,Chote,Kurung Kumey,Koloriang,Arunachal Pradesh,True,27.9524396,93.2616596,0.036450844876909895,45
88,Kiodhriang,Kurung Kumey,Koloriang,Arunachal Pradesh,True,27.8581693,93.2541827,0.03266141697734713,35
89,Nangram,Kurung Kumey,Koloriang,Arunachal Pradesh,True,27.9071735,93.4387839,0.04366663575015889,27
90,Nyolo,Kurung Kumey,Koloriang,Arunachal Pradesh,True,27.9012651,93.3076219,0.03313323005741976,35
91,Pakba,Kurung Kumey,Koloriang,Arunachal Pradesh,True,27.8903622,93.3997806,0.03152313316958763,35
92,Papu,Kurung Kumey,Koloriang,Arunachal Pradesh,True,27.9111524,93.3917445,0.033647324138470394,35
93,Rengchi,Kurung Kumey,Koloriang,Arunachal Pradesh,True,27.8914093,93.4267781,0.03354087440983034,35
94,Tate,Kurung Kumey,Koloriang,Arunachal Pradesh,True,27.9539309,93.2699171,0.03383766004297244,45
95,Yumlam,Kurung Kumey,Koloriang,Arunachal Pradesh,True,27.8897958,93.4560068,0.054265363787259976,15
96,Cheba,Kurung Kumey,Parsi-Parlo,Arunachal Pradesh,True,28.0204954,93.4801015,0.03623360793737172,25
97,Dape,Kurung Kumey,Parsi-Parlo,Arunachal Pradesh,True,28.0305059,93.4762607,0.03261775734302616,10
98,Dare,Kurung Kumey,Parsi-Parlo,Arunachal Pradesh,True,28.040746,93.4566336,0.040232195534266595,10
99,Geyang,Kurung Kumey,Parsi-Parlo,Arunachal Pradesh,True,28.032302,93.4718342,0.05003359958739245,10
100,Gonang,Kurung Kumey,Parsi-Parlo,Arunachal Pradesh,True,27.9884834,93.5169908,0.13968170858506967,25
101,Nyokuriang,Kurung Kumey,Parsi-Parlo,Arunachal Pradesh,True,28.0062351,93.5622034,0.04348371383331955,25
102,Pachang,Kurung Kumey,Parsi-Parlo,Arunachal Pradesh,True,28.0250521,93.4720132,0.03740802697672243,25
103,Pado I,Kurung Kumey,Parsi-Parlo,Arunachal Pradesh,True,27.9756026,93.5757879,0.04697480860907924,25
104,Pagam,Kurung Kumey,Parsi-Parlo,Arunachal Pradesh,True,28.049312,93.4584998,0.03335022712710677,10
105,Pape,Kurung Kumey,Parsi-Parlo,Arunachal Pradesh,True,28.0129617,93.4902587,0.047775777508000876,25
106,Pariang,Kurung Kumey,Parsi-Parlo,Arunachal Pradesh,True,28.0328165,93.4803814,0.03146119587128141,10
107,Passik,Kurung Kumey,Parsi-Parlo,Arunachal Pradesh,True,28.0360017,93.4705453,0.041429837059318755,10
108,Pilop,Kurung Kumey,Parsi-Parlo,Arunachal Pradesh,True,28.004125,93.5674707,0.03667917555504274,25
109,Rashik,Kurung Kumey,Parsi-Parlo,Arunachal Pradesh,True,28.0080613,93.5508476,0.03396733959691803,25
110,Yarba-I,Kurung Kumey,Parsi-Parlo,Arunachal Pradesh,True,27.96349,93.5654022,0.04361743538352332,25
111,Bala,Kurung Kumey,Sarli,Arunachal Pradesh,True,27.9431025,93.1252507,0.03151677122648999,45
112,Chaching,Kurung Kumey,Sarli,Arunachal Pradesh,True,27.9375989,93.2339474,0.03368149813964819,45
113,Chulu,Kurung Kumey,Sarli,Arunachal Pradesh,True,27.8792111,93.0545229,0.03139879403972689,62
114,Gane,Kurung Kumey,Sarli,Arunachal Pradesh,True,27.9643147,93.0391329,0.0337011553386407,77
115,Haraiho,Kurung Kumey,Sarli,Arunachal Pradesh,True,27.9804475,93.1383943,0.03194412863596654,45
116,Kapu,Kurung Kumey,Sarli,Arunachal Pradesh,True,27.8879985,93.075251,0.04598609247222392,62
117,Koropu,Kurung Kumey,Sarli,Arunachal Pradesh,True,27.9899045,93.2023371,0.03500551669872848,45
118,Machane,Kurung Kumey,Sarli,Arunachal Pradesh,True,27.9220981,93.0770012,0.03390237098420351,62
119,Malo,Kurung Kumey,Sarli,Arunachal Pradesh,True,27.9563848,93.1153543,0.034835818394280536,45
120,Milli,Kurung Kumey,Sarli,Arunachal Pradesh,True,27.9506354,93.0574678,0.037836310282176,77
121,Namjo,Kurung Kumey,Sarli,Arunachal Pradesh,True,27.942996,93.1849686,0.031090568400682722,45
122,New Sarli,Kurung Kumey,Sarli,Arunachal Pradesh,True,27.9582217,93.1705235,0.04288635847034726,45
123,Riya,Kurung Kumey,Sarli,Arunachal Pradesh,True,27.8776779,93.0467319,0.03184832763556963,62
124,Sape,Kurung Kumey,Sarli,Arunachal Pradesh,True,27.9549291,93.1321419,0.04280989365302299,45
125,Sarli,Kurung Kumey,Sarli,Arunachal Pradesh,True,27.9525582,93.163373,0.17553944364738205,45
126,Sate,Kurung Kumey,Sarli,Arunachal Pradesh,True,27.9537376,93.1572444,0.12055799953527928,45
127,Wabia,Kurung Kumey,Sarli,Arunachal Pradesh,True,27.9413919,93.1360402,0.03262493252450388,45
128,Walu,Kurung Kumey,Sarli,Arunachal Pradesh,True,27.9413919,93.1360402,0.03262493252450388,45
129,Waru,Kurung Kumey,Sarli,Arunachal Pradesh,True,27.8852647,93.0448126,0.03631354136955807,62
130,Chanli,Lower Dibang,Hunli-Desali,Arunachal Pradesh,True,28.2923493,96.0296242,0.03398378520884177,73
131,Broxer,Tawang,Jang-Thingbu,Arunachal Pradesh,True,27.622647,91.9631993,0.04940827767256732,19
132,Luguthang,Tawang,Jang-Thingbu,Arunachal Pradesh,True,27.5948234,92.1857466,,12
133,Mago,Tawang,Jang-Thingbu,Arunachal Pradesh,True,27.6883395,92.2081099,,12
134,Namazing,Tawang,Jang-Thingbu,Arunachal Pradesh,True,27.5506261,91.9768197,0.043346364729413694,19
135,Rho,Tawang,Jang-Thingbu,Arunachal Pradesh,True,27.6141065,91.987227,0.09042216356836559,31
136,Kitpi,Tawang,Kitpi,Arunachal Pradesh,True,27.5731189,91.90284,0.2381132878734789,19
137,Kitpi II,Tawang,Kitpi,Arunachal Pradesh,True,27.5731189,91.90284,0.2381132878734789,19
138,Famla,Tawang,Tawang,Arunachal Pradesh,True,27.5612427,91.8523298,0.10590516797898213,19
139,Gyangong Ani Gompa,Tawang,Tawang,Arunachal Pradesh,True,27.6003059,91.8525209,0.049377553226249,19
140,Jangda,Tawang,Tawang,Arunachal Pradesh,True,27.5942319,91.9742379,0.1260056378214524,19
141,Mandrelling,Tawang,Tawang,Arunachal Pradesh,True,27.5952914,91.8697249,0.5736715797031345,19
142,Sakpret,Tawang,Tawang,Arunachal Pradesh,True,27.57568,91.79901,0.08221901471816245,19
143,Shyro,Tawang,Tawang,Arunachal Pradesh,True,27.5744459,91.9464757,0.04949674002328733,19
144,Singsore Ani Gompa,Tawang,Tawang,Arunachal Pradesh,True,27.5952914,91.8697249,0.5736715797031345,19
145,Tawang Gompa,Tawang,Tawang,Arunachal Pradesh,True,27.5866091,91.8573902,0.16045135178743314,19
146,Thongleng,Tawang,Tawang,Arunachal Pradesh,True,27.57294,91.79215,0.08727908604246219,19
147,Brokenthang,Tawang,Zemithang-Dudunghar,Arunachal Pradesh,True,27.7352592,91.724121,0.0687400944968946,19
148,Gorsam,Tawang,Zemithang-Dudunghar,Arunachal Pradesh,True,27.6973252,91.7142454,0.0677297715286084,19
149,Kharman,Tawang,Zemithang-Dudunghar,Arunachal Pradesh,True,27.691851,91.7463062,0.04170411457537254,19
150,Lumpo,Tawang,Zemithang-Dudunghar,Arunachal Pradesh,True,27.7204821,91.7144005,0.057675918375687314,19
151,Maling,Tawang,Zemithang-Dudunghar,Arunachal Pradesh,True,27.6350823,92.0693622,0.03392492273882678,31
152,Muktur,Tawang,Zemithang-Dudunghar,Arunachal Pradesh,True,27.5800562,91.6627629,0.04982183865839572,19
153,Ramyang,Tawang,Zemithang-Dudunghar,Arunachal Pradesh,True,27.514701,91.6549664,0.06967759384247098,19
154,Shakti,Tawang,Zemithang-Dudunghar,Arunachal Pradesh,True,27.61139,91.71387,0.06930218968342441,19
155,Shoktsen,Tawang,Zemithang-Dudunghar,Arunachal Pradesh,True,27.7416556,91.7318533,0.038549374719956016,19
156,Sirdi,Tawang,Zemithang-Dudunghar,Arunachal Pradesh,True,27.6466524,91.7230296,0.04216263046405865,19
157,Bishing,Upper Siang,Singa-Gelling,Arunachal Pradesh,True,29.1107736,95.0268102,0.037799199880179685,7
158,Bona,Upper Siang,Singa-Gelling,Arunachal Pradesh,True,29.0974164,94.9475348,0.0458445411694206,7
159,Mankota,Upper Siang,Singa-Gelling,Arunachal Pradesh,True,28.8878329,95.0759463,0.04947054931438556,49
160,Mayum,Upper Siang,Singa-Gelling,Arunachal Pradesh,True,29.0924208,94.9597907,0.03473640629660103,7
161,Tashi Gaon,Upper Siang,Singa-Gelling,Arunachal Pradesh,True,28.8743385,95.1028336,0.04073988211117049,49
162,Jido,Upper Siang,Tuting,Arunachal Pradesh,True,28.9820594,94.904882,0.05530205718659756,7
163,Lali,Upper Siang,Tuting,Arunachal Pradesh,True,29.0003932,94.8912175,0.19265334849875382,7
164,Ngaming,Upper Siang,Tuting,Arunachal Pradesh,True,28.9686342,94.9381419,0.09457940546095524,7
165,Nyering,Upper Siang,Tuting,Arunachal Pradesh,True,28.9360701,95.0104597,0.04681720023962908,7
166,Pango,Upper Siang,Tuting,Arunachal Pradesh,True,28.8870297,94.7578559,0.05632964429507122,19
167,Pekong,Upper Siang,Tuting,Arunachal Pradesh,True,28.9878787,94.8919255,0.255134939449541,7
168,Pekong,Upper Siang,Tuting,Arunachal Pradesh,True,28.9878787,94.8919255,0.255134939449541,7
169,Pokbir,Upper Siang,Tuting,Arunachal Pradesh,True,28.963981,94.9375517,0.06023228633251466,7
170,Rishing,Upper Siang,Tuting,Arunachal Pradesh,True,28.9984023,94.8852907,0.2406638815769287,7
171,Tenggo,Upper Siang,Tuting,Arunachal Pradesh,True,29.0668244,94.478654,0.03418815632827373,7
172,Dadu,Upper Subansiri,Limeking,Arunachal Pradesh,True,28.3625828,93.5395735,0.04367728444087025,10
173,Gumsing,Upper Subansiri,Limeking,Arunachal Pradesh,True,28.4321817,93.2172532,0.044018086795067315,10
174,Lingbing,Upper Subansiri,Limeking,Arunachal Pradesh,True,28.4367283,93.2151175,0.037680401498847604,10
175,Redding,Upper Subansiri,Limeking,Arunachal Pradesh,True,28.4851077,93.4621565,0.04286116284278997,10
176,Redding Camp,Upper Subansiri,Limeking,Arunachal Pradesh,True,28.4851077,93.4621565,0.04286116284278997,10
177,Taying,Upper Subansiri,Limeking,Arunachal Pradesh,True,28.4321817,93.2172532,0.044018086795067315,10
178,Yaja,Upper Subansiri,Limeking,Arunachal Pradesh,True,28.4354329,93.2468461,0.032996651702424315,10
179,Chokar,Upper Subansiri,Nacho,Arunachal Pradesh,True,28.4279157,93.8094041,0.03450147434222666,5
180,Jerigaon,West Kameng,Nafra,Arunachal Pradesh,True,27.3403204,92.4726477,0.12584873276587766,12
181,Khellong,West Kameng,Nafra,Arunachal Pradesh,True,27.0133852,92.4145185,0.03490773414365042,57
182,Gatam,Kra daadi,Pipsorang,Arunachal Pradesh,True,28.0979458,93.6001405,0.032383386837578784,10
183,Habak,Kra daadi,Pipsorang,Arunachal Pradesh,True,28.1084846,93.5827385,0.033019681151648494,10
184,Hapuk (I),Kra daadi,Pipsorang,Arunachal Pradesh,True,28.0967863,93.5839299,0.034775499552601494,10
185,Kokso,Kra daadi,Pipsorang,Arunachal Pradesh,True,28.0838152,93.6115937,0.0326573659222906,10
186,Richik,Kra daadi,Pipsorang,Arunachal Pradesh,True,28.064816,93.6543383,0.03441989534142224,10
187,Chungthang,North,Chungthang,Sikkim,True,27.604236,88.6465196,0.19564667133765434,3
188,Tung,North,Chungthang,Sikkim,True,27.5475,88.6493,0.04064034881711355,3
189,Chawang,North,Kabi Tingda,Sikkim,True,27.4415,88.5992,0.04534679142024172,3
190,Labi,North,Kabi Tingda,Sikkim,True,27.4373,88.6584,0.03025515582964846,3
191,Paney-Phensong,North,Kabi Tingda,Sikkim,True,27.4340487,88.6127695,0.07680375379930396,3
192,Phamtam,North,Kabi Tingda,Sikkim,True,27.4557,88.61,0.034811881439629586,3
193,Phodong,North,Kabi Tingda,Sikkim,True,27.4130306,88.5838702,0.09941636556949186,3
194,Ramthang,North,Kabi Tingda,Sikkim,True,27.4039854,88.550947,0.0636511949442552,3
195,Rongong,North,Kabi Tingda,Sikkim,True,27.4092,88.5635,0.04197813255846731,3
196,Tangyek,North,Kabi Tingda,Sikkim,True,27.4207,88.527,0.08896904092210355,3
197,Tingchim,North,Kabi Tingda,Sikkim,True,27.4607586,88.5277316,0.08045560102725566,3
198,Tingda,North,Kabi Tingda,Sikkim,True,27.3957,88.6272,0.07338862360410625,3
199,Tumlong,North,Kabi Tingda,Sikkim,True,27.4198712,88.5898311,0.10776041424125613,3
200,Lachen,North,Lachen,Sikkim,True,27.7305455,88.5469054,0.1751078006261342,3
201,Lachung,North,Lachung,Sikkim,True,27.7794,88.7152648,0.04010412883523021,3
202,Barfok,North,Passingdang,Sikkim,True,27.4977,88.491,0.03438050294594773,3
203,Gor,North,Passingdang,Sikkim,True,27.4302826,88.4984203,0.06149216269973519,3
204,Hee-Gyathang,North,Passingdang,Sikkim,True,27.4816,88.4991,0.03226385776613731,3
205,Lingdem,North,Passingdang,Sikkim,True,27.5494817,88.4569319,0.04985664429241296,3
206,Lingdong,North,Passingdang,Sikkim,True,27.5073091,88.5194632,0.07692997462304167,3
207,Lingthem,North,Passingdang,Sikkim,True,27.5224732,88.5014686,0.06049528249349912,3
208,Lingzah-Tolung,North,Passingdang,Sikkim,True,27.571,88.4466,0.03094701761935633,3
209,Lum,North,Passingdang,Sikkim,True,27.394,88.48,0.03792888710973434,3
210,Namok,North,Passingdang,Sikkim,True,27.4504654,88.5375829,0.04698037679676068,3
211,Sakyong-Pentong,North,Passingdang,Sikkim,True,27.5797,88.4049,0.03329640080363206,3
212,Salim Pakel,North,Passingdang,Sikkim,True,27.5379,88.5518,0.040544051877235227,3
213,Sangtok,North,Passingdang,Sikkim,True,27.4091,88.504,0.04026724572548871,3
214,Sheyam,North,Passingdang,Sikkim,True,27.4367,88.528,0.10776756836709467,3
215,Shipgyer,North,Passingdang,Sikkim,True,27.5544461,88.6336147,0.06501941321439765,3
216,Tingbong,North,Passingdang,Sikkim,True,27.5524,88.4984,0.033280340987302995,3
217,Zimchung,North,Passingdang,Sikkim,True,27.4903,88.5321,0.15804564939701854,3
218,Bampa,Chamoli,Joshimath,Uttarakhand,True,30.7436664,79.8297153,0.05162045382107234,2
219,Gamsali,Chamoli,Joshimath,Uttarakhand,True,30.7559986,79.8261873,0.037834357440027666,2
220,Gurguti,Chamoli,Joshimath,Uttarakhand,True,30.7738,79.8758,,2
221,Joshimath,Chamoli,Joshimath,Uttarakhand,True,30.5555752,79.5612607,0.5318334383728079,28
222,Kailashpur,Chamoli,Joshimath,Uttarakhand,True,30.7148,79.8639,0.03273280328364252,30
223,Mahargaon,Chamoli,Joshimath,Uttarakhand,True,30.4061118,79.4205814,0.09010989634275948,29
224,Malari,Chamoli,Joshimath,Uttarakhand,True,30.6845508,79.8893688,,30
225,Mana,Chamoli,Joshimath,Uttarakhand,True,30.9671228,79.4109692,0.058470722159232325,2
226,Bilju,Pithoragarh,Munsyari,Uttarakhand,True,30.3949398,80.1659059,0.038248820406783374,4
227,Burphu,Pithoragarh,Munsyari,Uttarakhand,True,30.3666548,80.1842308,0.04125177827346976,4
228,Martoli,Pithoragarh,Munsyari,Uttarakhand,True,30.3482498,80.1931552,0.05890529214558813,4
229,Rilkot,Pithoragarh,Munsyari,Uttarakhand,True,30.3104468,80.2080315,0.03967716214259713,4
230,Tola,Pithoragarh,Munsyari,Uttarakhand,True,30.3356863,80.2121168,0.04157394133684561,4
231,Baling,Pithoragarh,Dharchula or Kanalichhina (unresolved),Uttarakhand,True,30.2092254,80.5479905,0.04374891207693589,4
232,Dar,Pithoragarh,Dharchula or Kanalichhina (unresolved),Uttarakhand,True,30.069216,80.602947,0.0853971353949546,4
233,Dugtu,Pithoragarh,Dharchula or Kanalichhina (unresolved),Uttarakhand,True,30.21,80.5679,0.036025442980734186,4
234,Garbyang,Pithoragarh,Dharchula or Kanalichhina (unresolved),Uttarakhand,True,30.1251387,80.8575277,0.0571227196493891,7
235,Gunji,Pithoragarh,Dharchula or Kanalichhina (unresolved),Uttarakhand,True,30.1865763,80.8508108,0.05536611086974436,7
236,Kuti,Pithoragarh,Dharchula or Kanalichhina (unresolved),Uttarakhand,True,30.3078792,80.7599224,0.06104328554321584,7
237,Navi,Pithoragarh,Dharchula or Kanalichhina (unresolved),Uttarakhand,True,30.2049725,80.8373063,0.0606427571772146,7
238,Rongkong (Raung Kong),Pithoragarh,Dharchula or Kanalichhina (unresolved),Uttarakhand,True,30.2033451,80.8316381,0.043922356674239806,7
239,Sela,Pithoragarh,Dharchula or Kanalichhina (unresolved),Uttarakhand,True,30.1472581,80.6056591,0.04820320258124989,4
240,Tidang,Pithoragarh,Dharchula or Kanalichhina (unresolved),Uttarakhand,True,30.246,80.5487,0.06419915520644966,4
241,Amali,Pithoragarh,Dharchula or Kanalichhina (unresolved),Uttarakhand,True,29.7039,80.3278,0.045628508362155415,39
242,Bagori,Uttarkashi,Bhatwari,Uttarakhand,True,30.7702443,78.4746317,0.034901363561987205,11
243,Dharali,Uttarkashi,Bhatwari,Uttarakhand,True,31.0408468,78.7815312,0.12748705930715984,11
244,Harshil,Uttarkashi,Bhatwari,Uttarakhand,True,31.0350501,78.7572289,0.06585098227776923,11
245,Jadung,Uttarkashi,Bhatwari,Uttarakhand,True,31.1648,79.0397,0.03283442879842144,3
246,Jaspur,Uttarkashi,Bhatwari,Uttarakhand,True,30.727214,78.4636435,0.04232445116867065,11
247,Jhala,Uttarkashi,Bhatwari,Uttarakhand,True,31.0248573,78.7101354,0.12160737638021693,11
248,Mukhawa,Uttarkashi,Bhatwari,Uttarakhand,True,31.0542,78.7901,0.03152960287460361,11
249,Nelang,Uttarkashi,Bhatwari,Uttarakhand,True,31.121954,79.0304088,0.04137611213776105,3
250,Purali,Uttarkashi,Bhatwari,Uttarakhand,True,31.0299258,78.7099965,0.09282409657087617,11
251,Sukki,Uttarkashi,Bhatwari,Uttarakhand,True,31.014,78.7108,0.1419589880923362,11
252,Chhitkul,Kinnaur,Unknown,Himachal Pradesh,False,31.3881,78.46219,,11
253,Pooh,Kinnaur,Unknown,Himachal Pradesh,False,31.76159,78.5839324,0.22302858560944047,3
254,Nako,Kinnaur,Unknown,Himachal Pradesh,False,31.8813748,78.6270483,0.1439046917770201,3
255,Leo,Kinnaur,Unknown,Himachal Pradesh,False,31.8839167,78.5935199,0.09439833788992524,3
256,Chango,Kinnaur,Unknown,Himachal Pradesh,False,31.9777573,78.5944015,0.3092193458242128,3
257,Gue,Lahaul and Spiti,Unknown,Himachal Pradesh,False,32.1310531,78.5697113,0.09661491150792657,3
258,Lalung,Lahaul and Spiti,Unknown,Himachal Pradesh,False,32.14927,78.27071,0.037846376316153875,5
