village_id,village,district,block,state,is_core_sample,latitude,longitude,ndbi_2021,ndbi_n_2021,lights_2021,lights_n_2021,ndbi_2023,ndbi_n_2023,lights_2023,lights_n_2023,ndbi_2025,ndbi_n_2025,lights_2025,lights_n_2025,ndbi_slope,ndbi_trend_r2,lights_slope,lights_trend_r2
1,Metengliang,Anjaw,Chaglagam,Arunachal Pradesh,True,28.2053139,96.5325529,-0.2139028033382926,24,0.3386945694090257,4,-0.2643497400265926,24,0.2192599714430102,4,-0.2530490160511819,29,0.2662028824278626,4,-0.00978655317822233,0.5466408743882162,-0.018122921745290774,0.36286223977193816
2,Chipra,Anjaw,Chaglagam,Arunachal Pradesh,True,28.2687337,96.564114,-0.2264847171958869,24,0.2817972230745686,4,-0.2590298213744478,24,0.1682722203516298,4,-0.1989792965734346,29,0.0897611104945341,4,0.006876355155613072,0.20930738297463197,-0.048009028145008625,0.9890400740618496
3,Mithumna,Anjaw,Chaglagam,Arunachal Pradesh,True,28.2346775,96.535261,-0.2528194224685219,24,0.256412805919484,4,-0.2860684063002229,24,0.1127980129246416,4,-0.2657355763772654,29,0.146029252057307,4,-0.0032290384771858772,0.1484449958869911,-0.027595888465544255,0.5389150466099074
4,Pailiang,Anjaw,Chaglagam,Arunachal Pradesh,True,28.1966606,96.5083691,-0.2457797923896411,24,0.3047197234603855,4,-0.3026469068814077,24,0.1031754473767205,4,-0.2750297282325391,29,0.194644055976595,4,-0.007312483960724495,0.2644893128570654,-0.02751891687094762,0.29744698723259605
5,Glotong,Anjaw,Hayuliang,Arunachal Pradesh,True,28.2051645,96.6850333,-0.276436327358106,24,0.2952927884620588,4,-0.2686103495065006,24,0.1311936919065611,4,-0.2680745078974558,29,0.2101238782072926,4,0.002090454865162558,0.7978514983008759,-0.02129222756369155,0.26924063883310984
6,Hayuliang,Anjaw,Hayuliang,Arunachal Pradesh,True,28.081317,96.5236674,-0.0620204106506969,24,0.4249280884664143,4,-0.2376481341841098,24,0.4639131731757548,4,-0.0763418256812013,29,0.5441675815500517,4,-0.003580353757626102,0.005390832224628703,0.02980987327090936,0.9616037037631842
7,Keletong,Anjaw,Hayuliang,Arunachal Pradesh,True,28.123006,96.6192583,-0.2057175673852735,24,0.3101637135202956,4,-0.2749150570344958,24,0.1633740260320551,4,-0.2525151770868171,29,0.1641398451469846,4,-0.011699402425385898,0.4391706600074051,-0.03650596709332775,0.7460667483487123
8,Kongra(Metung),Anjaw,Hayuliang,Arunachal Pradesh,True,28.0695862,96.5735857,-0.2489019399559069,24,0.3673396015094708,4,-0.2859457989634528,24,0.2570768745072119,4,-0.2663573326577088,29,0.2729009938121369,4,-0.00436384817545047,0.2217926072942051,-0.023609651924333477,0.6272811295254389
9,Zapaliang,Anjaw,Hayuliang,Arunachal Pradesh,True,28.009235,96.4411122,-0.2256927385228842,24,0.3591123665986436,4,-0.3154854724383876,24,0.1612696689836095,4,-0.2567003443160368,29,0.2244016804219631,4,-0.007751901448288141,0.11556243721470637,-0.033677671544170125,0.4442389383897343
10,Chenguinty,Anjaw,Walong,Arunachal Pradesh,True,27.8858991,96.8520327,-0.2753600961835515,24,0.4024028742849231,4,-0.2603617623363168,24,0.329639286431303,4,-0.2554341358901372,29,0.346487244973569,4,0.004981490073353578,0.9215356600845905,-0.013978907327838533,0.5387550588284394
11,Dhanbari,Anjaw,Walong,Arunachal Pradesh,True,28.0078075,96.6214266,-0.247305063298806,48,0.0815770501217199,4,-0.2876417231226,48,0.2489273870103639,4,-0.2751264898937322,58,0.2494983380689324,4,-0.0069553566487315435,0.45394049204483217,0.041980321986803126,0.7525500538487976
12,Dong,Anjaw,Walong,Arunachal Pradesh,True,28.1679203,97.0389469,-0.1052093889697206,48,0.3120449447671529,4,-0.1754331588894567,48,0.2466620456894547,4,-0.1608515452643401,58,0.2158851202961872,4,-0.013910539073654873,0.5635977746076193,-0.024039956117741422,0.9586154723904317
13,Gong,Anjaw,Walong,Arunachal Pradesh,True,28.1700892,97.0008029,-0.2381452388733587,48,0.2829678858633453,4,-0.2398904589933223,48,0.3259800647118295,4,-0.1832103134477606,58,0.2113621274498214,4,0.013733731356399527,0.726196636836139,-0.017901439603380975,0.3823609369569734
14,Hot Spring,Anjaw,Walong,Arunachal Pradesh,True,28.2928975,97.1638576,-0.1701920714146532,24,0.2909883724758659,4,-0.2531781285970856,24,0.3121400899269256,4,-0.2559970994471193,29,0.1934662244776687,4,-0.021451257008116523,0.7746124422126945,-0.0243805369995493,0.5933857369524074
15,Hunung,Anjaw,Walong,Arunachal Pradesh,True,27.8741289,96.9451026,-0.2544357316516141,24,0.1546618656529952,4,-0.2817658368487867,24,0.2383009984411976,4,-0.2679511350777377,29,0.2180044366224378,4,-0.0033788508565309044,0.2445445899297722,0.01583564274236065,0.527019347259057
16,Kaho,Anjaw,Walong,Arunachal Pradesh,True,28.3034238,97.0250574,-0.1615273722343476,48,0.2667283931397963,4,-0.1732874652775012,48,0.4134539835715266,4,-0.1938778007094258,58,0.3638496144385182,4,-0.008087607118769553,0.9757668440057476,0.02428030532468048,0.42334387445949717
17,Khrawit,Anjaw,Walong,Arunachal Pradesh,True,27.9044705,96.9437389,-0.2489965067745979,24,0.218662791985478,4,-0.2772627603612657,24,0.2330094152774789,4,-0.262061867123321,29,0.1299390952089432,4,-0.0032663400871807825,0.21324593706724904,-0.0221809241941337,0.6313944936576646
18,Krowti,Anjaw,Walong,Arunachal Pradesh,True,28.2354088,97.0273216,-0.1740521763956032,48,0.1763103317665866,4,-0.2915540317495371,48,0.4198597124730698,4,-0.1799361002638896,58,0.2471043754841476,4,-0.0014709809670715999,0.001974566479213833,0.017698510929390253,0.07982898006714602
19,Krowti Labour Camp,Anjaw,Walong,Arunachal Pradesh,True,28.2318311,97.0285584,-0.1593871000360554,48,0.2276133863107029,4,-0.2897365920570156,48,0.4844054216766252,4,-0.1342129617965073,58,0.2530088490452123,4,0.006293534559887028,0.02273506224571758,0.006348865683627351,0.008052797738306507
20,Kundan,Anjaw,Walong,Arunachal Pradesh,True,28.2425043,97.0254063,-0.1688052835337248,48,0.1410292516777057,4,-0.3116897003027598,48,0.3326214123311685,4,-0.1684327566019071,58,0.20817052688096,4,9.31317329544226e-05,5.084791178413315e-06,0.016785318800813576,0.11925053491018972
21,Musai,Anjaw,Walong,Arunachal Pradesh,True,28.2588294,97.0287424,-0.137899917964084,48,0.2220741144950147,4,-0.2342044974315091,48,0.291385509040767,4,-0.1515465782513991,58,0.2612610522789501,4,-0.00341166507182878,0.01714507404922711,0.009796734445983842,0.31783781079271234
22,Samdul,Anjaw,Walong,Arunachal Pradesh,True,27.8858936,96.9223997,-0.1639046524612286,24,0.271476130159396,4,-0.1686688626450289,24,0.2721392897998585,4,-0.1299642596969927,29,0.26601276554159,4,0.00848509819105897,0.6465106856544713,-0.0013658411544514998,0.6601433677003392
23,Supkung,Anjaw,Walong,Arunachal Pradesh,True,28.1588813,97.0363709,-0.1528996539306198,48,0.2925166050230018,4,-0.1461252328598136,48,0.3875138394262308,4,-0.1670069602195754,58,0.2667829321402384,4,-0.003526826572238899,0.43839013848073,-0.006433418220690851,0.04094082649623538
24,Walong,Anjaw,Walong,Arunachal Pradesh,True,28.1294938,97.0166444,-0.1249048635663252,48,0.7029051149592679,4,-0.1228904634595647,48,1.1753468164196288,4,-0.1382053208704159,58,1.4988207511446716,4,-0.0033251143260226742,0.6386285494512118,0.19897890904635093,0.988457830910646
25,Yakung,Anjaw,Walong,Arunachal Pradesh,True,28.1997526,97.0263468,-0.1758935025811989,48,0.2799170378562624,4,-0.2208900512937925,48,0.3970824041923064,4,-0.1919861259207141,58,0.2360536422646415,4,-0.0040231558348787985,0.12454199460967362,-0.010965848897905216,0.06940496871942438
26,Achali,Dibang Valley,Anini-Mipi,Arunachal Pradesh,True,28.8429461,95.9704783,-0.2233714823083183,196,0.3871700248328897,4,-0.2668557770863977,196,0.4637807607984116,4,-0.2377830473499601,236,0.3170385923928328,4,-0.003602891260410454,0.1058291103002861,-0.017532858110014232,0.2282618914372305
27,Achengo,Dibang Valley,Anini-Mipi,Arunachal Pradesh,True,28.8238506,95.9428387,-0.1784040033763096,196,0.3700559866455074,4,-0.2386891547638928,196,0.1213157899919709,4,-0.1816443277240884,236,0.2436506136634449,4,-0.0008100810869446987,0.0022829040324418635,-0.03160134324551562,0.25822623049481297
28,Acheso,Dibang Valley,Anini-Mipi,Arunachal Pradesh,True,28.9263772,95.97448,-0.2244324654247773,98,0.3374396853737141,4,-0.2552227852964447,98,0.4139172108026973,4,-0.2412131895166576,118,0.0510773030191398,4,-0.0041951810229700764,0.29622518384689533,-0.07159059558864359,0.5603749675600402
29,Alinye,Dibang Valley,Anini-Mipi,Arunachal Pradesh,True,28.8346828,95.9628967,-0.173890619395903,196,0.4526876420045794,4,-0.2461347275050571,196,0.2918460254144195,4,-0.1933090253068009,236,0.2530849874841983,4,-0.004854601477724478,0.0674403829495945,-0.04990066363009527,0.8891321575376046
30,Angrim Valley,Dibang Valley,Anini-Mipi,Arunachal Pradesh,True,28.8842816,95.9786208,-0.2129360083201815,196,0.3931848128439963,4,-0.2496084015901769,196,0.3197497209109882,4,-0.2481724525781447,236,0.1174257426257311,4,-0.008809111064490796,0.7194848322656214,-0.0689397675545663,0.9321229037678366
31,Aropo,Dibang Valley,Anini-Mipi,Arunachal Pradesh,True,28.8230901,95.9397069,-0.193484395673623,196,0.3317574196883423,4,-0.2288407419555943,196,0.1050302513165049,4,-0.1969255593727831,236,0.2494939493857594,4,-0.0008602909247900288,0.0077888515595639085,-0.020565867575645734,0.12842395228441914
32,Atoto,Dibang Valley,Anini-Mipi,Arunachal Pradesh,True,28.8355826,95.9647411,-0.1776420907663261,196,0.4333713850159953,4,-0.2494080442823374,196,0.2945879745921472,4,-0.1998194594235073,236,0.2577171407656574,4,-0.0055443421642953,0.09106701576549586,-0.04391356106258448,0.8991138183162717
33,Echito,Dibang Valley,Anini-Mipi,Arunachal Pradesh,True,28.9291593,95.9752771,-0.2167368926389498,98,0.3341355593353673,4,-0.2455071491492671,98,0.4469346847348364,4,-0.246967131145495,118,0.0083754116794018,4,-0.007557559626636304,0.7861330081367963,-0.08144003691399138,0.5115391821658826
34,Ediya,Dibang Valley,Anini-Mipi,Arunachal Pradesh,True,28.9638191,95.8076515,-0.2314414013742089,49,0.3849752221404193,4,-0.2331764506833087,49,0.1032158568960979,4,-0.183864265811042,59,0.2778386543402324,4,0.011894283890791724,0.7226839503034043,-0.02678414195004672,0.14187053417895026
35,Emuli,Dibang Valley,Anini-Mipi,Arunachal Pradesh,True,28.8871158,95.8356573,-0.2633620627673708,98,0.364636161985839,4,-0.2266422448030036,98,0.1113506045270518,4,-0.2308067761431136,118,0.1670424492317103,4,0.008138821656064298,0.6554306595002211,-0.04939842818853217,0.5509480497725737
36,Gipulin,Dibang Valley,Anini-Mipi,Arunachal Pradesh,True,28.8479222,95.9666253,-0.199535195552756,196,0.4016462813097325,4,-0.253313261481078,196,0.4936067826623248,4,-0.2258475807352935,236,0.2731729677077528,4,-0.006578096295634377,0.23935555126781985,-0.03211832840049493,0.3366011384176674
37,Kamuyi,Dibang Valley,Anini-Mipi,Arunachal Pradesh,True,28.9926912,95.8050502,-0.2582742822233563,49,0.3697494433183501,4,-0.2144153474021307,49,0.0910875547004428,4,-0.2508675946561142,59,0.1304102405282106,4,0.0018516718918105274,0.02488139421866199,-0.05983480069753487,0.6295694394561482
38,Mipi H.Q.,Dibang Valley,Anini-Mipi,Arunachal Pradesh,True,28.9641685,95.8081308,-0.2288154527738523,49,0.381644371959278,4,-0.2328234201959322,49,0.0963294292938217,4,-0.1822329988878079,59,0.2949916358908416,4,0.0116456134715111,0.6859066776264592,-0.021663184017109094,0.08773209435876822
39,Mipido,Dibang Valley,Anini-Mipi,Arunachal Pradesh,True,28.950424,95.8144355,-0.2175497542944686,49,0.419239848983013,4,-0.2379528687681795,49,0.1173243685967966,4,-0.2161896997906204,59,0.1310235965224115,4,0.00034001362596205315,0.0031113572568231694,-0.07205406311515036,0.7144284117516302
40,Etalin Bridge Point,Dibang Valley,Etalin-Malinye,Arunachal Pradesh,True,28.6094048,95.8703668,-0.1928446977574426,50,0.331196748288223,4,-0.2341128489251046,49,0.3071608719136148,4,-0.204895381012304,59,0.315238235777269,4,-0.003012670813715354,0.08061928637742322,-0.003989628127738495,0.42557220813635716
41,Maliney,Dibang Valley,Etalin-Malinye,Arunachal Pradesh,True,28.6750197,96.1532235,-0.2000596529982347,49,0.394001675565504,4,-0.1992334354749164,48,0.254463080775151,4,-0.2224623783494047,59,0.1288227041395718,4,-0.0056006813377924985,0.722376068507692,-0.06629474285648304,0.9990852101011658
42,Mawali,Dibang Valley,Etalin-Malinye,Arunachal Pradesh,True,28.6599698,96.0170217,-0.2093510869291811,100,0.3748576962056436,4,-0.2461349027387632,98,0.1766350484519664,4,-0.2013086697432284,118,0.165119974591237,4,0.0020106042964881804,0.028309685747548333,-0.052434430403601635,0.7910457813965944
43,Punli,Dibang Valley,Etalin-Malinye,Arunachal Pradesh,True,28.6565904,95.8520788,-0.2180218090134875,50,0.3922709474350487,4,-0.2381725705230806,49,0.2958240184038045,4,-0.2665855429062531,59,0.2176340770122058,4,-0.012140933473191395,0.9904439795475426,-0.043659217605710725,0.9963701738348943
44,Lengdi/Liang,East Kameng,Bameng,Arunachal Pradesh,True,27.5376292,92.923885,-0.2592452604697068,49,0.3948363432362171,4,-0.2504493939044973,49,0.3564559829759812,4,-0.2698777656544255,60,0.2988487490311971,4,-0.0026581262961796748,0.2986115539518382,-0.02399689855125499,0.9868023666080216
45,Upper Liyak,East Kameng,Bameng,Arunachal Pradesh,True,27.5337804,92.8465101,-0.2431891088799573,49,0.4199776308115163,4,-0.2911991167822107,49,0.3549720398931695,4,-0.2396561558139513,60,0.3082941759219372,4,0.0008832382665014958,0.0037640101469282984,-0.027920863722394773,0.9911031324435671
46,Dao,East Kameng,Chayangtajo,Arunachal Pradesh,True,27.7832832,92.9383609,-0.2129906238661555,49,0.362863493184006,4,-0.3131282417280501,49,0.2013457244661089,4,-0.2397242002358998,59,0.2157380725779094,4,-0.006683394092436075,0.06646006872308699,-0.036781355151524156,0.6772662528636298
47,Dara Yangfo,East Kameng,Chayangtajo,Arunachal Pradesh,True,27.732817,93.0487159,-0.2614216139895804,98,0.3398773729668279,4,-0.3009354982968288,98,0.3412931957173108,4,-0.221079477298034,120,0.2488656607825088,4,0.010085534172886601,0.25520365319914284,-0.022752928046079778,0.7383354124692808
48,Lamrah,East Kameng,Chayangtajo,Arunachal Pradesh,True,27.6967225,93.0373888,-0.2252423970823206,98,0.3298500063684252,4,-0.2287518459834092,98,0.1972138858172628,4,-0.2138892753058823,120,0.3056138890981674,4,0.002838280444109574,0.5339327927246335,-0.006059029317564454,0.02943787226351533
49,Loto Yangfo,East Kameng,Chayangtajo,Arunachal Pradesh,True,27.7296573,93.059293,-0.2442155639839622,98,0.341713477319546,4,-0.2720013351693495,98,0.2648679847462793,4,-0.2157769642987284,120,0.2781994323047359,4,0.007109649921308448,0.2558277730101142,-0.015878511253702515,0.5981077564751279
50,Diya Sullung,East Kameng,Chayangtajo,Arunachal Pradesh,True,27.7760452,93.0124888,-0.2561402462467278,98,0.4139938692052495,4,-0.293990461697586,98,0.2022686719462491,4,-0.2864669845276615,120,0.1998522834003038,4,-0.007581684570233421,0.57268316425548,-0.05353539645123642,0.7584619623955953
51,Hara Yangfo,East Kameng,Chayangtajo,Arunachal Pradesh,True,27.751648,93.1327809,-0.2699341544705203,49,0.3402901745866983,4,-0.2651766828053868,49,0.3207812536441321,4,-0.2673389691147204,61,0.3135044561765555,4,0.0006487963389499862,0.29674770407285794,-0.006696429602535706,0.9350036223357668
52,Jayang Bagang,East Kameng,Chayangtajo,Arunachal Pradesh,True,27.7547367,93.1791026,-0.2572971304763714,49,0.3919022343345194,4,-0.216370143665832,49,0.3596703813395686,4,-0.2496378281596043,61,0.2936815616804794,4,0.0019148255791917798,0.030980385375116635,-0.024555168163509996,0.962118402237723
53,Kesse Bagang,East Kameng,Chayangtajo,Arunachal Pradesh,True,27.7809294,93.2034502,-0.251541648988653,49,0.3745027894775072,4,-0.2251065897437848,49,0.2381583407852384,4,-0.2615405818668682,61,0.3202194382415878,4,-0.002499733219553796,0.0705324512865253,-0.013570837808979856,0.15634746627445129
54,Langchu Sullung,East Kameng,Chayangtajo,Arunachal Pradesh,True,27.7569534,92.9355132,-0.2578248765104832,49,0.3890033469168275,4,-0.2610533292408901,49,0.3086692679565574,4,-0.2385142920966899,59,0.1502199326133675,4,0.004827646103448324,0.6275432759664381,-0.059695853575864995,0.9655555373786923
55,Nampe Bagang,East Kameng,Chayangtajo,Arunachal Pradesh,True,27.7140627,93.0313033,-0.2515771701726964,98,0.3782878586138808,4,-0.2206403026382031,98,0.2955205963887191,4,-0.2502416310720952,120,0.3248190409887607,4,0.0003338847751502977,0.0014579474786520971,-0.013367204406280031,0.40579864036103
56,Raro Sullung,East Kameng,Chayangtajo,Arunachal Pradesh,True,27.6890058,93.0717372,-0.2665705178451608,98,0.417797884988891,4,-0.2790292228551194,98,0.2384354130495629,4,-0.2474385783012154,120,0.341450438268466,4,0.004782984885986344,0.3614005422879966,-0.019086861680106246,0.17986119747960144
57,Tamsang Yangfo,East Kameng,Chayangtajo,Arunachal Pradesh,True,27.6760974,93.0917894,-0.2357241223363607,98,0.3904213166263486,4,-0.2182861234145905,98,0.2713727711234242,4,-0.2620204002194278,120,0.3228264541498252,4,-0.006574069470766775,0.35665296805331287,-0.016898715619130852,0.3204247561237324
58,Warriam Sullung,East Kameng,Chayangtajo,Arunachal Pradesh,True,27.7279436,92.9802579,-0.226371440117532,49,0.3833898288045226,4,-0.2762321031441258,49,0.3847542395362746,4,-0.2065962500281174,59,0.2562598919632745,4,0.004943797522353646,0.07592088398143118,-0.03178248421031203,0.7419516089621359
59,Wallong,East Kameng,Khenewa,Arunachal Pradesh,True,27.6530641,92.9685879,-0.247173070086126,49,0.2951085803437073,4,-0.2227046503210048,49,0.3019097987686871,4,-0.2773426614767024,60,0.2396380892210123,4,-0.007542397847644099,0.3037916133777904,-0.013867622780673751,0.6592578988598078
60,Chate,Kurung Kumey,Damin,Arunachal Pradesh,True,28.1191826,93.3236259,-0.2932178964432387,49,0.3791554432726067,4,-0.3201862572079027,49,0.1764057234565149,4,-0.2622015727095705,60,0.2218153762195246,4,0.0077540809334170485,0.2856597798684552,-0.039335016763270524,0.5466858466617539
61,Chulla,Kurung Kumey,Damin,Arunachal Pradesh,True,28.1242982,93.411274,-0.2794907390864677,49,0.4198083370554407,4,-0.2738062238341037,49,0.184503944105602,4,-0.2810210898289113,60,0.1375676432315768,4,-0.0003825876856108912,0.040513908067921885,-0.07056017345596596,0.8707196532651154
62,Damin H.Q.,Kurung Kumey,Damin,Arunachal Pradesh,True,28.1041982,93.3343841,-0.2369193355189544,49,0.3535869555462695,4,-0.2888842775889262,49,0.4451950869233313,4,-0.2097779975522245,60,0.3111594198572729,4,0.0067853344916824695,0.1139762645300013,-0.01060688392224915,0.0958935972513781
63,Damin Village,Kurung Kumey,Damin,Arunachal Pradesh,True,28.1050092,93.3443566,-0.2495229110383979,49,0.3310282699218611,4,-0.2640521891151542,49,0.1781263831515534,4,-0.2731733269846547,60,0.2310282648303556,4,-0.005912603986564194,0.9828686128467701,-0.025000001272876368,0.4146212777402042
64,Digok,Kurung Kumey,Damin,Arunachal Pradesh,True,28.1272533,93.3496878,-0.2657118183671154,49,0.3498470534273197,4,-0.288773736366713,49,0.0213848724049641,4,-0.2540666826163172,60,0.1963181331074145,4,0.0029112839376995436,0.10865883739509312,-0.0383822300799763,0.2181701525002729
65,Fuba,Kurung Kumey,Damin,Arunachal Pradesh,True,28.1198537,93.3376816,-0.2946788569751516,49,0.4310930607163852,4,-0.2940781760214806,49,0.1222001163481062,4,-0.2577136334669405,60,0.1765162548376038,4,0.009241305877052783,0.7621841498166941,-0.06364420146969535,0.595767466467088
66,Huri,Kurung Kumey,Damin,Arunachal Pradesh,True,28.1095105,93.3045975,-0.2718530814976503,49,0.3779439510039563,4,-0.2769824839689581,49,0.1428024405313781,4,-0.2327977944748027,60,0.2691537181657638,4,0.009763821755711902,0.6529765912444148,-0.027197558209548126,0.21365572006134959
67,Katuk,Kurung Kumey,Damin,Arunachal Pradesh,True,28.1189094,93.2501395,-0.2639251515045057,49,0.4039961216987762,4,-0.3089771599382889,49,0.1047870587161948,4,-0.225960843333231,60,0.2947151544874749,4,0.009491077042818673,0.20862680673488648,-0.02732024180282533,0.13024105509768846
68,Kopila,Kurung Kumey,Damin,Arunachal Pradesh,True,28.1092251,93.3088818,-0.2492285299134043,49,0.3766871474641662,4,-0.2704425244018966,49,0.1724245779674146,4,-0.2222808195792703,60,0.2999525131127022,4,0.006736927583533502,0.3115968687876375,-0.019183658587865998,0.1382753375468484
69,Machang,Kurung Kumey,Damin,Arunachal Pradesh,True,28.0962492,93.3005705,-0.2729396271262213,49,0.3777469133688544,4,-0.3019229183814556,49,0.2112906814190139,4,-0.2643875681942141,60,0.2891778919666035,4,0.002138014733001792,0.0472451312548922,-0.02214225535056273,0.2827273590053067
70,Nisuk,Kurung Kumey,Damin,Arunachal Pradesh,True,28.1081822,93.414929,-0.3002374099846522,49,0.3866759134450314,4,-0.2711126656871016,49,0.0943396216492012,4,-0.2456873007924984,60,0.2013429494101252,4,0.013637527298038452,0.9984693356166532,-0.046333241008726544,0.3925265842286672
71,Pipa,Kurung Kumey,Damin,Arunachal Pradesh,True,28.0735847,93.283149,-0.2493787959966248,49,0.4006845903502335,4,-0.2884489807551594,49,0.2983342566735992,4,-0.2476628149743776,60,0.2456513222827351,4,0.00042899525556180235,0.0013833309983891375,-0.038758317016874606,0.9669202339514468
72,Ramu,Kurung Kumey,Damin,Arunachal Pradesh,True,28.1084035,93.4191096,-0.3058571747840049,49,0.3769034352008827,4,-0.2621883526017707,49,0.077669256502198,4,-0.2281970262245825,60,0.2320393958314012,4,0.01941503713985561,0.9948504875570056,-0.036216009842370375,0.23428943933670732
73,Rane,Kurung Kumey,Damin,Arunachal Pradesh,True,28.1440384,93.3476122,-0.2783264154039929,49,0.3404687573534569,4,-0.2679684786664547,49,0.3018749971109043,4,-0.301485112144449,60,0.2228459847226206,4,-0.00578967418511403,0.45529055530887813,-0.02940569315770907,0.9621002320445232
74,Rawiok,Kurung Kumey,Damin,Arunachal Pradesh,True,28.137739,93.3249207,-0.2558634123077426,49,0.3974014622335499,4,-0.2442806561789767,49,0.2832967229439198,4,-0.2685709822531695,60,0.2360107031994843,4,-0.003176892486356719,0.27349413233642184,-0.040347689758516395,0.945951153935734
75,Ruba,Kurung Kumey,Damin,Arunachal Pradesh,True,28.1221707,93.2334312,-0.2789138562999902,49,0.3986414197027551,4,-0.3486946146738213,49,0.0645991101936709,4,-0.2696600057806445,60,0.2423357428912331,4,0.0023134626298364352,0.011467313552287478,-0.03907641920288049,0.21865081330176314
76,Senamriang,Kurung Kumey,Damin,Arunachal Pradesh,True,28.1320477,93.3191302,-0.2707960836494038,49,0.3923715083625729,4,-0.2650930753733118,49,0.1036675954414479,4,-0.2661765849147731,60,0.2089022323738929,4,0.0011548746836576723,0.5815911752530893,-0.04586731899717,0.39420199840394404
77,Sibia,Kurung Kumey,Damin,Arunachal Pradesh,True,28.1070207,93.3012679,-0.2772284296923675,49,0.3906618517153255,4,-0.3033724830085188,49,0.1273748601503976,4,-0.2490807044091809,60,0.2780811962680901,4,0.007036931320796649,0.2686713392340571,-0.02814516386180886,0.18156985071739873
78,Tarba,Kurung Kumey,Damin,Arunachal Pradesh,True,28.1607522,93.4195471,-0.2901059013669821,49,0.4531018090663798,4,-0.2832907048309926,49,0.1658352119146235,4,-0.2853687465096028,60,0.1232620913564689,4,0.001184288714344825,0.45981268572384576,-0.08245992942747774,0.844987140536543
79,Tokriang,Kurung Kumey,Damin,Arunachal Pradesh,True,28.1110736,93.3311986,-0.2670570289069653,49,0.3956360517283984,4,-0.3122975710781218,49,0.2941703579792407,4,-0.2533267213448218,60,0.2141067477651929,4,0.003432576890535874,0.04949981746020188,-0.04538232599080137,0.9953879950086091
80,Yaso,Kurung Kumey,Damin,Arunachal Pradesh,True,28.1002726,93.3473375,-0.2642527512005974,49,0.3690823130268144,4,-0.2580673806188499,49,0.2485706329726935,4,-0.2773939528615005,60,0.2153921006982928,4,-0.0032853004152257753,0.44320217260949135,-0.0384225530821304,0.9028262970812413
81,Buhan,Kurung Kumey,Koloriang,Arunachal Pradesh,True,27.8895447,93.283152,-0.2739870490840717,49,0.2779555677428958,4,-0.1977405245187893,49,0.2205089971892476,4,-0.3068955457234833,61,0.3551237349166913,4,-0.008227124159852911,0.08635511487353434,0.019292041793448872,0.3262834652500997
82,Buyang,Kurung Kumey,Koloriang,Arunachal Pradesh,True,27.9419935,93.286116,-0.279253373974743,98,0.3214055517315864,4,-0.2360143324785994,98,0.2571500006483661,4,-0.2504079547789687,121,0.3117527675628662,4,0.007211354798943566,0.42906565184298223,-0.0024131960421800575,0.0194025164481296
83,Buyang-II,Kurung Kumey,Koloriang,Arunachal Pradesh,True,27.9419935,93.286116,-0.279253373974743,98,0.3214055517315864,4,-0.2360143324785994,98,0.2571500006483661,4,-0.2504079547789687,121,0.3117527675628662,4,0.007211354798943566,0.42906565184298223,-0.0024131960421800575,0.0194025164481296
84,Chello,Kurung Kumey,Koloriang,Arunachal Pradesh,True,27.8849215,93.291646,-0.2535542273581768,49,0.3494506057570962,4,-0.2236006086233266,49,0.2090593717917883,4,-0.2480045513204815,61,0.3939705828450761,4,0.0013874190094238237,0.030322425641082854,0.011129994271994972,0.053200357333745465
85,Chimpu,Kurung Kumey,Koloriang,Arunachal Pradesh,True,27.9522411,93.2566277,-0.2846069917358205,98,0.3370155055789589,4,-0.2536069241862742,98,0.286342746626631,4,-0.2701880562860881,121,0.4555647787395637,4,0.0036047338624330956,0.21599188425271856,0.0296373182901512,0.4657963112528972
86,Chomi,Kurung Kumey,Koloriang,Arunachal Pradesh,True,27.955673,93.2595487,-0.2943611894526293,98,0.3470172069048907,4,-0.2464587063888375,98,0.2430688085222614,4,-0.2688525874207804,121,0.3786792397234468,4,0.006377150507962225,0.2831689612386514,0.00791550820463903,0.04979565953647698
87,Chote,Kurung Kumey,Koloriang,Arunachal Pradesh,True,27.9524396,93.2616596,-0.2866925336104576,98,0.3604297795322503,4,-0.253770730641322,98,0.2454325841718845,4,-0.2664200767274505,121,0.4803314494283011,4,0.0050681142207517765,0.3725223469992151,0.02997541747401269,0.2605106737102848
88,Kiodhriang,Kurung Kumey,Koloriang,Arunachal Pradesh,True,27.8581693,93.2541827,-0.2610925811886007,49,0.4059671904908585,4,-0.2494123473527504,49,0.187236991487612,4,-0.2677446725107071,61,0.3201300876712368,4,-0.001663022830526606,0.12844737208452808,-0.021459275704905426,0.1516644350702074
89,Nangram,Kurung Kumey,Koloriang,Arunachal Pradesh,True,27.9071735,93.4387839,-0.2680032608683707,25,0.3505685643574333,4,-0.2249462015367082,25,0.2204403564117956,4,-0.2261800702097985,30,0.2604598663954963,4,0.010455797664643045,0.7278921743825325,-0.022527174490484247,0.45693489426086464
90,Nyolo,Kurung Kumey,Koloriang,Arunachal Pradesh,True,27.9012651,93.3076219,-0.2821413498401846,49,0.3845540592436541,4,-0.233428562528528,49,0.3112764708456918,4,-0.2681740479214286,61,0.4004264146986614,4,0.0034918254796889865,0.07751188394204599,0.0039680888637518286,0.02784955145610115
91,Pakba,Kurung Kumey,Koloriang,Arunachal Pradesh,True,27.8903622,93.3997806,-0.2820361110453345,39,0.3529800218297426,4,-0.2777040219703202,26,0.1232186460848918,4,-0.2603955298948192,35,0.3343285222627742,4,0.005410145287628829,0.892974203436028,-0.004662874891742094,0.005340716720925085
92,Papu,Kurung Kumey,Koloriang,Arunachal Pradesh,True,27.9111524,93.3917445,-0.2560703667704415,49,0.4210777807897991,4,-0.2784168982451697,48,0.3077083253529337,4,-0.2419119877879332,57,0.3719194373488426,4,0.003539594745627067,0.1479454185150595,-0.012289585860239136,0.1869208262105913
93,Rengchi,Kurung Kumey,Koloriang,Arunachal Pradesh,True,27.8914093,93.4267781,-0.2617095949180829,25,0.2829542921538337,4,-0.2664142037668899,25,0.3814576401758353,4,-0.2381202542297689,30,0.2588684495741973,4,0.005897335172078493,0.605222639231252,-0.006021460644909105,0.034379782073705054
94,Tate,Kurung Kumey,Koloriang,Arunachal Pradesh,True,27.9539309,93.2699171,-0.3110107152020048,98,0.4195953464825243,4,-0.257392137156742,98,0.2534645203740528,4,-0.2844881407546675,121,0.4435670728694044,4,0.006630643611834325,0.24467196641372682,0.0059929315967200275,0.01340264778278512
95,Yumlam,Kurung Kumey,Koloriang,Arunachal Pradesh,True,27.8897958,93.4560068,-0.2470274930302098,25,0.40909999344084,4,-0.1869889687298057,25,0.3187638929486274,4,-0.2442840577572534,30,0.27568332966831,4,0.000685858818239099,0.001637397433380654,-0.03335416594313251,0.9598604855017515
96,Cheba,Kurung Kumey,Parsi-Parlo,Arunachal Pradesh,True,28.0204954,93.4801015,-0.244505705712648,50,0.3840050454431051,4,-0.1962531763206775,50,0.1500028005128751,4,-0.2248234514166438,60,0.3630577381282644,4,0.004920563574001051,0.16452252386396335,-0.00523682682871017,0.006543354187236841
97,Dape,Kurung Kumey,Parsi-Parlo,Arunachal Pradesh,True,28.0305059,93.4762607,-0.2872536408492523,25,0.355674381113483,4,-0.1997175212348364,25,0.1889277641865389,4,-0.2341421963177576,30,0.3083182808104271,4,0.01327786113287368,0.36262195261758223,-0.011839025075763968,0.07593260843455278
98,Dare,Kurung Kumey,Parsi-Parlo,Arunachal Pradesh,True,28.040746,93.4566336,-0.2530614633701173,25,0.3853989912063948,4,-0.2058647591329265,25,0.2207589206185989,4,-0.2238980211377063,30,0.3513420767350388,4,0.007290860558102754,0.3748668537488741,-0.008514228617839001,0.03839099162850313
99,Geyang,Kurung Kumey,Parsi-Parlo,Arunachal Pradesh,True,28.032302,93.4718342,-0.2725685481281262,25,0.3582578289095455,4,-0.182596305202341,25,0.1902209157144997,4,-0.1994239474278522,30,0.3221672199649832,4,0.018286150175068502,0.5845731102230797,-0.009022652236140571,0.04161553866774629
100,Gonang,Kurung Kumey,Parsi-Parlo,Arunachal Pradesh,True,27.9884834,93.5169908,-0.200440786805615,50,0.3130674133809765,4,-0.235801850385363,50,0.2139522442991814,4,-0.2078192777441898,60,0.3274297790915778,4,-0.001844622734643697,0.03911313504140988,0.003590591427650322,0.013507356323041685
101,Nyokuriang,Kurung Kumey,Parsi-Parlo,Arunachal Pradesh,True,28.0062351,93.5622034,-0.2095806369161353,50,0.3953500031762653,4,-0.2289985775861305,50,0.1638861095077461,4,-0.2099456223566355,60,0.3136055552959442,4,-9.1246360125051e-05,0.00026995444316963547,-0.020436111970080273,0.12123860559930996
102,Pachang,Kurung Kumey,Parsi-Parlo,Arunachal Pradesh,True,28.0250521,93.4720132,-0.2301862453413153,50,0.3887541687594637,4,-0.1955316735050254,50,0.1752558392166958,4,-0.1882314305856593,60,0.3271996687198507,4,0.010488703688913997,0.8758874840543273,-0.015388625009903262,0.07843826998195769
103,Pado I,Kurung Kumey,Parsi-Parlo,Arunachal Pradesh,True,27.9756026,93.5757879,-0.2435206521045208,50,0.3720418906744632,4,-0.2368963382633575,50,0.2073379921513562,4,-0.2681890386379147,60,0.289994406833329,4,-0.006167096633348474,0.5594320717838195,-0.02051187096028355,0.24815372421595472
104,Pagam,Kurung Kumey,Parsi-Parlo,Arunachal Pradesh,True,28.049312,93.4584998,-0.3158282044089014,25,0.3338535909494643,4,-0.1932836905239308,25,0.1861519317188974,4,-0.2370239873145267,30,0.3598342521085265,4,0.019701054273593678,0.40254819806601194,0.006495165289765542,0.019228310443153256
105,Pape,Kurung Kumey,Parsi-Parlo,Arunachal Pradesh,True,28.0129617,93.4902587,-0.2580965191306212,50,0.3556437249420485,4,-0.2274072313589483,50,0.1717591535436458,4,-0.2334909728496681,60,0.3803079917150386,4,0.006151386570238274,0.5732263018054417,0.006166066693247527,0.011711418575447123
106,Pariang,Kurung Kumey,Parsi-Parlo,Arunachal Pradesh,True,28.0328165,93.4803814,-0.3154115146903462,25,0.3529040419426563,4,-0.2172580550326827,25,0.1295342299205018,4,-0.2432223709993692,30,0.2571689095828937,4,0.018047285922744245,0.5036823815640595,-0.023933783089940652,0.18245310693526465
107,Passik,Kurung Kumey,Parsi-Parlo,Arunachal Pradesh,True,28.0360017,93.4705453,-0.3089771685145402,25,0.3507488811334682,4,-0.1758406636522318,25,0.1457878623846378,4,-0.2238472384618316,30,0.3165033366738554,4,0.021282482513177152,0.39852738662706605,-0.008561386114903202,0.024322469455075123
108,Pilop,Kurung Kumey,Parsi-Parlo,Arunachal Pradesh,True,28.004125,93.5674707,-0.2355300877317119,50,0.3668580306398922,4,-0.2253805000909635,50,0.1039507917520417,4,-0.21964007907779,60,0.3034756790458886,4,0.003972502163480475,0.9749770844964284,-0.015845587898500893,0.05335197357005892
109,Rashik,Kurung Kumey,Parsi-Parlo,Arunachal Pradesh,True,28.0080613,93.5508476,-0.2803804591920462,50,0.3953216701207797,4,-0.2353782425582773,50,0.1790434501173803,4,-0.2798287439729284,60,0.3462358909253342,4,0.0001379288047794469,0.00011410759221090884,-0.012271444798861372,0.04685205719265237
110,Yarba-I,Kurung Kumey,Parsi-Parlo,Arunachal Pradesh,True,27.96349,93.5654022,-0.2524356765232599,50,0.3596317926184547,4,-0.2485987444047206,50,0.3185520553641672,4,-0.261892107657375,60,0.2772757464139036,4,-0.002364107783528774,0.4775913426691908,-0.020589011551137765,0.9999981009827371
111,Bala,Kurung Kumey,Sarli,Arunachal Pradesh,True,27.9431025,93.1252507,-0.2720646219284013,98,0.3465100174751112,4,-0.290440263165394,98,0.3009148996584408,4,-0.2570357759960593,121,0.3631423843384319,4,0.0037572114830854986,0.20173948993794102,0.0041580917158301756,0.06662910795886842
112,Chaching,Kurung Kumey,Sarli,Arunachal Pradesh,True,27.9375989,93.2339474,-0.2897243740231963,98,0.4138081963865826,4,-0.2248008455064544,98,0.2690881343347799,4,-0.2632253455458361,121,0.3466463423356778,4,0.006624757119340047,0.16473980596842464,-0.0167904635127262,0.21500147233710482
113,Chulu,Kurung Kumey,Sarli,Arunachal Pradesh,True,27.8792111,93.0545229,-0.2645435668376306,98,0.3891010012862156,4,-0.2676026029097186,98,0.3066010015058464,4,-0.2805245898925819,120,0.3706465051256194,4,-0.003995255763737826,0.8873391610207242,-0.0046136240401490475,0.04541459403894494
114,Gane,Kurung Kumey,Sarli,Arunachal Pradesh,True,27.9643147,93.0391329,-0.2381267265996641,196,0.3919966248344918,4,-0.3097770139078475,196,0.3050646775551936,4,-0.238037423111569,237,0.2129302594404252,4,2.2325872023776228e-05,1.1636452546758343e-06,-0.044766591348516654,0.9997187141804883
115,Haraiho,Kurung Kumey,Sarli,Arunachal Pradesh,True,27.9804475,93.1383943,-0.289861767780243,98,0.3918100548856084,4,-0.2562388204449657,98,0.3325614468178936,4,-0.2956799927553541,121,0.3570418956226476,4,-0.0014545562437777854,0.01866851177067389,-0.008692039815740196,0.3409292642211295
116,Kapu,Kurung Kumey,Sarli,Arunachal Pradesh,True,27.8879985,93.075251,-0.2454225430251127,98,0.3086338178541465,4,-0.2313948507045874,98,0.3062709879634895,4,-0.2388880808530475,120,0.2889921559398412,4,0.0016336155430163033,0.21665638524274058,-0.004910415478576333,0.8387624670586898
117,Koropu,Kurung Kumey,Sarli,Arunachal Pradesh,True,27.9899045,93.2023371,-0.3062958207847183,98,0.3953492235384073,4,-0.2107073924180038,98,0.2454545447507877,4,-0.2602004095551576,121,0.2874528827133305,4,0.01152385280739017,0.23244589997566464,-0.026974085206269188,0.4867726325678337
118,Machane,Kurung Kumey,Sarli,Arunachal Pradesh,True,27.9220981,93.0770012,-0.2980959326613911,98,0.3580168502719215,4,-0.270088267336441,98,0.2128988797410151,4,-0.2990369115592729,120,0.3105730354451061,4,-0.00023524472447045142,0.0008181668310027392,-0.011860953706703842,0.10278033863137298
119,Malo,Kurung Kumey,Sarli,Arunachal Pradesh,True,27.9563848,93.1153543,-0.2687036085165587,98,0.3714571563272896,4,-0.2807658759043593,98,0.1950394576572914,4,-0.2830046021514044,121,0.3286950376552551,4,-0.003575248408711415,0.8640926981902062,-0.010690529668008625,0.053977464759373935
120,Milli,Kurung Kumey,Sarli,Arunachal Pradesh,True,27.9506354,93.0574678,-0.2851666157495887,196,0.3912083305584059,4,-0.3008204429510274,196,0.3458277734451824,4,-0.2439948643060855,237,0.2425694451729457,4,0.010292937860875796,0.49187874266210846,-0.037159721346365054,0.9518911736745994
121,Namjo,Kurung Kumey,Sarli,Arunachal Pradesh,True,27.942996,93.1849686,-0.3024203339366235,98,0.4064365890291002,4,-0.2659042796105194,98,0.3964309882368437,4,-0.2804252881228196,121,0.2712065086487835,4,0.005498761453450976,0.35781566935848963,-0.033807520095079174,0.8051659627450836
122,New Sarli,Kurung Kumey,Sarli,Arunachal Pradesh,True,27.9582217,93.1705235,-0.2945478364340835,98,0.3900613751195902,4,-0.252068274431982,98,0.2562974362600861,4,-0.3124083849411981,121,0.3924721021737371,4,-0.004465137126778651,0.08300870164825318,0.0006026817635367276,0.00023921226297431505
123,Riya,Kurung Kumey,Sarli,Arunachal Pradesh,True,27.8776779,93.0467319,-0.274216634608766,98,0.370128058610621,4,-0.2714200993276803,98,0.3525974368199474,4,-0.2761288251849347,120,0.305097439838677,4,-0.000478047644042176,0.1629968083139618,-0.016257654692986,0.933886173235369
124,Sape,Kurung Kumey,Sarli,Arunachal Pradesh,True,27.9549291,93.1321419,-0.2666312224460921,98,0.366155546175109,4,-0.2688203726979279,98,0.2307555561429924,4,-0.2759391725740843,121,0.3658749994304445,4,-0.0023269875319980454,0.9144963360246587,-7.013668616612234e-05,3.2265127297258855e-06
125,Sarli,Kurung Kumey,Sarli,Arunachal Pradesh,True,27.9525582,93.163373,-0.2491925847516284,98,0.4261982095535231,4,-0.2440863026094217,98,0.4151847696918388,4,-0.2699685573757717,121,0.4459378526766115,4,-0.005193993156035824,0.5741911661286476,0.0049349107807721004,0.40123544422148555
126,Sate,Kurung Kumey,Sarli,Arunachal Pradesh,True,27.9537376,93.1572444,-0.2594279602919648,98,0.4154765890327717,4,-0.2358909198596826,98,0.437421972536323,4,-0.2732316584286332,121,0.4543673321687789,4,-0.0034509245341670935,0.13362840033460005,0.009722685784001803,0.9945204595274295
127,Wabia,Kurung Kumey,Sarli,Arunachal Pradesh,True,27.9413919,93.1360402,-0.2729330017174943,98,0.3506975437048823,4,-0.2671993292302269,98,0.1630078089988923,4,-0.2547858035585771,121,0.3720396108526204,4,0.004536799539729297,0.9567875459805086,0.005335516786934516,0.008607328302588958
128,Walu,Kurung Kumey,Sarli,Arunachal Pradesh,True,27.9413919,93.1360402,-0.2729330017174943,98,0.3506975437048823,4,-0.2671993292302269,98,0.1630078089988923,4,-0.2547858035585771,121,0.3720396108526204,4,0.004536799539729297,0.9567875459805086,0.005335516786934516,0.008607328302588958
129,Waru,Kurung Kumey,Sarli,Arunachal Pradesh,True,27.8852647,93.0448126,-0.2860828604382245,98,0.3559476067389931,4,-0.2436209432300971,98,0.2838350058166744,4,-0.2559142932524794,120,0.3722185084519445,4,0.007542141796436279,0.4766336006225424,0.004067725428237842,0.02991074335417634
130,Chanli,Lower Dibang,Hunli-Desali,Arunachal Pradesh,True,28.2923493,96.0296242,-0.2185561591237774,86,0.3704739508369809,4,-0.2833558923360442,56,0.2939329257528164,4,-0.228705563194612,83,0.2585227187152977,4,-0.0025373510177086472,0.021199411315940553,-0.027987808030420804,0.9569431909632025
131,Broxer,Tawang,Jang-Thingbu,Arunachal Pradesh,True,27.622647,91.9631993,-0.185192079159141,24,0.4303194447689586,4,-0.2408452874106147,24,0.4021083322167396,4,-0.2527018439387017,30,0.3202222140961223,4,-0.01687744119489018,0.8769697296759931,-0.02752430766820908,0.9265896027666314
132,Luguthang,Tawang,Jang-Thingbu,Arunachal Pradesh,True,27.5948234,92.1857466,-0.1763408159053292,24,0.3211934394561327,4,-0.3684359706859867,24,0.3010011267810386,4,-0.1901906140818443,29,0.2454524842592386,4,-0.0034624495441287688,0.004178181845666095,-0.018935238799223528,0.9322827676229699
133,Mago,Tawang,Jang-Thingbu,Arunachal Pradesh,True,27.6883395,92.2081099,-0.2248700436281669,24,0.3468083338936169,4,-0.3002675361149303,24,0.3674722327788671,4,-0.2472000928221422,29,0.3161027759313583,4,-0.005582512298493825,0.08310918585344802,-0.007676389490564649,0.35279888512753127
134,Namazing,Tawang,Jang-Thingbu,Arunachal Pradesh,True,27.5506261,91.9768197,-0.2095335434183241,24,0.385983743575389,4,-0.3335034932189151,24,0.3565078465927876,4,-0.2298602278233645,30,0.3306306021229568,4,-0.0050816711012601,0.02336636063984495,-0.013838285363108048,0.9985931020839176
135,Rho,Tawang,Jang-Thingbu,Arunachal Pradesh,True,27.6141065,91.987227,-0.2424392569044748,48,0.3554208388961145,4,-0.3474825180179772,48,0.4290468226308409,4,-0.241946203672398,59,0.3437402504875242,4,0.00012326330801919888,1.6446339102910148e-05,-0.002920147102147566,0.015945715740816963
136,Kitpi,Tawang,Kitpi,Arunachal Pradesh,True,27.5731189,91.90284,-0.2470146237267277,24,0.7674832500384322,4,-0.2932377377706444,24,0.6714118242795978,4,-0.2442043582337215,30,0.8910295632002608,4,0.0007025663732515494,0.0026043194677309416,0.030886578290457156,0.31482191002801113
137,Kitpi II,Tawang,Kitpi,Arunachal Pradesh,True,27.5731189,91.90284,-0.2470146237267277,24,0.7674832500384322,4,-0.2932377377706444,24,0.6714118242795978,4,-0.2442043582337215,30,0.8910295632002608,4,0.0007025663732515494,0.0026043194677309416,0.030886578290457156,0.31482191002801113
138,Famla,Tawang,Tawang,Arunachal Pradesh,True,27.5612427,91.8523298,-0.2373099942768488,24,0.5054386891382752,4,-0.3170842369598033,24,0.5417632160224314,4,-0.2583949496586039,30,0.6432902140477914,4,-0.005271238845438772,0.06504116598552272,0.03446288122737906,0.9306018908215721
139,Gyangong Ani Gompa,Tawang,Tawang,Arunachal Pradesh,True,27.6003059,91.8525209,-0.1982061657577514,24,0.4707505576911249,4,-0.3050657620546868,24,0.4222405073232949,4,-0.3025976993875424,30,0.3747042411871786,4,-0.02609788340744774,0.732277903956613,-0.02401157912598657,0.9999657368006714
140,Jangda,Tawang,Tawang,Arunachal Pradesh,True,27.5942319,91.9742379,-0.2346466583690067,24,0.4276523754236122,4,-0.3469508675210828,24,0.4135129754484103,4,-0.238259627493154,30,0.3817155677362704,4,-0.0009032422810368243,0.0008011890450093247,-0.01148420192183544,0.9530581781692847
141,Mandrelling,Tawang,Tawang,Arunachal Pradesh,True,27.5952914,91.8697249,-0.1111895835320829,24,1.1382530873593395,4,-0.2410904758623531,24,2.304244137758104,4,-0.1103629463735509,30,2.616215016513496,4,0.00020665928963299954,3.0178277439872964e-05,0.3694904822885391,0.8998484072314697
142,Sakpret,Tawang,Tawang,Arunachal Pradesh,True,27.57568,91.79901,-0.2462435329384672,24,0.4025028152978634,4,-0.3313293489612376,24,0.1737077694621172,4,-0.2841532916596281,30,0.308291103187445,4,-0.009477439680290224,0.19773070945202975,-0.0235529280276046,0.16781563852508355
143,Shyro,Tawang,Tawang,Arunachal Pradesh,True,27.5744459,91.9464757,-0.254674460941439,24,0.465676511681425,4,-0.3230276699106738,24,0.727655894307623,4,-0.2752112095157553,30,0.6624443152699545,4,-0.005134187143579078,0.0857193102492476,0.049191950897132374,0.5203819665944042
144,Singsore Ani Gompa,Tawang,Tawang,Arunachal Pradesh,True,27.5952914,91.8697249,-0.1111895835320829,24,1.1382530873593395,4,-0.2410904758623531,24,2.304244137758104,4,-0.1103629463735509,30,2.616215016513496,4,0.00020665928963299954,3.0178277439872964e-05,0.3694904822885391,0.8998484072314697
145,Tawang Gompa,Tawang,Tawang,Arunachal Pradesh,True,27.5866091,91.8573902,-0.2102368654246078,24,0.6519112744634704,4,-0.2878356620602804,24,0.6307979929926141,4,-0.1937433025322821,30,0.7883258945574718,4,0.004123390723081419,0.026939782392606106,0.03410365502350035,0.6362793755549907
146,Thongleng,Tawang,Tawang,Arunachal Pradesh,True,27.57294,91.79215,-0.238385536347482,24,0.4080839021270778,4,-0.3564092319105575,24,0.1956377521731686,4,-0.3176967147794408,30,0.3319019341414748,4,-0.019827794607989696,0.4344401381722223,-0.01904549199640075,0.12525055898452883
147,Brokenthang,Tawang,Zemithang-Dudunghar,Arunachal Pradesh,True,27.7352592,91.724121,-0.2472612270766575,24,0.3906411687823597,4,-0.3153568257080308,24,0.2413470150381159,4,-0.2817784949276244,30,0.3306777340488842,4,-0.008629316962741725,0.2569255049570981,-0.014990858683368883,0.15926549937298043
148,Gorsam,Tawang,Zemithang-Dudunghar,Arunachal Pradesh,True,27.6973252,91.7142454,-0.2033768928861319,24,0.459007236199066,4,-0.2878602518033209,24,0.4125305947923289,4,-0.2388825054573524,30,2.25861235607718,4,-0.008876403142805127,0.17514024568032618,0.44990127996952844,0.7306430692172391
149,Kharman,Tawang,Zemithang-Dudunghar,Arunachal Pradesh,True,27.691851,91.7463062,-0.2079489623030737,24,0.4359535889604213,4,-0.269678871580252,24,0.3747287458954774,4,-0.2688202097870728,30,0.3098797524635424,4,-0.01521781187099977,0.7394224279390846,-0.03151845912421973,0.9997246268358656
150,Lumpo,Tawang,Zemithang-Dudunghar,Arunachal Pradesh,True,27.7204821,91.7144005,-0.263471512359136,24,0.4066414937743671,4,-0.281529163936982,24,0.3028887019261418,4,-0.3012982152007754,30,0.4355424926918358,4,-0.00945667571040984,0.9993181506335492,0.007225249729367181,0.042912089547641155
151,Maling,Tawang,Zemithang-Dudunghar,Arunachal Pradesh,True,27.6350823,92.0693622,-0.289552423367962,48,0.3314643618391457,4,-0.3368398609499949,48,0.4295657057406378,4,-0.2807254313238385,59,0.2905233875746716,4,0.002206748011030879,0.021394281788573784,-0.010235243566118518,0.08207688459938668
152,Muktur,Tawang,Zemithang-Dudunghar,Arunachal Pradesh,True,27.5800562,91.6627629,-0.2426375560023411,24,0.43266721812379,4,-0.2913208016846397,24,0.2902090334506869,4,-0.2597698999790633,30,0.3469593091021679,4,-0.004283085994180549,0.12032566317371296,-0.02142697725540553,0.3570477059952836
153,Ramyang,Tawang,Zemithang-Dudunghar,Arunachal Pradesh,True,27.514701,91.6549664,-0.222300355852108,24,0.4197701747307863,4,-0.2931912424292873,24,0.2023570629780602,4,-0.2738575323766516,30,0.2995123323971915,4,-0.012889294131135903,0.49484792242025666,-0.030064460583398702,0.3048062138962579
154,Shakti,Tawang,Zemithang-Dudunghar,Arunachal Pradesh,True,27.61139,91.71387,-0.2575184746674169,24,0.3880957657417369,4,-0.29820095406289,24,0.3313864159391558,4,-0.2626618180609451,30,0.2780150393302031,4,-0.0012858358483820442,0.013476081174117499,-0.027520181602883442,0.9996935999916235
155,Shoktsen,Tawang,Zemithang-Dudunghar,Arunachal Pradesh,True,27.7416556,91.7318533,-0.2709716419490574,24,0.3772250004609426,4,-0.2899962816838191,24,0.4043833292192883,4,-0.26580456922747,30,0.3194972159465154,4,0.001291768180396849,0.04112230106681349,-0.014431946128606793,0.4433192573561418
156,Sirdi,Tawang,Zemithang-Dudunghar,Arunachal Pradesh,True,27.6466524,91.7230296,-0.2256970927509111,24,0.3810212085954845,4,-0.2809938625049047,24,0.2975251112865018,4,-0.2502320400332377,30,0.3041517878217357,4,-0.006133736820581645,0.1960373819213244,-0.019217355193437202,0.6857841581938929
157,Bishing,Upper Siang,Singa-Gelling,Arunachal Pradesh,True,29.1107736,95.0268102,-0.3099695296338258,25,0.3785300560975925,4,-0.3067329430622233,25,0.1803340769988922,4,-0.2502253155535534,31,0.2564114711531552,4,0.014936053520068104,0.7905048605463811,-0.03052964623610932,0.3729333321550845
158,Bona,Upper Siang,Singa-Gelling,Arunachal Pradesh,True,29.0974164,94.9475348,-0.3281241430803523,25,0.3705430055794931,4,-0.2573513158778948,25,0.3056284397216195,4,-0.3048509864300485,31,0.2997216138056384,4,0.005818289162575957,0.10407275398400673,-0.01770534794346368,0.8120822475034946
159,Mankota,Upper Siang,Singa-Gelling,Arunachal Pradesh,True,28.8878329,95.0759463,-0.2785050209242667,104,0.2101929600223464,4,-0.2348713258148331,100,0.1833976504186655,4,-0.2704051839147016,123,0.3016135374071613,4,0.0020249592523912813,0.03044743613480941,0.022855144346203726,0.5438697916597137
160,Mayum,Upper Siang,Singa-Gelling,Arunachal Pradesh,True,29.0924208,94.9597907,-0.3012780907445399,25,0.2898435756220644,4,-0.2605755442570122,25,0.3608644364563222,4,-0.2955827963367998,31,0.2848161393868543,4,0.0014238236019350203,0.016693157564708995,-0.0012568590588025313,0.003493424438371416
161,Tashi Gaon,Upper Siang,Singa-Gelling,Arunachal Pradesh,True,28.8743385,95.1028336,-0.301067971730303,104,0.1120731033734046,4,-0.2658792106504374,100,0.219612158502319,4,-0.3080268451683291,123,0.1889536823811275,4,-0.0017397183595065366,0.023714187778394104,0.019220144751930724,0.4814462194064257
162,Jido,Upper Siang,Tuting,Arunachal Pradesh,True,28.9820594,94.904882,-0.2299745521624265,25,0.3402375785356068,4,-0.2158327751118371,25,0.4172955756687985,4,-0.2093119374577437,31,0.5107872882271339,4,0.005165653676170695,0.9566223777688725,0.04263742742288178,0.9969146369565491
163,Lali,Upper Siang,Tuting,Arunachal Pradesh,True,29.0003932,94.8912175,-0.1872954124346116,25,0.3625192072009413,4,-0.2311986865440174,25,0.4580735396736933,4,-0.1767656093399783,31,0.4764654273913538,4,0.0026324507736583194,0.03325415292657588,0.028486555047603123,0.8674088054983017
164,Ngaming,Upper Siang,Tuting,Arunachal Pradesh,True,28.9686342,94.9381419,-0.2521236393223474,25,0.237024466771305,4,-0.238739727981207,25,0.2146551705010077,4,-0.2228525638544452,31,0.2615405986452262,4,0.007317768866975542,0.9975680573062988,0.006129032968480302,0.2732276915519557
165,Nyering,Upper Siang,Tuting,Arunachal Pradesh,True,28.9360701,95.0104597,-0.3206596731152364,26,0.1855833273960484,4,-0.2393105099063745,25,0.2888805535270108,4,-0.2919808416940024,31,0.218999999049637,4,0.007169707855308501,0.12078262516897437,0.008354167913397145,0.10047885451232162
166,Pango,Upper Siang,Tuting,Arunachal Pradesh,True,28.8870297,94.7578559,-0.2673373841756246,52,0.4220027501111502,4,-0.2189063042818276,50,0.185340656536621,4,-0.2184037746696158,61,0.2102884538226074,4,0.012233402376502195,0.7577013949162665,-0.052928574072135685,0.6627065245928957
167,Pekong,Upper Siang,Tuting,Arunachal Pradesh,True,28.9878787,94.8919255,-0.1826353243500216,25,0.3113276014174697,4,-0.2375258637862867,25,0.3966851461422681,4,-0.1714506773974183,31,0.7041823590409729,4,0.0027961617381508305,0.02500593598207053,0.0982136894058758,0.9036869853691256
168,Pekong,Upper Siang,Tuting,Arunachal Pradesh,True,28.9878787,94.8919255,-0.1826353243500216,25,0.3113276014174697,4,-0.2375258637862867,25,0.3966851461422681,4,-0.1714506773974183,31,0.7041823590409729,4,0.0027961617381508305,0.02500593598207053,0.0982136894058758,0.9036869853691256
169,Pokbir,Upper Siang,Tuting,Arunachal Pradesh,True,28.963981,94.9375517,-0.2381900440281727,25,0.1984350912608985,4,-0.2565742164059378,25,0.1907508214904923,4,-0.2176772010343884,31,0.2747167189522545,4,0.005128210748446077,0.2778342695413438,0.019070406922839005,0.6751385024434671
170,Rishing,Upper Siang,Tuting,Arunachal Pradesh,True,28.9984023,94.8852907,-0.1591169550986722,25,0.3043103490575933,4,-0.2437474204790879,25,0.5862263593246728,4,-0.1494250022038095,31,0.4818159203905947,4,0.002422988223715679,0.008722912379711099,0.044376392833250344,0.38775728918835517
171,Tenggo,Upper Siang,Tuting,Arunachal Pradesh,True,29.0668244,94.478654,-0.264907054654695,25,0.4186147929685269,4,-0.2540697098916087,25,0.121967434833776,4,-0.301767363193778,31,0.2291473418178148,4,-0.009215077134770752,0.5432995868940577,-0.04736686278767802,0.39773115015032
172,Dadu,Upper Subansiri,Limeking,Arunachal Pradesh,True,28.3625828,93.5395735,-0.2441969553929839,25,0.3846961369501293,4,-0.311257023023623,25,0.2656850805187093,4,-0.2215951590384405,30,0.1403176784762361,4,0.0056504490886358505,0.05873023352722463,-0.06109461461847329,0.9997745397511829
173,Gumsing,Upper Subansiri,Limeking,Arunachal Pradesh,True,28.4321817,93.2172532,-0.2955743480612522,49,0.3683591099075191,4,-0.2603012300850905,49,0.3240220968235923,4,-0.3003399760917148,60,0.2461049774733696,4,-0.0011914070076156497,0.011869948968737814,-0.03056353310853737,0.9754682285326277
174,Lingbing,Upper Subansiri,Limeking,Arunachal Pradesh,True,28.4367283,93.2151175,-0.2928582995310144,49,0.3932008811048588,4,-0.2439587563733404,49,0.3852980095095455,4,-0.283833973909853,60,0.2954359909490771,4,0.00225608140529035,0.03006857047935418,-0.02444122253894543,0.8101986538065741
175,Redding,Upper Subansiri,Limeking,Arunachal Pradesh,True,28.4851077,93.4621565,-0.2590413442412375,49,0.3899696068539804,4,-0.2689269970575866,49,0.2971961406054417,4,-0.3039979376511564,61,0.2817762392001916,4,-0.01123914835247973,0.9052944070258683,-0.027048341913447196,0.8544177591364328
176,Redding Camp,Upper Subansiri,Limeking,Arunachal Pradesh,True,28.4851077,93.4621565,-0.2590413442412375,49,0.3899696068539804,4,-0.2689269970575866,49,0.2971961406054417,4,-0.3039979376511564,61,0.2817762392001916,4,-0.01123914835247973,0.9052944070258683,-0.027048341913447196,0.8544177591364328
177,Taying,Upper Subansiri,Limeking,Arunachal Pradesh,True,28.4321817,93.2172532,-0.2955743480612522,49,0.3683591099075191,4,-0.2603012300850905,49,0.3240220968235923,4,-0.3003399760917148,60,0.2461049774733696,4,-0.0011914070076156497,0.011869948968737814,-0.03056353310853737,0.9754682285326277
178,Yaja,Upper Subansiri,Limeking,Arunachal Pradesh,True,28.4354329,93.2468461,-0.2622736517182615,49,0.4048773705161933,4,-0.2793984818027213,49,0.2134531763285697,4,-0.2889094837903238,60,0.2808500577009375,4,-0.006658958018015567,0.9734855957675875,-0.031006828203813952,0.4078988899452517
179,Chokar,Upper Subansiri,Nacho,Arunachal Pradesh,True,28.4279157,93.8094041,-0.2998144837719811,25,0.3750000028146638,4,-0.2039935777267312,25,0.1230694427755144,4,-0.2512787410536144,30,0.1855027779108947,4,0.012133935679591673,0.2565536251974272,-0.04737430622594226,0.5215512927260323
180,Jerigaon,West Kameng,Nafra,Arunachal Pradesh,True,27.3403204,92.4726477,-0.1920443106336286,24,0.4558677555594061,4,-0.2744530264239261,24,0.5687918450151171,4,-0.2242025056101957,29,0.5429743304183441,4,-0.008039548744141777,0.14987006748174142,0.021776643714734492,0.5418147423993853
181,Khellong,West Kameng,Nafra,Arunachal Pradesh,True,27.0133852,92.4145185,-0.3024517662834348,24,0.309070552416638,4,-0.3290555207904614,24,0.4879115448820364,4,-0.2676925113100439,30,0.3807614830146311,4,0.008689813743347721,0.3189906811968583,0.01792273264949827,0.1586135565007965
182,Gatam,Kra daadi,Pipsorang,Arunachal Pradesh,True,28.0979458,93.6001405,-0.2957266492807441,25,0.3726039296790456,4,-0.2878171802859504,25,0.3630477445179157,4,-0.2762334077023996,30,0.2791713436332981,4,0.0048733103945861195,0.9882956427334896,-0.023358146511436875,0.825825617269815
183,Habak,Kra daadi,Pipsorang,Arunachal Pradesh,True,28.1084846,93.5827385,-0.3082946397972654,25,0.3241340743762821,4,-0.2922887392487009,25,0.1040949721825855,4,-0.2729389570972674,30,0.3073743024684864,4,0.0088389206749995,0.9970271768774877,-0.004189942976948927,0.004680428848301866
184,Hapuk (I),Kra daadi,Pipsorang,Arunachal Pradesh,True,28.0967863,93.5839299,-0.2918609403879261,25,0.3507835331132474,4,-0.2939189339656542,25,0.258675311453716,4,-0.2976461038308873,30,0.2770603135849739,4,-0.0014462908607403013,0.9729999414496637,-0.018430804882068372,0.5718344252097137
185,Kokso,Kra daadi,Pipsorang,Arunachal Pradesh,True,28.0838152,93.6115937,-0.2823251420276094,25,0.2891816623232363,4,-0.2419166398785295,25,0.2026518617240194,4,-0.264353455720907,30,0.292033184499923,4,0.004492921576675593,0.19700086566706265,0.000712880544171679,0.0007876729672372494
186,Richik,Kra daadi,Pipsorang,Arunachal Pradesh,True,28.064816,93.6543383,-0.2708229325709395,25,0.3556874324510126,4,-0.2220129262447666,25,0.0460858593969767,4,-0.2303892038940233,30,0.2929012306143271,4,0.010108432169229048,0.5999634312125919,-0.01569655045917137,0.03679327861367171
187,Chungthang,North,Chungthang,Sikkim,True,27.604236,88.6465196,-0.1562212404581437,24,0.6308510039733456,4,-0.1991212566417512,24,1.954391704539635,4,-0.1480852306478738,31,1.2165513032980793,4,0.0020340024525674766,0.02200970446842401,0.14642507483118342,0.19496994198510662
188,Tung,North,Chungthang,Sikkim,True,27.5475,88.6493,-0.1841731370634743,24,0.3522742477348417,4,-0.2307795711334622,24,0.2568673373531205,4,-0.2185285302745676,31,0.2935869548233058,4,-0.008588848302773323,0.5054729394117528,-0.01467182322788396,0.37180963260368455
189,Chawang,North,Kabi Tingda,Sikkim,True,27.4415,88.5992,-0.23190962353755,24,0.4446871492343932,4,-0.2095999107821805,24,0.1728466707612508,4,-0.2379542113649093,31,0.288821878451371,4,-0.0015111469568398206,0.04095387092933828,-0.03896631769575555,0.32641071112311876
190,Labi,North,Kabi Tingda,Sikkim,True,27.4373,88.6584,-0.1627508314966589,24,0.3786971040385338,4,-0.1949418651475529,24,0.1244153674932524,4,-0.2361062177529526,31,0.2897522269617475,4,-0.018338846564073426,0.9950368192710002,-0.02223621926919657,0.11877872379640442
191,Paney-Phensong,North,Kabi Tingda,Sikkim,True,27.4340487,88.6127695,-0.2001843944461213,24,0.4371607333123352,4,-0.2168256492547174,24,0.1788904318488612,4,-0.2302229560412677,31,0.3232953249745162,4,-0.007509640398786599,0.9961275732124634,-0.028466352084454746,0.19347072242572771
192,Phamtam,North,Kabi Tingda,Sikkim,True,27.4557,88.61,-0.2147861873448862,24,0.4824101111527239,4,-0.2515832555199166,24,0.1411882008394498,4,-0.2213937221508176,31,0.2882387671912654,4,-0.0016518837014828508,0.028361487436031313,-0.04854283599036463,0.3217692385629753
193,Phodong,North,Kabi Tingda,Sikkim,True,27.4130306,88.5838702,-0.2160101280792248,24,0.5310151700362045,4,-0.1883213261444176,24,0.2570894282097489,4,-0.2590996844539514,31,0.6688695272055734,4,-0.010772389093681646,0.36487370545103404,0.03446358929234222,0.10813930556801438
194,Ramthang,North,Kabi Tingda,Sikkim,True,27.4039854,88.550947,-0.2141105627566323,24,0.5081123074276992,4,-0.2009125017527555,24,0.1425931147524654,4,-0.237545537297482,31,0.3072291167608502,4,-0.005858743635212431,0.3988624738028809,-0.05022079766671225,0.30105478964699
195,Rongong,North,Kabi Tingda,Sikkim,True,27.4092,88.5635,-0.2448533087141399,24,0.4955133935436605,4,-0.2292616612145037,24,0.1456166282462488,4,-0.2658987353486089,31,0.3035770142949852,4,-0.005261356658617253,0.3275501649503513,-0.047984094812168816,0.2999659070472456
196,Tangyek,North,Kabi Tingda,Sikkim,True,27.4207,88.527,-0.2019219901943723,24,0.4249437559308029,4,-0.2142014857643513,24,0.1688835800398053,4,-0.2123040183880351,31,0.3687795401960443,4,-0.002595507048415699,0.6166913593241202,-0.01404105393368965,0.04353740249283362
197,Tingchim,North,Kabi Tingda,Sikkim,True,27.4607586,88.5277316,-0.2193765201988484,24,0.4896380370848642,4,-0.2105606682601148,24,0.2104377149030415,4,-0.212038309706238,31,0.416335567413891,4,0.001834552623152602,0.6039087124664986,-0.0183256174177433,0.06410975374978815
198,Tingda,North,Kabi Tingda,Sikkim,True,27.3957,88.6272,-0.151364883540561,24,0.5061284813135031,4,-0.1678049835514109,24,0.2382625681727958,4,-0.2339227468527559,31,0.3367290437554514,4,-0.02063946582804873,0.8923045659734832,-0.042349859389512926,0.3907999379067319
199,Tumlong,North,Kabi Tingda,Sikkim,True,27.4198712,88.5898311,-0.218199313490283,24,0.4772160297844617,4,-0.1963441711074699,24,0.1530567911393392,4,-0.260799764863902,31,0.3374972149298291,4,-0.010650112843404752,0.42224455722922233,-0.03492970371365815,0.18460620969927982
200,Lachen,North,Lachen,Sikkim,True,27.7305455,88.5469054,-0.1531803731773421,24,0.5748744416715843,4,-0.2210326182303125,24,0.4317159580199847,4,-0.2488445230021299,31,0.3793191960513858,4,-0.023916037456196946,0.9448268165374651,-0.04888881140504962,0.9330068946401273
201,Lachung,North,Lachung,Sikkim,True,27.7794,88.7152648,-0.1235716275312296,24,0.4371599673959058,4,-0.2731251839671977,24,0.3174693462508444,4,-0.316829477582814,31,0.2741694481609391,4,-0.048314462512896096,0.9090946896032014,-0.04074762980874168,0.9317745887124422
202,Barfok,North,Passingdang,Sikkim,True,27.4977,88.491,-0.2450196417148689,24,0.4505300491440052,4,-0.1991973306641606,24,0.0195209755564357,4,-0.2619555101364135,31,0.2372023793710332,4,-0.004233967105386149,0.06802037411233931,-0.053331917443243,0.24496654788125144
203,Gor,North,Passingdang,Sikkim,True,27.4302826,88.4984203,-0.2238296663641864,24,0.3847827294811977,4,-0.2087465518089188,24,0.1339926638516427,4,-0.2221188008106836,31,0.2961399582452214,4,0.0004277163883757012,0.010728530158513338,-0.022160692808994076,0.12145209194261222
204,Hee-Gyathang,North,Passingdang,Sikkim,True,27.4816,88.4991,-0.2262419344833462,24,0.4810251492028795,4,-0.1782819721339346,24,0.1335167625762897,4,-0.2310918416361116,31,0.3255251434262238,4,-0.0012124767881913495,0.0069011191928355555,-0.03887500144416392,0.19949654963920674
205,Lingdem,North,Passingdang,Sikkim,True,27.5494817,88.4569319,-0.1942141994596004,24,0.3334882375841578,4,-0.2083836432273554,24,0.2195576685173113,4,-0.2263338709508971,31,0.2748852105850869,4,-0.008029917872824179,0.9954027395365427,-0.01465075674976772,0.2645086783532913
206,Lingdong,North,Passingdang,Sikkim,True,27.5073091,88.5194632,-0.2287223590441839,24,0.4314475077000483,4,-0.1511348796866301,24,0.1348871313388676,4,-0.2449311617207275,31,0.3664446953457043,4,-0.004052200669135905,0.026132658140386927,-0.016250703088586005,0.04347312723981417
207,Lingthem,North,Passingdang,Sikkim,True,27.5224732,88.5014686,-0.2085864904021359,24,0.4570315969649609,4,-0.1923080121928791,24,0.1576495462730022,4,-0.2472342976994474,31,0.3188826124568555,4,-0.009661951824327879,0.4691574403426943,-0.03453724612702634,0.21251229312537986
208,Lingzah-Tolung,North,Passingdang,Sikkim,True,27.571,88.4466,-0.1721754636606008,24,0.4133351867921344,4,-0.2017337238102119,24,0.1542341801421624,4,-0.1583435340717593,31,0.2830660347139399,4,0.0034579823972103736,0.09735770695223452,-0.032567288019548626,0.2527787240909397
209,Lum,North,Passingdang,Sikkim,True,27.394,88.48,-0.2545870746368931,24,0.3942617449984454,4,-0.1520101038648258,24,0.1428523478942029,4,-0.251865411575625,31,0.2872315373863416,4,0.0006804157653170356,0.0005419946466812582,-0.026757551903025947,0.17991464434617094
210,Namok,North,Passingdang,Sikkim,True,27.4504654,88.5375829,-0.2069565917844956,24,0.3841957250783897,4,-0.2081838321918686,24,0.1913104571728926,4,-0.2331782946071097,31,0.3576631135358585,4,-0.006555425705653525,0.7850213710444632,-0.006633152885632806,0.01610153128195996
211,Sakyong-Pentong,North,Passingdang,Sikkim,True,27.5797,88.4049,-0.1695966937024533,24,0.3890334421139455,4,-0.2240251085133752,24,0.1805640568876482,4,-0.2488140021637035,31,0.2453996632205926,4,-0.019804327115312548,0.9554165466434833,-0.035908444723338234,0.45313033336615466
212,Salim Pakel,North,Passingdang,Sikkim,True,27.5379,88.5518,-0.1739420660763628,24,0.4606416624784469,4,-0.1830487204715677,24,0.2416666701104906,4,-0.2639275988316242,31,0.3351638817787171,4,-0.022496383188815347,0.8250458487739397,-0.03136944517493245,0.32603765638949994
213,Sangtok,North,Passingdang,Sikkim,True,27.4091,88.504,-0.2302362051215175,24,0.3968672612922935,4,-0.1819630637418517,24,0.1265185580193929,4,-0.2440962616957908,31,0.2952306081024413,4,-0.0034650141435683263,0.04514410757404307,-0.025409163297463053,0.1384940212153242
214,Sheyam,North,Passingdang,Sikkim,True,27.4367,88.528,-0.2015742274625935,24,0.4166648125182317,4,-0.2346494179527014,24,0.2027486006307868,4,-0.2186421593968359,31,0.3253184342517533,4,-0.004266982983560597,0.2662001199589641,-0.0228365945666196,0.18105978571101974
215,Shipgyer,North,Passingdang,Sikkim,True,27.5544461,88.6336147,-0.2104321201699476,24,0.4249575707842321,4,-0.2582385300693445,24,0.2350395938288841,4,-0.270401071495212,31,0.295673068191401,4,-0.014992237831316091,0.894646933948548,-0.03232112564820777,0.4440637603222756
216,Tingbong,North,Passingdang,Sikkim,True,27.5524,88.4984,-0.2196588998672562,24,0.4522830836300854,4,-0.2007813470466285,24,0.1411206906244937,4,-0.2582526291453725,31,0.2945439254614349,4,-0.009648432319529075,0.43393021576913066,-0.03943478954216263,0.2569667797458508
217,Zimchung,North,Passingdang,Sikkim,True,27.4903,88.5321,-0.200192623932663,24,0.4851290734127314,4,-0.1924948846166673,24,0.2120791296030402,4,-0.2124664197324079,31,0.483145340056264,4,-0.003068448949936228,0.3711935859913752,-0.0004959333391168497,3.987376911289589e-05
218,Bampa,Chamoli,Joshimath,Uttarakhand,True,30.7436664,79.8297153,-0.0379730983910842,24,0.4466109949902727,4,-0.2001279188283898,24,0.5317241396626522,4,-0.0383544059697151,30,0.5164439601759458,4,-9.532689465772612e-05,4.156927505642497e-06,0.017458241296418292,0.5920951039440551
219,Gamsali,Chamoli,Joshimath,Uttarakhand,True,30.7559986,79.8261873,0.0071876580677215,24,0.4173837816070866,4,-0.1590908020029095,24,0.5050756760545679,4,0.0236688771425741,30,0.6271081220459293,4,0.00412030476871315,0.006644447488206647,0.05243108510971065,0.9911420847657355
220,Gurguti,Chamoli,Joshimath,Uttarakhand,True,30.7738,79.8758,0.0722460333308687,24,0.4239824927805288,4,-0.1131485316800414,24,0.4501258224509737,4,0.0453570916616624,30,0.4416520836838487,4,-0.006722235417301573,0.018009885886617536,0.004417397725829969,0.4387119513402325
221,Joshimath,Chamoli,Joshimath,Uttarakhand,True,30.5555752,79.5612607,-0.0887682203036204,24,3.650337121247474,4,-0.1778982350875843,24,4.621205621552698,4,-0.0983583779642883,29,9.61591963577682,4,-0.0023975394151669743,0.009605192501416886,1.4913956286323364,0.8683158889395038
222,Kailashpur,Chamoli,Joshimath,Uttarakhand,True,30.7148,79.8639,0.0370121085120228,48,0.3858305930829884,4,-0.0446609038950775,48,0.441559759671228,4,0.0457535134593475,60,0.4977439737699011,4,0.0021853512368311748,0.007681333097032807,0.02797834517172817,0.9999944890584227
223,Mahargaon,Chamoli,Joshimath,Uttarakhand,True,30.4061118,79.4205814,-0.2099192022220597,24,0.7889836207765047,4,-0.269075630674169,24,1.0139918026376942,4,-0.2055082929885006,29,1.3321202680061426,4,0.0011027273083897768,0.0038604712470601283,0.13578416180740946,0.9902968109998075
224,Malari,Chamoli,Joshimath,Uttarakhand,True,30.6845508,79.8893688,-0.0355563753697051,48,0.4313864679641079,4,-0.1100570698284936,48,0.5287991165138749,4,-0.0154357927255003,60,0.7274836150189155,4,0.0050301456610512,0.040732586287826264,0.07402428676370189,0.9624702974768042
225,Mana,Chamoli,Joshimath,Uttarakhand,True,30.9671228,79.4109692,0.0371100658570066,24,0.3644542974489991,4,-0.0412877835994527,24,0.4442983894899326,4,0.112834650120594,29,0.4969408665933917,4,0.018931146065896846,0.2413784689716039,0.03312164228609815,0.9861431543652505
226,Bilju,Pithoragarh,Munsyari,Uttarakhand,True,30.3949398,80.1659059,-0.0509540717147427,24,0.3729972768736923,4,-0.2952140567562951,24,0.4470353250594243,4,-0.0466619641384146,29,0.5044755442958812,4,0.001073026894082025,0.0002275102398864878,0.03286956685554722,0.994715883036346
227,Burphu,Pithoragarh,Munsyari,Uttarakhand,True,30.3666548,80.1842308,-0.1274855040592835,24,0.363057080954804,4,-0.2819738632192757,24,0.4239242532250648,4,-0.0993067907804323,29,0.4590532400867156,4,0.0070446783197128,0.020525622132336222,0.023999039782977905,0.9765985400772406
228,Martoli,Pithoragarh,Munsyari,Uttarakhand,True,30.3482498,80.1931552,-0.1079288478943565,24,0.3521522428485414,4,-0.2243482802715583,24,0.4196084294823148,4,-0.0796089315303623,29,0.449457833010944,4,0.007079979090998548,0.03407526250339308,0.024326397540600647,0.952572152461136
229,Rilkot,Pithoragarh,Munsyari,Uttarakhand,True,30.3104468,80.2080315,-0.1355870103652344,24,0.3494602001415345,4,-0.2888194867298899,24,0.4722764409810402,4,-0.1653894493113268,29,0.4765948789070321,4,-0.007450609736523096,0.03364053814625396,0.0317836696913744,0.7754451796999293
230,Tola,Pithoragarh,Munsyari,Uttarakhand,True,30.3356863,80.2121168,-0.1924183754787415,24,0.3532472845652829,4,-0.2599923336900077,24,0.4669891292958156,4,-0.1597774834468472,29,0.4128994565619074,4,0.008160223007973574,0.1019568727629293,0.01491304299915612,0.2748311134121479
231,Baling,Pithoragarh,Dharchula or Kanalichhina (unresolved),Uttarakhand,True,30.2092254,80.5479905,-0.2991348105396518,24,0.376882443674724,4,-0.3320894601057902,24,0.3317849391976518,4,-0.2791062694879366,29,0.4988867814530531,4,0.0050071352629288,0.14011687461078806,0.03050108444458227,0.4979183102111737
232,Dar,Pithoragarh,Dharchula or Kanalichhina (unresolved),Uttarakhand,True,30.069216,80.602947,-0.2271106589093042,24,0.3673076917836953,4,-0.3207540841934539,24,0.3850192288612271,4,-0.2406701263687057,31,0.4001043890858745,4,-0.0033898668648503698,0.017947528773263485,0.008199174325544789,0.9978669293684462
233,Dugtu,Pithoragarh,Dharchula or Kanalichhina (unresolved),Uttarakhand,True,30.21,80.5679,-0.1632325889021531,24,0.323649837438152,4,-0.2924832924862538,24,0.3196898993231462,4,-0.1659307337402583,29,0.4381037383584631,4,-0.0006745362095263024,0.00033365273379660647,0.028613475230077776,0.7240810822933411
234,Garbyang,Pithoragarh,Dharchula or Kanalichhina (unresolved),Uttarakhand,True,30.1251387,80.8575277,-0.1532000654496751,49,0.35387132530514,4,-0.1913699034656184,49,0.4294465660983889,4,-0.1651867324769372,59,0.4628571324546048,4,-0.0029966667568155215,0.0942711140705061,0.027246451787366205,0.9524783542014839
235,Gunji,Pithoragarh,Dharchula or Kanalichhina (unresolved),Uttarakhand,True,30.1865763,80.8508108,-0.1180479621401545,49,0.34366923244211,4,-0.1577584869700617,49,0.444389371529858,4,-0.1091872606291237,58,0.4816976993916982,4,0.0022151753777577,0.02933492573915217,0.03450711673739705,0.9342713427353344
236,Kuti,Pithoragarh,Dharchula or Kanalichhina (unresolved),Uttarakhand,True,30.3078792,80.7599224,-0.098640776351316,24,0.3790512491858512,4,-0.2522659290962942,24,0.3756324935180411,4,-0.0951920547907884,29,0.5965648820642037,4,0.0008621803901318996,0.0003694853618725625,0.054378408219588115,0.7382147925662457
237,Navi,Pithoragarh,Dharchula or Kanalichhina (unresolved),Uttarakhand,True,30.2049725,80.8373063,-0.0862193121751693,24,0.3406875660054886,4,-0.2035625761758274,30,0.3874064781943827,4,-0.0539836783360345,36,0.493712869414402,4,0.0080589084597837,0.04192045461654347,0.03825632585222835,0.9518885576146378
238,Rongkong (Raung Kong),Pithoragarh,Dharchula or Kanalichhina (unresolved),Uttarakhand,True,30.2033451,80.8316381,-0.1789569355722637,24,0.3122464205162002,4,-0.201133693041311,25,0.3111356092655935,4,-0.147244077956554,31,0.4815628467150271,4,0.007928214403927422,0.34272911139864715,0.042329106549706716,0.7450797873893585
239,Sela,Pithoragarh,Dharchula or Kanalichhina (unresolved),Uttarakhand,True,30.1472581,80.6056591,-0.2321279838945283,24,0.3572777134461408,4,-0.3365276004965186,24,0.3031092231150647,4,-0.2190905514601642,31,0.4952112952846335,4,0.0032593581085910216,0.010255616780378294,0.03448339545962317,0.4848284804639838
240,Tidang,Pithoragarh,Dharchula or Kanalichhina (unresolved),Uttarakhand,True,30.246,80.5487,-0.2334181806040653,24,0.376171269502429,4,-0.3076724963712872,24,0.437455803287622,4,-0.2130889087131668,29,0.4319033099472192,4,0.005082317972724626,0.041680721411887486,0.013933010111197547,0.6759471485339492
241,Amali,Pithoragarh,Dharchula or Kanalichhina (unresolved),Uttarakhand,True,29.7039,80.3278,-0.232366989912705,24,0.339110255924635,4,-0.2599001434112516,24,0.3879939949863863,4,-0.2291055026873583,29,0.3902674695745306,4,0.0008153718063366732,0.009292805111487562,0.012789303412473904,0.783261956444847
242,Bagori,Uttarkashi,Bhatwari,Uttarakhand,True,30.7702443,78.4746317,-0.240225134211579,44,0.4264192865315908,4,-0.299236544173085,48,0.4592063886114473,4,-0.1880100800312073,53,0.5492443047455821,4,0.013053763545092925,0.220107598404077,0.03070625455349782,0.9324690543329323
243,Dharali,Uttarkashi,Bhatwari,Uttarakhand,True,31.0408468,78.7815312,-0.1699216292654067,48,0.502179085083121,4,-0.2129260963487225,48,0.5742017256403433,4,-0.1259267278232468,60,1.7718446798694945,4,0.010998725360539974,0.2557135466760688,0.3174163986965933,0.7923996195213591
244,Harshil,Uttarkashi,Bhatwari,Uttarakhand,True,31.0350501,78.7572289,-0.1745416783408534,48,0.5368971869878799,4,-0.1960175650777263,48,0.6739370211461645,4,-0.1604280614866765,60,1.0230005526568329,4,0.00352840421354423,0.15505348625404042,0.12152584141723824,0.9403668685051919
245,Jadung,Uttarkashi,Bhatwari,Uttarakhand,True,31.1648,79.0397,0.0533064814962395,48,0.3517768843840526,4,0.0156664969108514,48,0.400298382325839,4,0.055900737828575,60,0.415932792264928,4,0.0006485640830838756,0.003318302909646587,0.01603897697021886,0.9194638379880172
246,Jaspur,Uttarkashi,Bhatwari,Uttarakhand,True,30.727214,78.4636435,-0.2408613614596579,44,0.9304107352520002,4,-0.3154542771272045,48,1.0515114844563496,4,-0.2558427058892374,53,1.5944769916503088,4,-0.0037453361073948796,0.03603703960885749,0.16601656409957713,0.8814262889742273
247,Jhala,Uttarkashi,Bhatwari,Uttarakhand,True,31.0248573,78.7101354,-0.1749008962041681,48,0.4302945947969281,4,-0.2569854683953944,48,0.5156918894600224,4,-0.1773130119062683,60,0.7343108226157524,4,-0.0006030289255250509,0.0006666556794870639,0.07600405695470608,0.9398424928407054
248,Mukhawa,Uttarkashi,Bhatwari,Uttarakhand,True,31.0542,78.7901,-0.0815484292947489,48,0.3858109549344163,4,-0.1358731187696555,48,0.3362083753248803,4,-0.0355057069974927,60,0.479470991294443,4,0.01151068057431405,0.20996744066494302,0.02341500909000667,0.41434607712354243
249,Nelang,Uttarkashi,Bhatwari,Uttarakhand,True,31.121954,79.0304088,0.1048271222538235,48,0.3876408440255654,4,0.0714085967786632,48,0.4364680325287522,4,0.108773701856734,60,0.3825812524796049,4,0.0009866449007276262,0.009239869594742987,-0.0012648978864901322,0.007226753107199421
250,Purali,Uttarkashi,Bhatwari,Uttarakhand,True,31.0299258,78.7099965,-0.1941025937854157,48,0.4164324330639194,4,-0.2734061836569398,48,0.543605410215017,4,-0.1871067447595899,60,0.5885378340450493,4,0.001748962256456446,0.005325331148570449,0.04302635024528248,0.9292699920786477
251,Sukki,Uttarkashi,Bhatwari,Uttarakhand,True,31.014,78.7108,-0.1846245415077692,48,0.4175573180075816,4,-0.2341281179610432,48,0.5370605847265523,4,-0.1657464923318321,60,0.7189192108191778,4,0.00471951229398427,0.07143777327999946,0.07534047320289904,0.9859299478513315
