village_id,village,district,block,state,is_core_sample,latitude,longitude,vv_before,vh_before,vv_after,vh_after,sar_before_image_count,sar_after_image_count
1,Metengliang,Anjaw,Chaglagam,Arunachal Pradesh,True,28.2053139,96.5325529,-7.733108597797475,-14.19920341325824,-8.010508677039923,-14.409420378070537,11,14
2,Chipra,Anjaw,Chaglagam,Arunachal Pradesh,True,28.2687337,96.564114,-5.226190476001987,-12.164543524654075,-5.707365319577949,-12.520033825135789,11,14
3,Mithumna,Anjaw,Chaglagam,Arunachal Pradesh,True,28.2346775,96.535261,-9.059189508593743,-15.422508980145038,-9.321580068874445,-15.839395223861082,11,14
4,Pailiang,Anjaw,Chaglagam,Arunachal Pradesh,True,28.1966606,96.5083691,-2.23992534660236,-9.420988349965532,-2.537991616010719,-9.749528594149696,11,14
5,Glotong,Anjaw,Hayuliang,Arunachal Pradesh,True,28.2051645,96.6850333,-7.898874542133837,-14.711245089573778,-8.132121007503235,-14.859512842756915,11,14
6,Hayuliang,Anjaw,Hayuliang,Arunachal Pradesh,True,28.081317,96.5236674,-5.493974608039937,-13.05922303871634,-5.6539255939511,-13.285901317316739,11,20
7,Keletong,Anjaw,Hayuliang,Arunachal Pradesh,True,28.123006,96.6192583,-7.162958734304242,-14.071500678980376,-7.396657540078857,-14.32432624659484,11,14
8,Kongra(Metung),Anjaw,Hayuliang,Arunachal Pradesh,True,28.0695862,96.5735857,-11.45414222085768,-17.853250668994885,-11.965707277085704,-18.3958473128242,11,20
9,Zapaliang,Anjaw,Hayuliang,Arunachal Pradesh,True,28.009235,96.4411122,-10.706908449975634,-17.808253276535165,-11.034107308597811,-17.942970205582103,11,15
10,Chenguinty,Anjaw,Walong,Arunachal Pradesh,True,27.8858991,96.8520327,-8.629306369375787,-14.892280749266783,-8.843450230911287,-15.12283308672489,11,15
11,Dhanbari,Anjaw,Walong,Arunachal Pradesh,True,28.0078075,96.6214266,0.3396104619600234,-7.02989418662171,-0.1033379927552919,-7.407094846228486,22,19
12,Dong,Anjaw,Walong,Arunachal Pradesh,True,28.1679203,97.0389469,-12.696030209863233,-18.83616077825437,-12.607723955505813,-18.457905890039967,11,14
13,Gong,Anjaw,Walong,Arunachal Pradesh,True,28.1700892,97.0008029,-3.544977141839542,-9.83651285939779,-3.6412932662444106,-9.72870895882021,11,14
14,Hot Spring,Anjaw,Walong,Arunachal Pradesh,True,28.2928975,97.1638576,-9.933805265150067,-16.135373384511237,-10.083682710613576,-16.284262114382095,11,14
15,Hunung,Anjaw,Walong,Arunachal Pradesh,True,27.8741289,96.9451026,-8.315048632222709,-14.939605007936844,-8.50009655676572,-14.970541850121993,11,15
16,Kaho,Anjaw,Walong,Arunachal Pradesh,True,28.3034238,97.0250574,-11.38953822551394,-17.290050071580147,-11.448410035125153,-17.187918733665814,11,14
17,Khrawit,Anjaw,Walong,Arunachal Pradesh,True,27.9044705,96.9437389,-10.534835822551543,-17.216196242020256,-10.768726204167674,-17.319457075129474,11,15
18,Krowti,Anjaw,Walong,Arunachal Pradesh,True,28.2354088,97.0273216,-7.956605738882037,-14.718615981936644,-7.8950581397715505,-14.794101165000729,11,14
19,Krowti Labour Camp,Anjaw,Walong,Arunachal Pradesh,True,28.2318311,97.0285584,-7.732662399913037,-14.541490813808513,-7.588008494841868,-14.615223681167867,11,14
20,Kundan,Anjaw,Walong,Arunachal Pradesh,True,28.2425043,97.0254063,-7.524716836260345,-14.222989638459898,-7.5172027792280085,-14.409569852338604,11,14
21,Musai,Anjaw,Walong,Arunachal Pradesh,True,28.2588294,97.0287424,-10.668137907472325,-17.39943817376237,-10.881032678493199,-17.44414822156379,11,14
22,Samdul,Anjaw,Walong,Arunachal Pradesh,True,27.8858936,96.9223997,-7.780405523772282,-15.166023819320777,-7.962876153237417,-15.285894864358507,11,15
23,Supkung,Anjaw,Walong,Arunachal Pradesh,True,28.1588813,97.0363709,-12.187242884186526,-18.64925463389298,-12.006799669776655,-18.37608624682092,11,14
24,Walong,Anjaw,Walong,Arunachal Pradesh,True,28.1294938,97.0166444,-5.216561458033616,-12.308070250483965,-5.154466919853878,-12.063201096952621,11,14
25,Yakung,Anjaw,Walong,Arunachal Pradesh,True,28.1997526,97.0263468,-6.315811525190468,-13.323869781276313,-6.445568754324678,-13.326799797979211,11,14
26,Achali,Dibang Valley,Anini-Mipi,Arunachal Pradesh,True,28.8429461,95.9704783,-9.530071024166089,-15.714750721948208,-9.572627576998519,-15.951447021510242,19,19
27,Achengo,Dibang Valley,Anini-Mipi,Arunachal Pradesh,True,28.8238506,95.9428387,-6.712862796188079,-13.464550966674265,-6.833805315967294,-13.77285873376271,19,19
28,Acheso,Dibang Valley,Anini-Mipi,Arunachal Pradesh,True,28.9263772,95.97448,-9.934082276862618,-15.910865154520529,-10.00813208599953,-16.158173461436412,19,19
29,Alinye,Dibang Valley,Anini-Mipi,Arunachal Pradesh,True,28.8346828,95.9628967,-8.966838130651308,-15.077463532399651,-9.042116253367425,-15.309163527216896,19,19
30,Angrim Valley,Dibang Valley,Anini-Mipi,Arunachal Pradesh,True,28.8842816,95.9786208,-7.8425635562845315,-14.122923660361387,-7.743762513174757,-14.169891070574089,19,19
31,Aropo,Dibang Valley,Anini-Mipi,Arunachal Pradesh,True,28.8230901,95.9397069,-6.84895587190216,-13.24546903363028,-7.006964609704799,-13.568621494198954,19,19
32,Atoto,Dibang Valley,Anini-Mipi,Arunachal Pradesh,True,28.8355826,95.9647411,-9.049767679777286,-15.318750204257247,-9.159257211622059,-15.528379108428469,19,19
33,Echito,Dibang Valley,Anini-Mipi,Arunachal Pradesh,True,28.9291593,95.9752771,-11.02953181971677,-17.11658393356862,-11.01393669369783,-17.319600181616302,19,19
34,Ediya,Dibang Valley,Anini-Mipi,Arunachal Pradesh,True,28.9638191,95.8076515,-6.063980827001301,-12.76467738359848,-6.245295483861316,-13.082426701805742,8,10
35,Emuli,Dibang Valley,Anini-Mipi,Arunachal Pradesh,True,28.8871158,95.8356573,-7.93073883446074,-14.2041372542359,-8.170817973856407,-14.484835108317162,19,19
36,Gipulin,Dibang Valley,Anini-Mipi,Arunachal Pradesh,True,28.8479222,95.9666253,-7.026504257557649,-13.650306133532053,-7.171021167078452,-13.809861461452446,19,19
37,Kamuyi,Dibang Valley,Anini-Mipi,Arunachal Pradesh,True,28.9926912,95.8050502,-4.625693033324548,-11.282716212141503,-4.600978344548341,-11.411337747046412,8,10
38,Mipi H.Q.,Dibang Valley,Anini-Mipi,Arunachal Pradesh,True,28.9641685,95.8081308,-6.290518889247218,-12.966854071051415,-6.487202894828503,-13.31945791155142,8,10
39,Mipido,Dibang Valley,Anini-Mipi,Arunachal Pradesh,True,28.950424,95.8144355,-6.705378004805259,-13.230080820023154,-6.671758998062447,-13.117329564643422,8,14
40,Etalin Bridge Point,Dibang Valley,Etalin-Malinye,Arunachal Pradesh,True,28.6094048,95.8703668,-5.205134951486272,-12.477191271993545,-5.586701766480981,-12.811189558490257,19,24
41,Maliney,Dibang Valley,Etalin-Malinye,Arunachal Pradesh,True,28.6750197,96.1532235,-9.247004846912954,-15.092763928802265,-9.230051349331609,-15.188626181822789,19,24
42,Mawali,Dibang Valley,Etalin-Malinye,Arunachal Pradesh,True,28.6599698,96.0170217,-6.350431906567962,-13.369760356898974,-6.808134984207256,-13.827906639438506,19,24
43,Punli,Dibang Valley,Etalin-Malinye,Arunachal Pradesh,True,28.6565904,95.8520788,-10.613970918569253,-16.793911565945493,-10.900212284848783,-17.156629745138034,19,24
44,Lengdi/Liang,East Kameng,Bameng,Arunachal Pradesh,True,27.5376292,92.923885,-7.977918102606058,-14.79071678398282,-8.077181163162452,-14.83265082929961,10,18
45,Upper Liyak,East Kameng,Bameng,Arunachal Pradesh,True,27.5337804,92.8465101,-2.00508925894414,-9.137862802866032,-2.525986511448974,-9.59762329061474,10,13
46,Dao,East Kameng,Chayangtajo,Arunachal Pradesh,True,27.7832832,92.9383609,-9.787837770020278,-16.30902266138887,-10.126718040179117,-16.67421822665004,10,13
47,Dara Yangfo,East Kameng,Chayangtajo,Arunachal Pradesh,True,27.732817,93.0487159,-6.944870594461208,-13.894837964135512,-7.251924070294344,-14.133864572281725,10,13
48,Lamrah,East Kameng,Chayangtajo,Arunachal Pradesh,True,27.6967225,93.0373888,-9.820677540687273,-16.479487055373415,-10.211894953030336,-16.771238678967528,10,13
49,Loto Yangfo,East Kameng,Chayangtajo,Arunachal Pradesh,True,27.7296573,93.059293,-7.350421516444882,-14.31520306261222,-7.6433927730681335,-14.58272838642896,10,13
50,Diya Sullung,East Kameng,Chayangtajo,Arunachal Pradesh,True,27.7760452,93.0124888,-0.1830451312023999,-7.6432775279569665,-0.5108962929361894,-7.812160722677771,10,13
51,Hara Yangfo,East Kameng,Chayangtajo,Arunachal Pradesh,True,27.751648,93.1327809,-6.870561332647077,-13.812331908431641,-7.151553198093384,-14.085344505455655,10,13
52,Jayang Bagang,East Kameng,Chayangtajo,Arunachal Pradesh,True,27.7547367,93.1791026,-6.67277485236212,-13.579144874713887,-6.817468137022282,-13.703235103959006,10,13
53,Kesse Bagang,East Kameng,Chayangtajo,Arunachal Pradesh,True,27.7809294,93.2034502,-8.179199376307798,-14.88382919692711,-8.445204465446247,-15.095025233995797,10,13
54,Langchu Sullung,East Kameng,Chayangtajo,Arunachal Pradesh,True,27.7569534,92.9355132,-0.1203816480163968,-7.672989532256248,-0.6083900882501871,-8.011130263013136,10,13
55,Nampe Bagang,East Kameng,Chayangtajo,Arunachal Pradesh,True,27.7140627,93.0313033,-9.171362710482112,-15.927575034281718,-9.479537718064345,-16.13823197197456,10,13
56,Raro Sullung,East Kameng,Chayangtajo,Arunachal Pradesh,True,27.6890058,93.0717372,-3.2819031339484597,-10.458138155008655,-3.7436905553947164,-10.709956483843797,10,13
57,Tamsang Yangfo,East Kameng,Chayangtajo,Arunachal Pradesh,True,27.6760974,93.0917894,-3.8722607935796267,-11.074576062274888,-4.082189057061264,-11.233850222808298,10,13
58,Warriam Sullung,East Kameng,Chayangtajo,Arunachal Pradesh,True,27.7279436,92.9802579,-2.5576863027652257,-10.001511825214418,-2.888009366611774,-10.233523946104697,10,13
59,Wallong,East Kameng,Khenewa,Arunachal Pradesh,True,27.6530641,92.9685879,-3.7041676202545144,-10.819784919601588,-4.0383149409451615,-11.137323437748616,10,13
60,Chate,Kurung Kumey,Damin,Arunachal Pradesh,True,28.1191826,93.3236259,-2.7976840925344497,-9.81296508784722,-2.8133848953470366,-9.988608544339064,10,13
61,Chulla,Kurung Kumey,Damin,Arunachal Pradesh,True,28.1242982,93.411274,-3.7980091170271626,-11.227995627114371,-3.9009434729331014,-11.233737211049183,10,13
62,Damin H.Q.,Kurung Kumey,Damin,Arunachal Pradesh,True,28.1041982,93.3343841,-5.820647900949303,-12.854162878926434,-6.122050617401543,-13.048264036444086,10,13
63,Damin Village,Kurung Kumey,Damin,Arunachal Pradesh,True,28.1050092,93.3443566,-2.763337574036377,-10.046248245011547,-3.1070696817018786,-10.264831494567538,10,13
64,Digok,Kurung Kumey,Damin,Arunachal Pradesh,True,28.1272533,93.3496878,-6.403135335869983,-12.810545341815926,-6.7313057185474365,-13.189372210259958,10,13
65,Fuba,Kurung Kumey,Damin,Arunachal Pradesh,True,28.1198537,93.3376816,-1.4346589580579128,-8.601073888910603,-1.674058190522046,-8.802770652539845,10,13
66,Huri,Kurung Kumey,Damin,Arunachal Pradesh,True,28.1095105,93.3045975,-3.9964998606487874,-10.907639263624704,-4.260061345009547,-11.149337295865648,10,13
67,Katuk,Kurung Kumey,Damin,Arunachal Pradesh,True,28.1189094,93.2501395,-6.775177603523018,-13.50748448294252,-7.002077104528105,-13.803081806570557,10,13
68,Kopila,Kurung Kumey,Damin,Arunachal Pradesh,True,28.1092251,93.3088818,-2.267193452069429,-9.47458157950702,-2.4542071883223056,-9.618051957696549,10,13
69,Machang,Kurung Kumey,Damin,Arunachal Pradesh,True,28.0962492,93.3005705,-7.562567464002238,-14.204637802110918,-7.981019911435068,-14.630078805611827,10,13
70,Nisuk,Kurung Kumey,Damin,Arunachal Pradesh,True,28.1081822,93.414929,-8.230750470496933,-15.08791437379219,-8.667099982821439,-15.450387422150477,10,13
71,Pipa,Kurung Kumey,Damin,Arunachal Pradesh,True,28.0735847,93.283149,-1.9400669966391813,-8.773199622815135,-2.483146139893838,-9.388774869740521,10,13
72,Ramu,Kurung Kumey,Damin,Arunachal Pradesh,True,28.1084035,93.4191096,-7.191930864636081,-14.186544150458536,-7.774448400434537,-14.644437592426632,10,13
73,Rane,Kurung Kumey,Damin,Arunachal Pradesh,True,28.1440384,93.3476122,-1.1423528029635392,-8.20220129141522,-1.430077257896085,-8.436805338553686,10,13
74,Rawiok,Kurung Kumey,Damin,Arunachal Pradesh,True,28.137739,93.3249207,-11.131629591314317,-17.034581602530547,-11.532163573514438,-17.512091612573467,10,13
75,Ruba,Kurung Kumey,Damin,Arunachal Pradesh,True,28.1221707,93.2334312,-2.101110488008015,-9.24396627211857,-2.3704432977012555,-9.409999608580206,10,13
76,Senamriang,Kurung Kumey,Damin,Arunachal Pradesh,True,28.1320477,93.3191302,-1.3906964078590724,-8.397994605085701,-1.4363541291206519,-8.588897547058242,10,13
77,Sibia,Kurung Kumey,Damin,Arunachal Pradesh,True,28.1070207,93.3012679,-5.054991897883713,-11.841465556899545,-5.218560581047267,-12.037398942974763,10,13
78,Tarba,Kurung Kumey,Damin,Arunachal Pradesh,True,28.1607522,93.4195471,-8.302118984756623,-15.172174035232135,-8.556009782385473,-15.346430164457326,10,13
79,Tokriang,Kurung Kumey,Damin,Arunachal Pradesh,True,28.1110736,93.3311986,-4.63633662914148,-11.70657914516197,-5.014198389967368,-12.055580109476018,10,13
80,Yaso,Kurung Kumey,Damin,Arunachal Pradesh,True,28.1002726,93.3473375,-1.3012584367719373,-8.628531246698175,-1.6006026863458018,-8.88958682477076,10,13
81,Buhan,Kurung Kumey,Koloriang,Arunachal Pradesh,True,27.8895447,93.283152,-0.9668923588551428,-8.242978277922271,-1.2289382878757968,-8.434769481101817,10,13
82,Buyang,Kurung Kumey,Koloriang,Arunachal Pradesh,True,27.9419935,93.286116,-8.529371410113583,-15.224235483094338,-8.811980042330932,-15.377877425130862,10,13
83,Buyang-II,Kurung Kumey,Koloriang,Arunachal Pradesh,True,27.9419935,93.286116,-8.529371410113583,-15.224235483094338,-8.811980042330932,-15.377877425130862,10,13
84,Chello,Kurung Kumey,Koloriang,Arunachal Pradesh,True,27.8849215,93.291646,-6.488126565849146,-13.347157729630432,-6.628365609247312,-13.413745395861692,10,13
85,Chimpu,Kurung Kumey,Koloriang,Arunachal Pradesh,True,27.9522411,93.2566277,-6.955853862429323,-13.717552688467155,-7.035206910449409,-13.815339841500805,10,13
86,Chomi,Kurung Kumey,Koloriang,Arunachal Pradesh,True,27.955673,93.2595487,-4.080693716375626,-11.114670825136363,-4.291464027867106,-11.26646100692119,10,13
87,Chote,Kurung Kumey,Koloriang,Arunachal Pradesh,True,27.9524396,93.2616596,-5.772920862651107,-12.710643610931136,-5.872066274028491,-12.796477058965733,10,13
88,Kiodhriang,Kurung Kumey,Koloriang,Arunachal Pradesh,True,27.8581693,93.2541827,-5.307765074867467,-12.20980526819043,-5.550050243873062,-12.504465709779499,10,13
89,Nangram,Kurung Kumey,Koloriang,Arunachal Pradesh,True,27.9071735,93.4387839,-7.177847599489059,-13.896581790181894,-7.372921428447968,-14.068745677921147,10,13
90,Nyolo,Kurung Kumey,Koloriang,Arunachal Pradesh,True,27.9012651,93.3076219,-4.106579973859096,-11.244370865214561,-4.326484282735258,-11.29098743258632,10,13
91,Pakba,Kurung Kumey,Koloriang,Arunachal Pradesh,True,27.8903622,93.3997806,-7.656404108850034,-14.598461958474196,-7.9059729628695905,-14.871728675597753,10,13
92,Papu,Kurung Kumey,Koloriang,Arunachal Pradesh,True,27.9111524,93.3917445,-8.874596549019008,-15.424827951813095,-9.127393717732454,-15.543405800736975,10,13
93,Rengchi,Kurung Kumey,Koloriang,Arunachal Pradesh,True,27.8914093,93.4267781,-7.092340348658418,-14.194565539152388,-7.411771896441993,-14.469631765596702,10,13
94,Tate,Kurung Kumey,Koloriang,Arunachal Pradesh,True,27.9539309,93.2699171,-7.666524512124351,-14.512759895059522,-7.852706983429911,-14.537673629544251,10,13
95,Yumlam,Kurung Kumey,Koloriang,Arunachal Pradesh,True,27.8897958,93.4560068,-9.634581262614102,-16.192467471569223,-9.780847083437807,-16.33627171762434,10,13
96,Cheba,Kurung Kumey,Parsi-Parlo,Arunachal Pradesh,True,28.0204954,93.4801015,-7.350023904562888,-14.465007526645222,-7.351177106890797,-14.470011160400738,10,13
97,Dape,Kurung Kumey,Parsi-Parlo,Arunachal Pradesh,True,28.0305059,93.4762607,-10.186067898628476,-16.894370926527866,-10.204727396795926,-16.851520660808195,10,13
98,Dare,Kurung Kumey,Parsi-Parlo,Arunachal Pradesh,True,28.040746,93.4566336,-6.919473548281191,-13.827769751691713,-7.104835986938313,-13.900365719476964,10,13
99,Geyang,Kurung Kumey,Parsi-Parlo,Arunachal Pradesh,True,28.032302,93.4718342,-8.569189963044224,-15.359288766378999,-8.569812262444772,-15.267566398759168,10,13
100,Gonang,Kurung Kumey,Parsi-Parlo,Arunachal Pradesh,True,27.9884834,93.5169908,-9.073840527515152,-15.965818780982437,-9.125000114996507,-15.98812512205477,10,13
101,Nyokuriang,Kurung Kumey,Parsi-Parlo,Arunachal Pradesh,True,28.0062351,93.5622034,-5.129085916420372,-12.404154947478824,-5.31773914312487,-12.570557868669644,10,13
102,Pachang,Kurung Kumey,Parsi-Parlo,Arunachal Pradesh,True,28.0250521,93.4720132,-6.629015218177609,-13.690015248776389,-6.603379932525318,-13.518766692067624,10,13
103,Pado I,Kurung Kumey,Parsi-Parlo,Arunachal Pradesh,True,27.9756026,93.5757879,-8.762847818098562,-15.227165670261734,-8.804155170632605,-15.263444115175924,10,19
104,Pagam,Kurung Kumey,Parsi-Parlo,Arunachal Pradesh,True,28.049312,93.4584998,-6.488820118007991,-13.517130412578748,-6.557450588754507,-13.648067139160887,10,13
105,Pape,Kurung Kumey,Parsi-Parlo,Arunachal Pradesh,True,28.0129617,93.4902587,-6.402105163593753,-13.432369313430799,-6.341917142480923,-13.363849496163457,10,13
106,Pariang,Kurung Kumey,Parsi-Parlo,Arunachal Pradesh,True,28.0328165,93.4803814,-10.724315015774208,-17.328494772723168,-10.912168091112358,-17.537619621223346,10,13
107,Passik,Kurung Kumey,Parsi-Parlo,Arunachal Pradesh,True,28.0360017,93.4705453,-7.15590872992437,-14.107468159606105,-7.162382791826425,-13.986469098383322,10,13
108,Pilop,Kurung Kumey,Parsi-Parlo,Arunachal Pradesh,True,28.004125,93.5674707,-9.530544683208632,-16.385168862283763,-9.854743478683869,-16.605537754340595,10,13
109,Rashik,Kurung Kumey,Parsi-Parlo,Arunachal Pradesh,True,28.0080613,93.5508476,-4.031178976133974,-11.120258218168022,-4.189144369882069,-11.170424164853562,10,13
110,Yarba-I,Kurung Kumey,Parsi-Parlo,Arunachal Pradesh,True,27.96349,93.5654022,-9.108206771956155,-15.539490187255367,-9.164208009865797,-15.629710009276067,10,13
111,Bala,Kurung Kumey,Sarli,Arunachal Pradesh,True,27.9431025,93.1252507,-7.781140368251015,-14.628609447414062,-8.157797019106567,-14.91433351239479,10,13
112,Chaching,Kurung Kumey,Sarli,Arunachal Pradesh,True,27.9375989,93.2339474,-1.1279105130353082,-8.377079760579258,-1.2294798111231455,-8.467390410085953,10,13
113,Chulu,Kurung Kumey,Sarli,Arunachal Pradesh,True,27.8792111,93.0545229,-8.202981982480905,-14.867248090882734,-8.485892847221821,-15.167245355131982,10,13
114,Gane,Kurung Kumey,Sarli,Arunachal Pradesh,True,27.9643147,93.0391329,-8.562177379494187,-15.406143188231386,-8.82668763076225,-15.538381073042814,10,13
115,Haraiho,Kurung Kumey,Sarli,Arunachal Pradesh,True,27.9804475,93.1383943,-8.958775469533881,-15.758978279650545,-9.083624338280462,-15.85686403306893,10,13
116,Kapu,Kurung Kumey,Sarli,Arunachal Pradesh,True,27.8879985,93.075251,-8.99968826958346,-15.508259348543168,-9.340277152657478,-15.786268864315478,10,13
117,Koropu,Kurung Kumey,Sarli,Arunachal Pradesh,True,27.9899045,93.2023371,-4.536596463588215,-11.734037652826574,-4.774554137719054,-11.964764871089637,10,13
118,Machane,Kurung Kumey,Sarli,Arunachal Pradesh,True,27.9220981,93.0770012,-3.9240937458679164,-10.787880833054341,-4.079798527278109,-10.923367952531285,10,13
119,Malo,Kurung Kumey,Sarli,Arunachal Pradesh,True,27.9563848,93.1153543,-6.332419781253866,-13.220407743410755,-6.444830509337253,-13.289931109602236,10,13
120,Milli,Kurung Kumey,Sarli,Arunachal Pradesh,True,27.9506354,93.0574678,-5.718682901231512,-12.555309739352946,-5.933276169705691,-12.771122070427824,10,13
121,Namjo,Kurung Kumey,Sarli,Arunachal Pradesh,True,27.942996,93.1849686,-7.509280867318615,-14.368155386230006,-7.596995489046766,-14.46682924910728,10,13
122,New Sarli,Kurung Kumey,Sarli,Arunachal Pradesh,True,27.9582217,93.1705235,-4.825269376902335,-11.825363444627369,-4.99801638979733,-11.858007718461772,10,13
123,Riya,Kurung Kumey,Sarli,Arunachal Pradesh,True,27.8776779,93.0467319,-7.1735183689428705,-13.884571708622738,-7.452275623601768,-14.240757329648117,10,13
124,Sape,Kurung Kumey,Sarli,Arunachal Pradesh,True,27.9549291,93.1321419,-5.0781948694998,-11.933620791473645,-5.424546831638615,-12.190674184722754,10,13
125,Sarli,Kurung Kumey,Sarli,Arunachal Pradesh,True,27.9525582,93.163373,-4.450162675129134,-11.280734465487217,-4.41040129862804,-11.291973758121635,10,13
126,Sate,Kurung Kumey,Sarli,Arunachal Pradesh,True,27.9537376,93.1572444,-8.233580527030695,-14.798770640499018,-8.285458404347004,-14.80638309189832,10,13
127,Wabia,Kurung Kumey,Sarli,Arunachal Pradesh,True,27.9413919,93.1360402,-5.804371745664678,-12.734043986925913,-6.010920957060928,-12.807412580712562,10,13
128,Walu,Kurung Kumey,Sarli,Arunachal Pradesh,True,27.9413919,93.1360402,-5.804371745664678,-12.734043986925913,-6.010920957060928,-12.807412580712562,10,13
129,Waru,Kurung Kumey,Sarli,Arunachal Pradesh,True,27.8852647,93.0448126,-4.9611513413138155,-11.792123088694238,-5.082987494249638,-12.150017325334824,10,13
130,Chanli,Lower Dibang,Hunli-Desali,Arunachal Pradesh,True,28.2923493,96.0296242,-8.079933080687061,-14.558513047777678,-8.371021037474538,-14.7661558206918,19,24
131,Broxer,Tawang,Jang-Thingbu,Arunachal Pradesh,True,27.622647,91.9631993,-10.957975486087946,-17.08101521647845,-11.11491301753876,-17.15443974657619,20,21
132,Luguthang,Tawang,Jang-Thingbu,Arunachal Pradesh,True,27.5948234,92.1857466,-9.499156436170747,-17.26197149848446,-9.327062758481079,-16.89690185235388,10,13
133,Mago,Tawang,Jang-Thingbu,Arunachal Pradesh,True,27.6883395,92.2081099,-8.881810103608872,-15.730465415197601,-8.932025108348542,-15.63649577895605,10,13
134,Namazing,Tawang,Jang-Thingbu,Arunachal Pradesh,True,27.5506261,91.9768197,-14.652002937590742,-20.967321608006007,-14.637502031883255,-20.899558318629897,20,15
135,Rho,Tawang,Jang-Thingbu,Arunachal Pradesh,True,27.6141065,91.987227,-6.338316086009078,-12.69269866306535,-6.487479639633527,-12.832719246098339,20,18
136,Kitpi,Tawang,Kitpi,Arunachal Pradesh,True,27.5731189,91.90284,-10.066621339446971,-16.350897222271747,-10.282922259520632,-16.426703923924613,20,21
137,Kitpi II,Tawang,Kitpi,Arunachal Pradesh,True,27.5731189,91.90284,-10.066621339446971,-16.350897222271747,-10.282922259520632,-16.426703923924613,20,21
138,Famla,Tawang,Tawang,Arunachal Pradesh,True,27.5612427,91.8523298,-4.5797290667826624,-11.619468660286268,-5.16764529016804,-12.016259878476946,20,21
139,Gyangong Ani Gompa,Tawang,Tawang,Arunachal Pradesh,True,27.6003059,91.8525209,-6.480402640831307,-13.276912342153162,-7.155454914401259,-13.842177158924928,20,21
140,Jangda,Tawang,Tawang,Arunachal Pradesh,True,27.5942319,91.9742379,-4.24728719800376,-10.728882977911399,-4.317640554964437,-10.704327471434494,20,21
141,Mandrelling,Tawang,Tawang,Arunachal Pradesh,True,27.5952914,91.8697249,-6.178523616411849,-13.431790663396448,-6.390857404490114,-13.49911169037694,20,21
142,Sakpret,Tawang,Tawang,Arunachal Pradesh,True,27.57568,91.79901,-9.944574562730395,-16.27572854157834,-10.37609390512262,-16.600542783428,20,21
143,Shyro,Tawang,Tawang,Arunachal Pradesh,True,27.5744459,91.9464757,-5.280840668382129,-12.125462792256721,-5.877763720417135,-12.442478814460411,20,21
144,Singsore Ani Gompa,Tawang,Tawang,Arunachal Pradesh,True,27.5952914,91.8697249,-6.178523616411849,-13.431790663396448,-6.390857404490114,-13.49911169037694,20,21
145,Tawang Gompa,Tawang,Tawang,Arunachal Pradesh,True,27.5866091,91.8573902,-9.540181177053011,-16.08483802460313,-9.97310627850492,-16.439547818185442,20,21
146,Thongleng,Tawang,Tawang,Arunachal Pradesh,True,27.57294,91.79215,-2.180213542789707,-9.056914782515298,-3.198970783958467,-9.844218762032817,20,21
147,Brokenthang,Tawang,Zemithang-Dudunghar,Arunachal Pradesh,True,27.7352592,91.724121,-9.838702250324967,-15.921787060209642,-10.167379355562796,-16.243053651493806,20,21
148,Gorsam,Tawang,Zemithang-Dudunghar,Arunachal Pradesh,True,27.6973252,91.7142454,-3.340297419533293,-10.080933525621711,-4.752016587369857,-11.270163616061625,20,21
149,Kharman,Tawang,Zemithang-Dudunghar,Arunachal Pradesh,True,27.691851,91.7463062,-5.222798801089501,-12.062107626968528,-6.101012505462079,-12.822459958088238,20,21
150,Lumpo,Tawang,Zemithang-Dudunghar,Arunachal Pradesh,True,27.7204821,91.7144005,-3.1394799783798946,-9.845056978307808,-4.240856961687914,-10.735012015785761,20,21
151,Maling,Tawang,Zemithang-Dudunghar,Arunachal Pradesh,True,27.6350823,92.0693622,-7.964956835023123,-14.444840472713214,-8.212880222609478,-14.53674358633542,10,13
152,Muktur,Tawang,Zemithang-Dudunghar,Arunachal Pradesh,True,27.5800562,91.6627629,-4.386346171617467,-11.344716843843658,-5.410934653731887,-12.083532040351152,20,21
153,Ramyang,Tawang,Zemithang-Dudunghar,Arunachal Pradesh,True,27.514701,91.6549664,-0.335511745350962,-7.62210812552325,-0.9839129996164563,-8.060517842610587,20,17
154,Shakti,Tawang,Zemithang-Dudunghar,Arunachal Pradesh,True,27.61139,91.71387,-12.05512879684236,-18.304941971473653,-12.475884472901479,-18.647387854698756,20,21
155,Shoktsen,Tawang,Zemithang-Dudunghar,Arunachal Pradesh,True,27.7416556,91.7318533,-9.537765355860815,-15.882455126421096,-9.806064197731581,-16.151831266055847,20,21
156,Sirdi,Tawang,Zemithang-Dudunghar,Arunachal Pradesh,True,27.6466524,91.7230296,-5.9821509699232545,-12.410854817814887,-7.783260612633715,-14.032055348067498,20,21
157,Bishing,Upper Siang,Singa-Gelling,Arunachal Pradesh,True,29.1107736,95.0268102,-8.04269951259637,-14.63761235414851,-8.30753592700295,-14.99478910727069,9,12
158,Bona,Upper Siang,Singa-Gelling,Arunachal Pradesh,True,29.0974164,94.9475348,-2.2184506159878374,-10.004972794519807,-2.5080503677519292,-10.298864333632704,8,10
159,Mankota,Upper Siang,Singa-Gelling,Arunachal Pradesh,True,28.8878329,95.0759463,-6.6870876497983085,-13.536088459294636,-6.998485406965217,-13.788001271523905,8,10
160,Mayum,Upper Siang,Singa-Gelling,Arunachal Pradesh,True,29.0924208,94.9597907,-9.936360349698717,-16.28575475494813,-10.270974511061151,-16.62877281949937,8,10
161,Tashi Gaon,Upper Siang,Singa-Gelling,Arunachal Pradesh,True,28.8743385,95.1028336,-9.195009114142948,-15.750224688493198,-9.471950409940595,-15.871572798133139,8,10
162,Jido,Upper Siang,Tuting,Arunachal Pradesh,True,28.9820594,94.904882,-8.570958108383428,-15.929475518670722,-8.947141545151947,-16.154995469694295,8,10
163,Lali,Upper Siang,Tuting,Arunachal Pradesh,True,29.0003932,94.8912175,-5.6155276441701805,-12.776876674079137,-5.886721541205347,-13.122477903762286,8,10
164,Ngaming,Upper Siang,Tuting,Arunachal Pradesh,True,28.9686342,94.9381419,-7.073044093305393,-14.101543807981532,-7.385711431868045,-14.436819439573767,8,10
165,Nyering,Upper Siang,Tuting,Arunachal Pradesh,True,28.9360701,95.0104597,-9.514874316503853,-16.048079023708983,-9.931563321640215,-16.396149643958356,8,10
166,Pango,Upper Siang,Tuting,Arunachal Pradesh,True,28.8870297,94.7578559,-2.444227761172864,-9.643535577693251,-2.649489302188814,-9.97272558843898,8,10
167,Pekong,Upper Siang,Tuting,Arunachal Pradesh,True,28.9878787,94.8919255,-5.751176624964699,-12.611197309843153,-6.041326196267186,-12.75129253506892,8,10
168,Pekong,Upper Siang,Tuting,Arunachal Pradesh,True,28.9878787,94.8919255,-5.751176624964699,-12.611197309843153,-6.041326196267186,-12.75129253506892,8,10
169,Pokbir,Upper Siang,Tuting,Arunachal Pradesh,True,28.963981,94.9375517,-6.95436875611961,-14.162534085324847,-7.2228919745053615,-14.500161902581402,8,10
170,Rishing,Upper Siang,Tuting,Arunachal Pradesh,True,28.9984023,94.8852907,-5.914791167457833,-12.90804224674462,-6.199119095950296,-13.05779360337891,8,10
171,Tenggo,Upper Siang,Tuting,Arunachal Pradesh,True,29.0668244,94.478654,-9.381005188168995,-16.00861881514006,-9.476057768854972,-16.19774369060269,8,10
172,Dadu,Upper Subansiri,Limeking,Arunachal Pradesh,True,28.3625828,93.5395735,-2.2993642899946263,-9.386783346101781,-2.462078349999154,-9.444340743202025,10,13
173,Gumsing,Upper Subansiri,Limeking,Arunachal Pradesh,True,28.4321817,93.2172532,-6.372857457445465,-13.068860009449406,-6.418272424830555,-13.101369936526101,10,13
174,Lingbing,Upper Subansiri,Limeking,Arunachal Pradesh,True,28.4367283,93.2151175,-5.967512095352209,-12.64455031516247,-6.052397072981675,-12.671848138716221,10,13
175,Redding,Upper Subansiri,Limeking,Arunachal Pradesh,True,28.4851077,93.4621565,-7.1657375757050445,-13.896948533012981,-7.195696048265024,-13.993743011924932,10,13
176,Redding Camp,Upper Subansiri,Limeking,Arunachal Pradesh,True,28.4851077,93.4621565,-7.1657375757050445,-13.896948533012981,-7.195696048265024,-13.993743011924932,10,13
177,Taying,Upper Subansiri,Limeking,Arunachal Pradesh,True,28.4321817,93.2172532,-6.372857457445465,-13.068860009449406,-6.418272424830555,-13.101369936526101,10,13
178,Yaja,Upper Subansiri,Limeking,Arunachal Pradesh,True,28.4354329,93.2468461,-7.878117981829032,-14.257697946766871,-7.958973038138385,-14.448011320568252,10,13
179,Chokar,Upper Subansiri,Nacho,Arunachal Pradesh,True,28.4279157,93.8094041,-7.074814168459118,-13.700920712364535,-7.295509972709773,-13.90363849334413,18,23
180,Jerigaon,West Kameng,Nafra,Arunachal Pradesh,True,27.3403204,92.4726477,-7.828146179225942,-14.611193650368907,-7.454097778354359,-14.223645317591043,10,9
181,Khellong,West Kameng,Nafra,Arunachal Pradesh,True,27.0133852,92.4145185,-3.5673868890991933,-10.803127811297497,-3.6213687195755666,-10.882222573270509,10,9
182,Gatam,Kra daadi,Pipsorang,Arunachal Pradesh,True,28.0979458,93.6001405,-9.456084909275658,-16.488777298461947,-9.795379476266659,-16.74039895883531,10,21
183,Habak,Kra daadi,Pipsorang,Arunachal Pradesh,True,28.1084846,93.5827385,-7.96665726696274,-15.14748464230256,-8.159950655906371,-15.248899734019812,10,13
184,Hapuk (I),Kra daadi,Pipsorang,Arunachal Pradesh,True,28.0967863,93.5839299,-3.475326784497897,-10.882288397009619,-3.7875256833301854,-11.139161800462917,10,13
185,Kokso,Kra daadi,Pipsorang,Arunachal Pradesh,True,28.0838152,93.6115937,-7.724169985538093,-14.859241669817497,-7.873542251777303,-14.921808499473379,18,23
186,Richik,Kra daadi,Pipsorang,Arunachal Pradesh,True,28.064816,93.6543383,-8.532893973739125,-15.254016441647565,-8.8661728096256,-15.539159896214839,18,23
187,Chungthang,North,Chungthang,Sikkim,True,27.604236,88.6465196,-7.824227318281143,-14.382273781029898,-6.865035866323813,-13.719759468883296,10,10
188,Tung,North,Chungthang,Sikkim,True,27.5475,88.6493,-8.420621095736381,-15.126813351891832,-8.59628565103726,-15.373644659266933,10,10
189,Chawang,North,Kabi Tingda,Sikkim,True,27.4415,88.5992,-2.279611666089472,-8.941086871512214,-2.247185094157027,-9.118032930593467,10,10
190,Labi,North,Kabi Tingda,Sikkim,True,27.4373,88.6584,-13.806987266396856,-19.810189184760215,-13.766686367920288,-20.140715608089156,10,10
191,Paney-Phensong,North,Kabi Tingda,Sikkim,True,27.4340487,88.6127695,-10.995104560251153,-17.319005035913282,-11.006329747281974,-17.37867220132867,10,10
192,Phamtam,North,Kabi Tingda,Sikkim,True,27.4557,88.61,-6.3664285110916925,-12.718242157657064,-6.459908141272629,-12.988638796806256,10,10
193,Phodong,North,Kabi Tingda,Sikkim,True,27.4130306,88.5838702,-2.8775333992472945,-9.68525240905552,-2.812594653688205,-9.529885769591901,10,10
194,Ramthang,North,Kabi Tingda,Sikkim,True,27.4039854,88.550947,-7.319958806018202,-13.803387075542146,-7.431413454152163,-13.779792010371882,10,10
195,Rongong,North,Kabi Tingda,Sikkim,True,27.4092,88.5635,-8.111163299675948,-14.502028800256365,-8.105506690433456,-14.451352054056885,10,10
196,Tangyek,North,Kabi Tingda,Sikkim,True,27.4207,88.527,-11.567798199438291,-17.99319926433712,-11.605243948477645,-17.911586868651597,10,10
197,Tingchim,North,Kabi Tingda,Sikkim,True,27.4607586,88.5277316,-10.758809793607726,-17.093531724969523,-10.69982732352603,-17.255673334417477,10,10
198,Tingda,North,Kabi Tingda,Sikkim,True,27.3957,88.6272,-8.57094879950097,-15.049132904884509,-8.467933740685135,-14.909977602625611,10,10
199,Tumlong,North,Kabi Tingda,Sikkim,True,27.4198712,88.5898311,-2.950190803232714,-9.972283621171115,-3.1383451237128175,-9.76510434941624,10,10
200,Lachen,North,Lachen,Sikkim,True,27.7305455,88.5469054,-2.191510130976051,-9.317781835765905,-2.171848927078768,-9.185422005978266,10,10
201,Lachung,North,Lachung,Sikkim,True,27.7794,88.7152648,-9.36604051390313,-15.24433309669643,-9.649413706265083,-15.40874060856347,10,10
202,Barfok,North,Passingdang,Sikkim,True,27.4977,88.491,-5.853170225333211,-12.681621205640631,-5.971840785412851,-12.736213224895831,10,10
203,Gor,North,Passingdang,Sikkim,True,27.4302826,88.4984203,-3.5328491788664445,-10.177519425375786,-3.6482164451069385,-10.19479405527517,10,10
204,Hee-Gyathang,North,Passingdang,Sikkim,True,27.4816,88.4991,-5.41954582323988,-12.189725767588612,-5.4917253893963425,-12.315552599799005,10,10
205,Lingdem,North,Passingdang,Sikkim,True,27.5494817,88.4569319,-5.0737094329637245,-11.87096389802756,-5.124253199360633,-11.818363030708792,10,10
206,Lingdong,North,Passingdang,Sikkim,True,27.5073091,88.5194632,-1.9083782709205588,-8.830170087146042,-1.7774873880690947,-8.65578853142465,10,10
207,Lingthem,North,Passingdang,Sikkim,True,27.5224732,88.5014686,-5.623340402653848,-12.17473995142412,-5.699382708580112,-12.074176554780212,10,10
208,Lingzah-Tolung,North,Passingdang,Sikkim,True,27.571,88.4466,-12.910545144591882,-19.216956878228,-12.888010039848,-19.309924065290257,10,10
209,Lum,North,Passingdang,Sikkim,True,27.394,88.48,-3.3049405568949135,-10.054972516703776,-3.402107905689781,-10.203973898742616,10,10
210,Namok,North,Passingdang,Sikkim,True,27.4504654,88.5375829,-11.797349329294832,-17.79803982678023,-11.764881459128326,-18.102468643808358,10,10
211,Sakyong-Pentong,North,Passingdang,Sikkim,True,27.5797,88.4049,-6.9274315521605665,-13.285016344673872,-6.896623371268877,-13.38368239166237,10,10
212,Salim Pakel,North,Passingdang,Sikkim,True,27.5379,88.5518,-7.507379260022527,-14.159382581602383,-7.4159838406888845,-14.059071079756992,10,10
213,Sangtok,North,Passingdang,Sikkim,True,27.4091,88.504,-3.232276307405904,-10.10732255754022,-3.406156823995039,-10.129186065146559,10,10
214,Sheyam,North,Passingdang,Sikkim,True,27.4367,88.528,-10.650241039640088,-16.942892084007273,-10.553847825132973,-16.751568014337874,10,10
215,Shipgyer,North,Passingdang,Sikkim,True,27.5544461,88.6336147,-3.6896578237325968,-10.468049556615039,-3.678415011731814,-10.437390947989854,10,10
216,Tingbong,North,Passingdang,Sikkim,True,27.5524,88.4984,1.1558928668427952,-6.0374148468031485,1.0280089136630544,-5.985841230312758,10,10
217,Zimchung,North,Passingdang,Sikkim,True,27.4903,88.5321,-10.667396841441967,-17.037489507354252,-10.617124970711435,-16.812756856725287,10,10
218,Bampa,Chamoli,Joshimath,Uttarakhand,True,30.7436664,79.8297153,-4.759152786538891,-12.636471913338411,-4.073269744675199,-12.315576354558948,20,21
219,Gamsali,Chamoli,Joshimath,Uttarakhand,True,30.7559986,79.8261873,-8.071878680606416,-15.666600825045949,-8.0009189894225,-15.527612465328772,20,21
220,Gurguti,Chamoli,Joshimath,Uttarakhand,True,30.7738,79.8758,-8.137873839982495,-15.625846447045484,-8.03247177012177,-15.51580772850378,20,21
221,Joshimath,Chamoli,Joshimath,Uttarakhand,True,30.5555752,79.5612607,-6.059162589758323,-13.882296498629595,-6.117945215074411,-13.829271476128238,10,11
222,Kailashpur,Chamoli,Joshimath,Uttarakhand,True,30.7148,79.8639,-2.2595565943921345,-11.87215131458292,-1.399071793430783,-11.226444145213831,20,21
223,Mahargaon,Chamoli,Joshimath,Uttarakhand,True,30.4061118,79.4205814,-10.178781483622588,-16.721130469463606,-10.196548267084962,-16.476268619052515,10,11
224,Malari,Chamoli,Joshimath,Uttarakhand,True,30.6845508,79.8893688,-11.982790547273995,-18.701812480440374,-11.56011198110501,-18.336214119124477,20,21
225,Mana,Chamoli,Joshimath,Uttarakhand,True,30.9671228,79.4109692,-7.6704480773278325,-17.090130267609695,-7.137898339409218,-16.090808495090283,10,11
226,Bilju,Pithoragarh,Munsyari,Uttarakhand,True,30.3949398,80.1659059,-13.02622829176831,-20.413147234129006,-13.010444693321999,-20.43800397804947,20,21
227,Burphu,Pithoragarh,Munsyari,Uttarakhand,True,30.3666548,80.1842308,-11.156703128794213,-18.500987151543743,-11.045909893243362,-18.431185533367568,20,21
228,Martoli,Pithoragarh,Munsyari,Uttarakhand,True,30.3482498,80.1931552,-8.856131690121343,-16.78174890291931,-8.807825633732591,-16.87329879667507,20,21
229,Rilkot,Pithoragarh,Munsyari,Uttarakhand,True,30.3104468,80.2080315,-4.852468217209547,-13.6194737816165,-3.87948374840766,-13.158888005780762,20,21
230,Tola,Pithoragarh,Munsyari,Uttarakhand,True,30.3356863,80.2121168,-13.268459737838286,-19.967735012697442,-13.391053323405405,-20.227639747270455,20,21
231,Baling,Pithoragarh,Dharchula or Kanalichhina (unresolved),Uttarakhand,True,30.2092254,80.5479905,-7.313166755952575,-13.504837028739573,-7.346778800757241,-13.593149893700303,10,10
232,Dar,Pithoragarh,Dharchula or Kanalichhina (unresolved),Uttarakhand,True,30.069216,80.602947,-9.385172119648553,-15.591113469364346,-9.539716250602131,-15.882297770053547,10,10
233,Dugtu,Pithoragarh,Dharchula or Kanalichhina (unresolved),Uttarakhand,True,30.21,80.5679,-13.224922085370844,-18.528048044946257,-13.364464156186035,-19.301255257745225,10,10
234,Garbyang,Pithoragarh,Dharchula or Kanalichhina (unresolved),Uttarakhand,True,30.1251387,80.8575277,-5.561648021796849,-12.523818543788032,-6.011857366128739,-13.099708897370837,10,10
235,Gunji,Pithoragarh,Dharchula or Kanalichhina (unresolved),Uttarakhand,True,30.1865763,80.8508108,-10.238160107169845,-16.841832538188537,-10.439970246934799,-16.978694219641262,10,10
236,Kuti,Pithoragarh,Dharchula or Kanalichhina (unresolved),Uttarakhand,True,30.3078792,80.7599224,-11.078292345535539,-18.120437496294432,-11.133309574191243,-18.122614942544764,10,10
237,Navi,Pithoragarh,Dharchula or Kanalichhina (unresolved),Uttarakhand,True,30.2049725,80.8373063,-11.305585701561329,-17.58086997678125,-11.363105854140295,-17.77128256457371,10,10
238,Rongkong (Raung Kong),Pithoragarh,Dharchula or Kanalichhina (unresolved),Uttarakhand,True,30.2033451,80.8316381,-9.270802092477098,-15.519661322224767,-9.480639439983166,-15.773570192134525,10,10
239,Sela,Pithoragarh,Dharchula or Kanalichhina (unresolved),Uttarakhand,True,30.1472581,80.6056591,-9.055838208677331,-15.591786840716983,-9.149090093796854,-15.848242315050358,10,10
240,Tidang,Pithoragarh,Dharchula or Kanalichhina (unresolved),Uttarakhand,True,30.246,80.5487,-8.888149969289111,-15.387610880815277,-8.985698275631064,-15.577558110768875,10,10
241,Amali,Pithoragarh,Dharchula or Kanalichhina (unresolved),Uttarakhand,True,29.7039,80.3278,-8.202840054754532,-14.456534423275407,-7.955773359408285,-14.18514539916042,10,10
242,Bagori,Uttarkashi,Bhatwari,Uttarakhand,True,30.7702443,78.4746317,-5.383943082044641,-11.344971549834629,-5.337303360606588,-11.293345462020335,10,11
243,Dharali,Uttarkashi,Bhatwari,Uttarakhand,True,31.0408468,78.7815312,-9.61461382706834,-16.441192596439063,-10.250920334164865,-17.16154227856868,10,11
244,Harshil,Uttarkashi,Bhatwari,Uttarakhand,True,31.0350501,78.7572289,-10.873306036989682,-16.933847011644282,-11.489442763870219,-17.6436006582327,10,11
245,Jadung,Uttarkashi,Bhatwari,Uttarakhand,True,31.1648,79.0397,-9.33055734205495,-18.17119544418488,-9.055712595912524,-17.51486838960469,10,11
246,Jaspur,Uttarkashi,Bhatwari,Uttarakhand,True,30.727214,78.4636435,-12.542869772692686,-18.34857762939768,-12.632874886955545,-18.213300482440875,10,11
247,Jhala,Uttarkashi,Bhatwari,Uttarakhand,True,31.0248573,78.7101354,-7.17506960995939,-14.66649271893693,-7.536926994993051,-15.268910029224603,10,11
248,Mukhawa,Uttarkashi,Bhatwari,Uttarakhand,True,31.0542,78.7901,-8.600217790060157,-15.139460538780495,-9.039210637405118,-15.438780278925018,10,11
249,Nelang,Uttarkashi,Bhatwari,Uttarakhand,True,31.121954,79.0304088,-7.2634675046173,-14.959896229794879,-7.039918842846828,-14.624430764142026,10,11
250,Purali,Uttarkashi,Bhatwari,Uttarakhand,True,31.0299258,78.7099965,-3.7364602664227164,-11.143699150445682,-4.169025849615081,-11.571729150468832,10,11
251,Sukki,Uttarkashi,Bhatwari,Uttarakhand,True,31.014,78.7108,-6.881113978144509,-13.691136785638866,-6.874685959827582,-13.768823453936028,10,11
252,Chhitkul,Kinnaur,Unknown,Himachal Pradesh,False,31.3881,78.46219,-8.388142367898457,-17.463459878389944,-7.327386645323724,-15.929023144120775,10,11
253,Pooh,Kinnaur,Unknown,Himachal Pradesh,False,31.76159,78.5839324,-4.633962224452921,-11.926564514828481,-4.46877743332925,-11.540228046784337,10,11
254,Nako,Kinnaur,Unknown,Himachal Pradesh,False,31.8813748,78.6270483,-11.646008360714683,-18.3306502643195,-11.53958486219069,-18.3797990723977,10,11
255,Leo,Kinnaur,Unknown,Himachal Pradesh,False,31.8839167,78.5935199,-7.874274697615284,-15.064019016983876,-7.793233342915786,-14.964918316852629,10,11
256,Chango,Kinnaur,Unknown,Himachal Pradesh,False,31.9777573,78.5944015,-10.679487071029618,-17.381839677784363,-10.705214687515738,-17.47514566825164,10,11
257,Gue,Lahaul and Spiti,Unknown,Himachal Pradesh,False,32.1310531,78.5697113,-10.284549409961624,-17.69909404382171,-10.143270695258359,-17.52660680109927,10,12
258,Lalung,Lahaul and Spiti,Unknown,Himachal Pradesh,False,32.14927,78.27071,-8.826085264482828,-16.133630456985486,-8.724759591492393,-16.511027048817326,20,32
