village_id,village,district,block,state,is_core_sample,latitude,longitude,ndbi_2019,lights_2019,ndbi_2019_image_count,lights_2019_image_count
1,Metengliang,Anjaw,Chaglagam,Arunachal Pradesh,True,28.2053139,96.5325529,-0.2102783881602122,0.2394290436100536,72.0,12.0
2,Chipra,Anjaw,Chaglagam,Arunachal Pradesh,True,28.2687337,96.564114,-0.2446092969745741,0.20535833545857,72.0,12.0
3,Mithumna,Anjaw,Chaglagam,Arunachal Pradesh,True,28.2346775,96.535261,-0.2691972188711344,0.1991694269261876,72.0,12.0
4,Pailiang,Anjaw,Chaglagam,Arunachal Pradesh,True,28.1966606,96.5083691,-0.2609516203366023,0.1850411050155291,72.0,12.0
5,Glotong,Anjaw,Hayuliang,Arunachal Pradesh,True,28.2051645,96.6850333,-0.2590769351023854,0.1794266148831124,72.0,12.0
6,Hayuliang,Anjaw,Hayuliang,Arunachal Pradesh,True,28.081317,96.5236674,-0.0629403857423957,0.5469524393566941,72.0,12.0
7,Keletong,Anjaw,Hayuliang,Arunachal Pradesh,True,28.123006,96.6192583,-0.2951235771296201,0.1991500197418786,72.0,12.0
8,Kongra(Metung),Anjaw,Hayuliang,Arunachal Pradesh,True,28.0695862,96.5735857,-0.3004454538064505,0.2734752956744843,72.0,12.0
9,Zapaliang,Anjaw,Hayuliang,Arunachal Pradesh,True,28.009235,96.4411122,-0.2407818931163332,0.1918267768755387,72.0,12.0
10,Chenguinty,Anjaw,Walong,Arunachal Pradesh,True,27.8858991,96.8520327,-0.2210991064808462,0.2150499424116725,72.0,12.0
11,Dhanbari,Anjaw,Walong,Arunachal Pradesh,True,28.0078075,96.6214266,-0.3089393531628868,0.1724769017946165,144.0,12.0
12,Dong,Anjaw,Walong,Arunachal Pradesh,True,28.1679203,97.0389469,-0.0493758084943887,0.1880068436149222,144.0,12.0
13,Gong,Anjaw,Walong,Arunachal Pradesh,True,28.1700892,97.0008029,-0.3271232856862898,0.1643318583402919,144.0,12.0
14,Hot Spring,Anjaw,Walong,Arunachal Pradesh,True,28.2928975,97.1638576,-0.1289386414711703,0.1840439279082077,73.0,12.0
15,Hunung,Anjaw,Walong,Arunachal Pradesh,True,27.8741289,96.9451026,-0.2534327105288635,0.1913405367051418,72.0,12.0
16,Kaho,Anjaw,Walong,Arunachal Pradesh,True,28.3034238,97.0250574,-0.0465716727047253,0.2138627024009974,146.0,12.0
17,Khrawit,Anjaw,Walong,Arunachal Pradesh,True,27.9044705,96.9437389,-0.2191387323357234,0.1754531205228529,72.0,12.0
18,Krowti,Anjaw,Walong,Arunachal Pradesh,True,28.2354088,97.0273216,-0.0693223859805812,0.2346436590056628,146.0,12.0
19,Krowti Labour Camp,Anjaw,Walong,Arunachal Pradesh,True,28.2318311,97.0285584,-0.0906742069681073,0.2573829287811454,146.0,12.0
20,Kundan,Anjaw,Walong,Arunachal Pradesh,True,28.2425043,97.0254063,-0.035639831575103,0.1998445572903088,146.0,12.0
21,Musai,Anjaw,Walong,Arunachal Pradesh,True,28.2588294,97.0287424,0.0453930418031363,0.2254867260797624,146.0,12.0
22,Samdul,Anjaw,Walong,Arunachal Pradesh,True,27.8858936,96.9223997,-0.0469838371133786,0.2276609383862502,72.0,12.0
23,Supkung,Anjaw,Walong,Arunachal Pradesh,True,28.1588813,97.0363709,-0.0485346225932518,0.191386122046119,144.0,12.0
24,Walong,Anjaw,Walong,Arunachal Pradesh,True,28.1294938,97.0166444,-0.010547431467725,0.4003745859259373,144.0,12.0
25,Yakung,Anjaw,Walong,Arunachal Pradesh,True,28.1997526,97.0263468,-0.0614570255661883,0.1917533215497975,146.0,12.0
26,Achali,Dibang Valley,Anini-Mipi,Arunachal Pradesh,True,28.8429461,95.9704783,-0.1181947966297117,0.1880667416308016,576.0,12.0
27,Achengo,Dibang Valley,Anini-Mipi,Arunachal Pradesh,True,28.8238506,95.9428387,-0.058234687834446,0.23710619842619,576.0,12.0
28,Acheso,Dibang Valley,Anini-Mipi,Arunachal Pradesh,True,28.9263772,95.97448,-0.1028074543504637,0.2229102723986694,288.0,12.0
29,Alinye,Dibang Valley,Anini-Mipi,Arunachal Pradesh,True,28.8346828,95.9628967,-0.0624681962011666,0.1976701615431714,576.0,12.0
30,Angrim Valley,Dibang Valley,Anini-Mipi,Arunachal Pradesh,True,28.8842816,95.9786208,-0.1182087195100127,0.1964658973175044,576.0,12.0
31,Aropo,Dibang Valley,Anini-Mipi,Arunachal Pradesh,True,28.8230901,95.9397069,-0.0684818184311672,0.227180054052697,576.0,12.0
32,Atoto,Dibang Valley,Anini-Mipi,Arunachal Pradesh,True,28.8355826,95.9647411,-0.0641755055859776,0.1974721592093894,576.0,12.0
33,Echito,Dibang Valley,Anini-Mipi,Arunachal Pradesh,True,28.9291593,95.9752771,-0.0919968758426521,0.2205890980104452,288.0,12.0
34,Ediya,Dibang Valley,Anini-Mipi,Arunachal Pradesh,True,28.9638191,95.8076515,-0.1250459737553362,0.2048494862761791,145.0,12.0
35,Emuli,Dibang Valley,Anini-Mipi,Arunachal Pradesh,True,28.8871158,95.8356573,-0.1339354352257039,0.208357219971396,288.0,12.0
36,Gipulin,Dibang Valley,Anini-Mipi,Arunachal Pradesh,True,28.8479222,95.9666253,-0.1149810142687036,0.1896774215712828,576.0,12.0
37,Kamuyi,Dibang Valley,Anini-Mipi,Arunachal Pradesh,True,28.9926912,95.8050502,-0.1828539612349904,0.2376101322078232,145.0,12.0
38,Mipi H.Q.,Dibang Valley,Anini-Mipi,Arunachal Pradesh,True,28.9641685,95.8081308,-0.1264550256950507,0.2074191753182522,145.0,12.0
39,Mipido,Dibang Valley,Anini-Mipi,Arunachal Pradesh,True,28.950424,95.8144355,-0.1277012525148263,0.227378342222958,144.0,12.0
40,Etalin Bridge Point,Dibang Valley,Etalin-Malinye,Arunachal Pradesh,True,28.6094048,95.8703668,-0.2142418363980057,0.1760005647391749,144.0,12.0
41,Maliney,Dibang Valley,Etalin-Malinye,Arunachal Pradesh,True,28.6750197,96.1532235,-0.0622102598639963,0.2383547709292213,159.0,12.0
42,Mawali,Dibang Valley,Etalin-Malinye,Arunachal Pradesh,True,28.6599698,96.0170217,-0.2034015074525497,0.1876385821794559,288.0,12.0
43,Punli,Dibang Valley,Etalin-Malinye,Arunachal Pradesh,True,28.6565904,95.8520788,-0.2445879064297353,0.2578612569490625,144.0,12.0
44,Lengdi/Liang,East Kameng,Bameng,Arunachal Pradesh,True,27.5376292,92.923885,-0.2277718359051654,0.2432505621261575,146.0,12.0
45,Upper Liyak,East Kameng,Bameng,Arunachal Pradesh,True,27.5337804,92.8465101,-0.2323739736942544,0.2469789269286514,146.0,12.0
46,Dao,East Kameng,Chayangtajo,Arunachal Pradesh,True,27.7832832,92.9383609,-0.2930922854065451,0.2461302230810616,145.0,12.0
47,Dara Yangfo,East Kameng,Chayangtajo,Arunachal Pradesh,True,27.732817,93.0487159,-0.2587068726582371,0.2380276791493895,290.0,12.0
48,Lamrah,East Kameng,Chayangtajo,Arunachal Pradesh,True,27.6967225,93.0373888,-0.2900817194108105,0.222980558971564,290.0,12.0
49,Loto Yangfo,East Kameng,Chayangtajo,Arunachal Pradesh,True,27.7296573,93.059293,-0.2521862390087008,0.2183258420295929,290.0,12.0
50,Diya Sullung,East Kameng,Chayangtajo,Arunachal Pradesh,True,27.7760452,93.0124888,-0.2870152373392099,0.2228428048300769,290.0,12.0
51,Hara Yangfo,East Kameng,Chayangtajo,Arunachal Pradesh,True,27.751648,93.1327809,-0.2666927062979696,0.2332728782868278,145.0,12.0
52,Jayang Bagang,East Kameng,Chayangtajo,Arunachal Pradesh,True,27.7547367,93.1791026,-0.234703335015805,0.2396731814359153,145.0,12.0
53,Kesse Bagang,East Kameng,Chayangtajo,Arunachal Pradesh,True,27.7809294,93.2034502,-0.2293936719910095,0.209201851454046,147.0,12.0
54,Langchu Sullung,East Kameng,Chayangtajo,Arunachal Pradesh,True,27.7569534,92.9355132,-0.2867686974312561,0.2065460288975977,145.0,12.0
55,Nampe Bagang,East Kameng,Chayangtajo,Arunachal Pradesh,True,27.7140627,93.0313033,-0.2899773863335592,0.2215293234334491,290.0,12.0
56,Raro Sullung,East Kameng,Chayangtajo,Arunachal Pradesh,True,27.6890058,93.0717372,-0.3129373202446645,0.1985885274569547,290.0,12.0
57,Tamsang Yangfo,East Kameng,Chayangtajo,Arunachal Pradesh,True,27.6760974,93.0917894,-0.2206428012412027,0.2183723950126607,290.0,12.0
58,Warriam Sullung,East Kameng,Chayangtajo,Arunachal Pradesh,True,27.7279436,92.9802579,-0.2751864859661826,0.2336271211252374,145.0,12.0
59,Wallong,East Kameng,Khenewa,Arunachal Pradesh,True,27.6530641,92.9685879,-0.2737693825487757,0.2038075356414429,145.0,12.0
60,Chate,Kurung Kumey,Damin,Arunachal Pradesh,True,28.1191826,93.3236259,-0.3188556126712571,0.2275523770470945,145.0,12.0
61,Chulla,Kurung Kumey,Damin,Arunachal Pradesh,True,28.1242982,93.411274,-0.3128457201374781,0.255530815315354,145.0,12.0
62,Damin H.Q.,Kurung Kumey,Damin,Arunachal Pradesh,True,28.1041982,93.3343841,-0.2528072833205347,0.2242660758520581,145.0,12.0
63,Damin Village,Kurung Kumey,Damin,Arunachal Pradesh,True,28.1050092,93.3443566,-0.3118538992323417,0.193762936144076,145.0,12.0
64,Digok,Kurung Kumey,Damin,Arunachal Pradesh,True,28.1272533,93.3496878,-0.3203483335485862,0.2063329643647583,145.0,12.0
65,Fuba,Kurung Kumey,Damin,Arunachal Pradesh,True,28.1198537,93.3376816,-0.334679275353896,0.2445553067253042,145.0,12.0
66,Huri,Kurung Kumey,Damin,Arunachal Pradesh,True,28.1095105,93.3045975,-0.2889376739538709,0.2634285977658103,145.0,12.0
67,Katuk,Kurung Kumey,Damin,Arunachal Pradesh,True,28.1189094,93.2501395,-0.2750249028911657,0.2578042079323689,145.0,12.0
68,Kopila,Kurung Kumey,Damin,Arunachal Pradesh,True,28.1092251,93.3088818,-0.2752457660782831,0.2583826797468037,145.0,12.0
69,Machang,Kurung Kumey,Damin,Arunachal Pradesh,True,28.0962492,93.3005705,-0.29570741936265,0.2556855605474091,145.0,12.0
70,Nisuk,Kurung Kumey,Damin,Arunachal Pradesh,True,28.1081822,93.414929,-0.3321469547520576,0.2079402513297628,145.0,12.0
71,Pipa,Kurung Kumey,Damin,Arunachal Pradesh,True,28.0735847,93.283149,-0.2712240900068061,0.2455691037051164,145.0,12.0
72,Ramu,Kurung Kumey,Damin,Arunachal Pradesh,True,28.1084035,93.4191096,-0.3285102190349257,0.2031973746587645,145.0,12.0
73,Rane,Kurung Kumey,Damin,Arunachal Pradesh,True,28.1440384,93.3476122,-0.3019417995601735,0.2365411110721262,145.0,12.0
74,Rawiok,Kurung Kumey,Damin,Arunachal Pradesh,True,28.137739,93.3249207,-0.302388222804324,0.2500760177536322,145.0,12.0
75,Ruba,Kurung Kumey,Damin,Arunachal Pradesh,True,28.1221707,93.2334312,-0.3041601597052443,0.2495118775187197,145.0,12.0
76,Senamriang,Kurung Kumey,Damin,Arunachal Pradesh,True,28.1320477,93.3191302,-0.2746197673333128,0.2521527013798666,145.0,12.0
77,Sibia,Kurung Kumey,Damin,Arunachal Pradesh,True,28.1070207,93.3012679,-0.2926461610884918,0.2513839426109602,145.0,12.0
78,Tarba,Kurung Kumey,Damin,Arunachal Pradesh,True,28.1607522,93.4195471,-0.3181527104895414,0.2602484028270999,145.0,12.0
79,Tokriang,Kurung Kumey,Damin,Arunachal Pradesh,True,28.1110736,93.3311986,-0.3104357098122403,0.2111200228729079,145.0,12.0
80,Yaso,Kurung Kumey,Damin,Arunachal Pradesh,True,28.1002726,93.3473375,-0.3041515208791623,0.1733129438389926,145.0,12.0
81,Buhan,Kurung Kumey,Koloriang,Arunachal Pradesh,True,27.8895447,93.283152,-0.31607049287238,0.2256824159984245,150.0,12.0
82,Buyang,Kurung Kumey,Koloriang,Arunachal Pradesh,True,27.9419935,93.286116,-0.2903587033677008,0.2460527773863739,297.0,12.0
83,Buyang-II,Kurung Kumey,Koloriang,Arunachal Pradesh,True,27.9419935,93.286116,-0.2903587033677008,0.2460527773863739,297.0,12.0
84,Chello,Kurung Kumey,Koloriang,Arunachal Pradesh,True,27.8849215,93.291646,-0.2460612885064253,0.2301442832680839,150.0,12.0
85,Chimpu,Kurung Kumey,Koloriang,Arunachal Pradesh,True,27.9522411,93.2566277,-0.2939651318109124,0.2252537794287418,296.0,12.0
86,Chomi,Kurung Kumey,Koloriang,Arunachal Pradesh,True,27.955673,93.2595487,-0.3013102200034129,0.1803903034934722,295.0,12.0
87,Chote,Kurung Kumey,Koloriang,Arunachal Pradesh,True,27.9524396,93.2616596,-0.2901711574203622,0.2004999993222482,295.0,12.0
88,Kiodhriang,Kurung Kumey,Koloriang,Arunachal Pradesh,True,27.8581693,93.2541827,-0.2610301836129697,0.200747546179397,150.0,12.0
89,Nangram,Kurung Kumey,Koloriang,Arunachal Pradesh,True,27.9071735,93.4387839,-0.258246776277605,0.2309764009986566,72.0,12.0
90,Nyolo,Kurung Kumey,Koloriang,Arunachal Pradesh,True,27.9012651,93.3076219,-0.295866352923568,0.2064817938351445,150.0,12.0
91,Pakba,Kurung Kumey,Koloriang,Arunachal Pradesh,True,27.8903622,93.3997806,-0.3249224419008562,0.2274953769592281,117.0,12.0
92,Papu,Kurung Kumey,Koloriang,Arunachal Pradesh,True,27.9111524,93.3917445,-0.2783024074254275,0.2414379605154196,150.0,12.0
93,Rengchi,Kurung Kumey,Koloriang,Arunachal Pradesh,True,27.8914093,93.4267781,-0.256673025914875,0.2107664448361731,72.0,12.0
94,Tate,Kurung Kumey,Koloriang,Arunachal Pradesh,True,27.9539309,93.2699171,-0.3244052497812074,0.1965659643356128,295.0,12.0
95,Yumlam,Kurung Kumey,Koloriang,Arunachal Pradesh,True,27.8897958,93.4560068,-0.2457851272890126,0.2539916677110725,72.0,12.0
96,Cheba,Kurung Kumey,Parsi-Parlo,Arunachal Pradesh,True,28.0204954,93.4801015,-0.2290208971783885,0.1679119919781727,144.0,12.0
97,Dape,Kurung Kumey,Parsi-Parlo,Arunachal Pradesh,True,28.0305059,93.4762607,-0.2599036025048843,0.1663675694547711,72.0,12.0
98,Dare,Kurung Kumey,Parsi-Parlo,Arunachal Pradesh,True,28.040746,93.4566336,-0.2213682978391822,0.179867930128239,75.0,12.0
99,Geyang,Kurung Kumey,Parsi-Parlo,Arunachal Pradesh,True,28.032302,93.4718342,-0.234055535931111,0.1683100321448889,72.0,12.0
100,Gonang,Kurung Kumey,Parsi-Parlo,Arunachal Pradesh,True,27.9884834,93.5169908,-0.1943081494519439,0.1860299602988061,144.0,12.0
101,Nyokuriang,Kurung Kumey,Parsi-Parlo,Arunachal Pradesh,True,28.0062351,93.5622034,-0.2338264465331698,0.1229657394521766,144.0,12.0
102,Pachang,Kurung Kumey,Parsi-Parlo,Arunachal Pradesh,True,28.0250521,93.4720132,-0.2132145659480477,0.1500852777145065,144.0,12.0
103,Pado I,Kurung Kumey,Parsi-Parlo,Arunachal Pradesh,True,27.9756026,93.5757879,-0.2361219574111121,0.1637970219943776,144.0,12.0
104,Pagam,Kurung Kumey,Parsi-Parlo,Arunachal Pradesh,True,28.049312,93.4584998,-0.2625869117459543,0.2173646425838628,77.0,12.0
105,Pape,Kurung Kumey,Parsi-Parlo,Arunachal Pradesh,True,28.0129617,93.4902587,-0.2323101633588924,0.1843710675686763,144.0,12.0
106,Pariang,Kurung Kumey,Parsi-Parlo,Arunachal Pradesh,True,28.0328165,93.4803814,-0.2706606888509161,0.177019264377595,72.0,12.0
107,Passik,Kurung Kumey,Parsi-Parlo,Arunachal Pradesh,True,28.0360017,93.4705453,-0.2354744493273755,0.1696501488243551,72.0,12.0
108,Pilop,Kurung Kumey,Parsi-Parlo,Arunachal Pradesh,True,28.004125,93.5674707,-0.2332831814754062,0.1060812621465905,144.0,12.0
109,Rashik,Kurung Kumey,Parsi-Parlo,Arunachal Pradesh,True,28.0080613,93.5508476,-0.2757263287354175,0.137349508921395,144.0,12.0
110,Yarba-I,Kurung Kumey,Parsi-Parlo,Arunachal Pradesh,True,27.96349,93.5654022,-0.2437249953253676,0.1618678452630639,144.0,12.0
111,Bala,Kurung Kumey,Sarli,Arunachal Pradesh,True,27.9431025,93.1252507,-0.3134957291544656,0.2410187237089017,297.0,12.0
112,Chaching,Kurung Kumey,Sarli,Arunachal Pradesh,True,27.9375989,93.2339474,-0.3132099942679018,0.2192230237164677,297.0,12.0
113,Chulu,Kurung Kumey,Sarli,Arunachal Pradesh,True,27.8792111,93.0545229,-0.2843481634547131,0.2021300430997759,300.0,12.0
114,Gane,Kurung Kumey,Sarli,Arunachal Pradesh,True,27.9643147,93.0391329,-0.2762124696248852,0.2348125225815113,597.0,12.0
115,Haraiho,Kurung Kumey,Sarli,Arunachal Pradesh,True,27.9804475,93.1383943,-0.2847465003065581,0.2221275574002185,297.0,12.0
116,Kapu,Kurung Kumey,Sarli,Arunachal Pradesh,True,27.8879985,93.075251,-0.2392107855085023,0.2466396021782885,300.0,12.0
117,Koropu,Kurung Kumey,Sarli,Arunachal Pradesh,True,27.9899045,93.2023371,-0.2940750764464911,0.2133952358080912,294.0,12.0
118,Machane,Kurung Kumey,Sarli,Arunachal Pradesh,True,27.9220981,93.0770012,-0.3142335498727513,0.24139045346319,300.0,12.0
119,Malo,Kurung Kumey,Sarli,Arunachal Pradesh,True,27.9563848,93.1153543,-0.276451311216043,0.2472209740249522,297.0,12.0
120,Milli,Kurung Kumey,Sarli,Arunachal Pradesh,True,27.9506354,93.0574678,-0.2696130701718296,0.2319444460173448,597.0,12.0
121,Namjo,Kurung Kumey,Sarli,Arunachal Pradesh,True,27.942996,93.1849686,-0.3206485489351471,0.2075215102278958,297.0,12.0
122,New Sarli,Kurung Kumey,Sarli,Arunachal Pradesh,True,27.9582217,93.1705235,-0.2657108028960527,0.2534421469816671,297.0,12.0
123,Riya,Kurung Kumey,Sarli,Arunachal Pradesh,True,27.8776779,93.0467319,-0.286119449380748,0.2144367134152913,300.0,12.0
124,Sape,Kurung Kumey,Sarli,Arunachal Pradesh,True,27.9549291,93.1321419,-0.3034785385521885,0.2352925934559768,297.0,12.0
125,Sarli,Kurung Kumey,Sarli,Arunachal Pradesh,True,27.9525582,93.163373,-0.2061051482222217,0.3602892854579485,297.0,12.0
126,Sate,Kurung Kumey,Sarli,Arunachal Pradesh,True,27.9537376,93.1572444,-0.2156325504247471,0.2918868456928759,297.0,12.0
127,Wabia,Kurung Kumey,Sarli,Arunachal Pradesh,True,27.9413919,93.1360402,-0.2925735338334285,0.2239425210115899,297.0,12.0
128,Walu,Kurung Kumey,Sarli,Arunachal Pradesh,True,27.9413919,93.1360402,-0.2925735338334285,0.2239425210115899,297.0,12.0
129,Waru,Kurung Kumey,Sarli,Arunachal Pradesh,True,27.8852647,93.0448126,-0.2756570228503581,0.1995930869875677,300.0,12.0
130,Chanli,Lower Dibang,Hunli-Desali,Arunachal Pradesh,True,28.2923493,96.0296242,-0.2316767654729841,0.1770537713348469,256.0,12.0
131,Broxer,Tawang,Jang-Thingbu,Arunachal Pradesh,True,27.622647,91.9631993,-0.1056972719677159,0.2655796269575755,74.0,12.0
132,Luguthang,Tawang,Jang-Thingbu,Arunachal Pradesh,True,27.5948234,92.1857466,0.0321901630069269,0.1892109749105451,74.0,12.0
133,Mago,Tawang,Jang-Thingbu,Arunachal Pradesh,True,27.6883395,92.2081099,-0.0528241718688896,0.2234796311954657,74.0,12.0
134,Namazing,Tawang,Jang-Thingbu,Arunachal Pradesh,True,27.5506261,91.9768197,-0.0976918716048341,0.2491498499975076,73.0,12.0
135,Rho,Tawang,Jang-Thingbu,Arunachal Pradesh,True,27.6141065,91.987227,-0.039154241201228,0.2404338511967473,148.0,12.0
136,Kitpi,Tawang,Kitpi,Arunachal Pradesh,True,27.5731189,91.90284,-0.0188680061346556,0.7210109672243041,73.0,12.0
137,Kitpi II,Tawang,Kitpi,Arunachal Pradesh,True,27.5731189,91.90284,-0.0188680061346556,0.7210109672243041,73.0,12.0
138,Famla,Tawang,Tawang,Arunachal Pradesh,True,27.5612427,91.8523298,-0.0237695694355791,0.602214110313304,73.0,12.0
139,Gyangong Ani Gompa,Tawang,Tawang,Arunachal Pradesh,True,27.6003059,91.8525209,-0.0325708302975363,0.3056333784812263,73.0,12.0
140,Jangda,Tawang,Tawang,Arunachal Pradesh,True,27.5942319,91.9742379,-0.0315675428207425,0.276658207077205,73.0,12.0
141,Mandrelling,Tawang,Tawang,Arunachal Pradesh,True,27.5952914,91.8697249,0.1036646647921133,1.9356616147421508,73.0,12.0
142,Sakpret,Tawang,Tawang,Arunachal Pradesh,True,27.57568,91.79901,-0.0592649238278838,0.2672137810873824,73.0,12.0
143,Shyro,Tawang,Tawang,Arunachal Pradesh,True,27.5744459,91.9464757,-0.0625513884004891,0.398799192334602,73.0,12.0
144,Singsore Ani Gompa,Tawang,Tawang,Arunachal Pradesh,True,27.5952914,91.8697249,0.1036646647921133,1.9356616147421508,73.0,12.0
145,Tawang Gompa,Tawang,Tawang,Arunachal Pradesh,True,27.5866091,91.8573902,-0.0676134796648745,0.6658407810942403,73.0,12.0
146,Thongleng,Tawang,Tawang,Arunachal Pradesh,True,27.57294,91.79215,-0.0979234657653704,0.2339909289733353,73.0,12.0
147,Brokenthang,Tawang,Zemithang-Dudunghar,Arunachal Pradesh,True,27.7352592,91.724121,-0.0185553727846832,0.2404424447746459,74.0,12.0
148,Gorsam,Tawang,Zemithang-Dudunghar,Arunachal Pradesh,True,27.6973252,91.7142454,-0.0736160175131199,0.3342046720432625,74.0,12.0
149,Kharman,Tawang,Zemithang-Dudunghar,Arunachal Pradesh,True,27.691851,91.7463062,0.0359563490842925,0.2184824760528218,74.0,12.0
150,Lumpo,Tawang,Zemithang-Dudunghar,Arunachal Pradesh,True,27.7204821,91.7144005,-0.0604072538440065,0.2608752741209612,74.0,12.0
151,Maling,Tawang,Zemithang-Dudunghar,Arunachal Pradesh,True,27.6350823,92.0693622,-0.1091483696355411,0.2210876051095917,148.0,12.0
152,Muktur,Tawang,Zemithang-Dudunghar,Arunachal Pradesh,True,27.5800562,91.6627629,-0.0429080369971126,0.287997952837875,73.0,12.0
153,Ramyang,Tawang,Zemithang-Dudunghar,Arunachal Pradesh,True,27.514701,91.6549664,-0.0883222178431718,0.3019469320239507,73.0,12.0
154,Shakti,Tawang,Zemithang-Dudunghar,Arunachal Pradesh,True,27.61139,91.71387,-0.1260120843578221,0.2329732731216999,73.0,12.0
155,Shoktsen,Tawang,Zemithang-Dudunghar,Arunachal Pradesh,True,27.7416556,91.7318533,-0.1182935328577724,0.2249546281662252,74.0,12.0
156,Sirdi,Tawang,Zemithang-Dudunghar,Arunachal Pradesh,True,27.6466524,91.7230296,-0.116658401729483,0.2556603465761457,73.0,12.0
157,Bishing,Upper Siang,Singa-Gelling,Arunachal Pradesh,True,29.1107736,95.0268102,-0.2997562091859582,0.2022763532990868,72.0,12.0
158,Bona,Upper Siang,Singa-Gelling,Arunachal Pradesh,True,29.0974164,94.9475348,-0.2727441728193379,0.2398667754287099,72.0,12.0
159,Mankota,Upper Siang,Singa-Gelling,Arunachal Pradesh,True,28.8878329,95.0759463,-0.2661325392268238,0.2131152111178543,288.0,12.0
160,Mayum,Upper Siang,Singa-Gelling,Arunachal Pradesh,True,29.0924208,94.9597907,-0.3329363289209234,0.2283946246922866,72.0,12.0
161,Tashi Gaon,Upper Siang,Singa-Gelling,Arunachal Pradesh,True,28.8743385,95.1028336,-0.2976834025357191,0.2055347831587174,288.0,12.0
162,Jido,Upper Siang,Tuting,Arunachal Pradesh,True,28.9820594,94.904882,-0.1682743695794036,0.2127882093849761,72.0,12.0
163,Lali,Upper Siang,Tuting,Arunachal Pradesh,True,29.0003932,94.8912175,-0.150526019734859,0.439733799297514,72.0,12.0
164,Ngaming,Upper Siang,Tuting,Arunachal Pradesh,True,28.9686342,94.9381419,-0.2009354508289968,0.2040294774780019,72.0,12.0
165,Nyering,Upper Siang,Tuting,Arunachal Pradesh,True,28.9360701,95.0104597,-0.3080926501408211,0.2221435203651587,72.0,12.0
166,Pango,Upper Siang,Tuting,Arunachal Pradesh,True,28.8870297,94.7578559,-0.241253325749498,0.1795119028988775,144.0,12.0
167,Pekong,Upper Siang,Tuting,Arunachal Pradesh,True,28.9878787,94.8919255,-0.1682996957627182,0.3124242469073663,72.0,12.0
168,Pekong,Upper Siang,Tuting,Arunachal Pradesh,True,28.9878787,94.8919255,-0.1682996957627182,0.3124242469073663,72.0,12.0
169,Pokbir,Upper Siang,Tuting,Arunachal Pradesh,True,28.963981,94.9375517,-0.2009804575636633,0.2031123936340229,72.0,12.0
170,Rishing,Upper Siang,Tuting,Arunachal Pradesh,True,28.9984023,94.8852907,-0.1404156079803267,0.4827456334077476,72.0,12.0
171,Tenggo,Upper Siang,Tuting,Arunachal Pradesh,True,29.0668244,94.478654,-0.2552496475635434,0.2418184275790292,72.0,12.0
172,Dadu,Upper Subansiri,Limeking,Arunachal Pradesh,True,28.3625828,93.5395735,-0.1861788816301477,0.2299392260899201,85.0,12.0
173,Gumsing,Upper Subansiri,Limeking,Arunachal Pradesh,True,28.4321817,93.2172532,-0.0226281652698584,0.2390497230034507,148.0,12.0
174,Lingbing,Upper Subansiri,Limeking,Arunachal Pradesh,True,28.4367283,93.2151175,-0.0345427424452839,0.2471605925502103,148.0,12.0
175,Redding,Upper Subansiri,Limeking,Arunachal Pradesh,True,28.4851077,93.4621565,-0.2515082284559919,0.2671160124448123,147.0,12.0
176,Redding Camp,Upper Subansiri,Limeking,Arunachal Pradesh,True,28.4851077,93.4621565,-0.2515082284559919,0.2671160124448123,147.0,12.0
177,Taying,Upper Subansiri,Limeking,Arunachal Pradesh,True,28.4321817,93.2172532,-0.0226281652698584,0.2390497230034507,148.0,12.0
178,Yaja,Upper Subansiri,Limeking,Arunachal Pradesh,True,28.4354329,93.2468461,-0.0396971595203267,0.2461092525069397,148.0,12.0
179,Chokar,Upper Subansiri,Nacho,Arunachal Pradesh,True,28.4279157,93.8094041,-0.2372520444110274,0.2442416713635126,74.0,12.0
180,Jerigaon,West Kameng,Nafra,Arunachal Pradesh,True,27.3403204,92.4726477,-0.0247643740606533,0.3570768206513354,73.0,12.0
181,Khellong,West Kameng,Nafra,Arunachal Pradesh,True,27.0133852,92.4145185,-0.3202387356049405,0.1941573367206941,74.0,12.0
182,Gatam,Kra daadi,Pipsorang,Arunachal Pradesh,True,28.0979458,93.6001405,-0.2921243396166578,0.2063632926579272,72.0,12.0
183,Habak,Kra daadi,Pipsorang,Arunachal Pradesh,True,28.1084846,93.5827385,-0.2775217465583891,0.2443165730664184,72.0,12.0
184,Hapuk (I),Kra daadi,Pipsorang,Arunachal Pradesh,True,28.0967863,93.5839299,-0.2871774882302904,0.23207910385785,72.0,12.0
185,Kokso,Kra daadi,Pipsorang,Arunachal Pradesh,True,28.0838152,93.6115937,-0.2781392580291229,0.2241610413159509,72.0,12.0
186,Richik,Kra daadi,Pipsorang,Arunachal Pradesh,True,28.064816,93.6543383,-0.2380585808714971,0.1796118620402617,72.0,12.0
187,Chungthang,North,Chungthang,Sikkim,True,27.604236,88.6465196,-0.0928006996892207,1.3509068161116111,72.0,12.0
188,Tung,North,Chungthang,Sikkim,True,27.5475,88.6493,-0.1963133935141522,0.3004069164843863,72.0,12.0
189,Chawang,North,Kabi Tingda,Sikkim,True,27.4415,88.5992,-0.1994027912640476,0.3180580604842443,72.0,12.0
190,Labi,North,Kabi Tingda,Sikkim,True,27.4373,88.6584,-0.1966227932170329,0.2071770625583047,72.0,12.0
191,Paney-Phensong,North,Kabi Tingda,Sikkim,True,27.4340487,88.6127695,-0.1733758626393655,0.3275824926453782,72.0,12.0
192,Phamtam,North,Kabi Tingda,Sikkim,True,27.4557,88.61,-0.2026547518440388,0.2365196568744905,72.0,12.0
193,Phodong,North,Kabi Tingda,Sikkim,True,27.4130306,88.5838702,-0.219057087978497,0.7540822836693012,72.0,12.0
194,Ramthang,North,Kabi Tingda,Sikkim,True,27.4039854,88.550947,-0.1980469664145782,0.3527520730856041,72.0,12.0
195,Rongong,North,Kabi Tingda,Sikkim,True,27.4092,88.5635,-0.2309603767325484,0.3812090733221598,72.0,12.0
196,Tangyek,North,Kabi Tingda,Sikkim,True,27.4207,88.527,-0.2004863941712896,0.4317650870410611,72.0,12.0
197,Tingchim,North,Kabi Tingda,Sikkim,True,27.4607586,88.5277316,-0.2148664872091385,0.5460334854695934,72.0,12.0
198,Tingda,North,Kabi Tingda,Sikkim,True,27.3957,88.6272,-0.1807733710842793,0.3953389092197632,72.0,12.0
199,Tumlong,North,Kabi Tingda,Sikkim,True,27.4198712,88.5898311,-0.1975322774932242,0.3041573888342205,72.0,12.0
200,Lachen,North,Lachen,Sikkim,True,27.7305455,88.5469054,-0.083473472274913,0.4831110646482557,72.0,12.0
201,Lachung,North,Lachung,Sikkim,True,27.7794,88.7152648,-0.3338222577951795,0.2117400612752706,73.0,12.0
202,Barfok,North,Passingdang,Sikkim,True,27.4977,88.491,-0.2769555364239873,0.2368272825433553,72.0,12.0
203,Gor,North,Passingdang,Sikkim,True,27.4302826,88.4984203,-0.228043051764758,0.3076100432845863,72.0,12.0
204,Hee-Gyathang,North,Passingdang,Sikkim,True,27.4816,88.4991,-0.2499847964757178,0.2667746760325724,72.0,12.0
205,Lingdem,North,Passingdang,Sikkim,True,27.5494817,88.4569319,-0.2074151689984404,0.2834789041776005,72.0,12.0
206,Lingdong,North,Passingdang,Sikkim,True,27.5073091,88.5194632,-0.1957612395970099,0.3419149791144893,72.0,12.0
207,Lingthem,North,Passingdang,Sikkim,True,27.5224732,88.5014686,-0.1928823929408927,0.2532176470413433,72.0,12.0
208,Lingzah-Tolung,North,Passingdang,Sikkim,True,27.571,88.4466,-0.2184172739055736,0.2515547572077974,72.0,12.0
209,Lum,North,Passingdang,Sikkim,True,27.394,88.48,-0.2637046484153471,0.2970656322219494,72.0,12.0
210,Namok,North,Passingdang,Sikkim,True,27.4504654,88.5375829,-0.1963961285863379,0.2939810621456837,72.0,12.0
211,Sakyong-Pentong,North,Passingdang,Sikkim,True,27.5797,88.4049,-0.1771670846055016,0.2226266052886471,72.0,12.0
212,Salim Pakel,North,Passingdang,Sikkim,True,27.5379,88.5518,-0.257465971453519,0.3426425920261278,72.0,12.0
213,Sangtok,North,Passingdang,Sikkim,True,27.4091,88.504,-0.2286893888655522,0.317064114878765,72.0,12.0
214,Sheyam,North,Passingdang,Sikkim,True,27.4367,88.528,-0.1715534319596571,0.4813566107989689,72.0,12.0
215,Shipgyer,North,Passingdang,Sikkim,True,27.5544461,88.6336147,-0.1902048290827967,0.3131334859523837,72.0,12.0
216,Tingbong,North,Passingdang,Sikkim,True,27.5524,88.4984,-0.2219566747778949,0.2638079274914023,72.0,12.0
217,Zimchung,North,Passingdang,Sikkim,True,27.4903,88.5321,-0.1830890507035661,0.6477375474040354,72.0,12.0
218,Bampa,Chamoli,Joshimath,Uttarakhand,True,30.7436664,79.8297153,-0.1676507631012783,0.2988972685396157,73.0,12.0
219,Gamsali,Chamoli,Joshimath,Uttarakhand,True,30.7559986,79.8261873,-0.1221696441477371,0.3197171241850466,73.0,12.0
220,Gurguti,Chamoli,Joshimath,Uttarakhand,True,30.7738,79.8758,-0.0796728026282979,0.2715718479464299,73.0,12.0
221,Joshimath,Chamoli,Joshimath,Uttarakhand,True,30.5555752,79.5612607,-0.0351111749193354,10.05841051181929,72.0,12.0
222,Kailashpur,Chamoli,Joshimath,Uttarakhand,True,30.7148,79.8639,-0.0210782630727121,0.2752732125421365,146.0,12.0
223,Mahargaon,Chamoli,Joshimath,Uttarakhand,True,30.4061118,79.4205814,-0.1161333277152282,0.7785755889011863,73.0,12.0
224,Malari,Chamoli,Joshimath,Uttarakhand,True,30.6845508,79.8893688,-0.0907964794558679,0.2909279443551359,146.0,12.0
225,Mana,Chamoli,Joshimath,Uttarakhand,True,30.9671228,79.4109692,-0.6687926448666301,0.3084991046818353,72.0,12.0
226,Bilju,Pithoragarh,Munsyari,Uttarakhand,True,30.3949398,80.1659059,-0.1195141627169368,0.2585443772375583,72.0,12.0
227,Burphu,Pithoragarh,Munsyari,Uttarakhand,True,30.3666548,80.1842308,-0.1547823175422527,0.2541812968927994,72.0,12.0
228,Martoli,Pithoragarh,Munsyari,Uttarakhand,True,30.3482498,80.1931552,-0.1887107528543809,0.2664485269869797,72.0,12.0
229,Rilkot,Pithoragarh,Munsyari,Uttarakhand,True,30.3104468,80.2080315,-0.2330738369240697,0.2681470375544632,72.0,12.0
230,Tola,Pithoragarh,Munsyari,Uttarakhand,True,30.3356863,80.2121168,-0.2479127895662819,0.261611402520667,72.0,12.0
231,Baling,Pithoragarh,Dharchula or Kanalichhina (unresolved),Uttarakhand,True,30.2092254,80.5479905,-0.3130543473874247,0.2580949817486471,72.0,12.0
232,Dar,Pithoragarh,Dharchula or Kanalichhina (unresolved),Uttarakhand,True,30.069216,80.602947,-0.0867053539945536,0.2347032980604486,73.0,12.0
233,Dugtu,Pithoragarh,Dharchula or Kanalichhina (unresolved),Uttarakhand,True,30.21,80.5679,-0.2129039983380212,0.2499917621931836,72.0,12.0
234,Garbyang,Pithoragarh,Dharchula or Kanalichhina (unresolved),Uttarakhand,True,30.1251387,80.8575277,-0.063862945345275,0.2489576524970575,146.0,12.0
235,Gunji,Pithoragarh,Dharchula or Kanalichhina (unresolved),Uttarakhand,True,30.1865763,80.8508108,-0.0764843597831414,0.2414777271392441,139.0,12.0
236,Kuti,Pithoragarh,Dharchula or Kanalichhina (unresolved),Uttarakhand,True,30.3078792,80.7599224,-0.2005471178961703,0.3212331912379749,72.0,12.0
237,Navi,Pithoragarh,Dharchula or Kanalichhina (unresolved),Uttarakhand,True,30.2049725,80.8373063,-0.071131430795299,0.2652181878079413,75.0,12.0
238,Rongkong (Raung Kong),Pithoragarh,Dharchula or Kanalichhina (unresolved),Uttarakhand,True,30.2033451,80.8316381,-0.1965463756306194,0.2834968732170917,74.0,12.0
239,Sela,Pithoragarh,Dharchula or Kanalichhina (unresolved),Uttarakhand,True,30.1472581,80.6056591,-0.1294310853009958,0.2116044632820606,73.0,12.0
240,Tidang,Pithoragarh,Dharchula or Kanalichhina (unresolved),Uttarakhand,True,30.246,80.5487,-0.2624580803748924,0.2628342545164224,72.0,12.0
241,Amali,Pithoragarh,Dharchula or Kanalichhina (unresolved),Uttarakhand,True,29.7039,80.3278,-0.0995701853006327,0.4222043301731217,72.0,12.0
242,Bagori,Uttarkashi,Bhatwari,Uttarakhand,True,30.7702443,78.4746317,-0.1441915213400303,0.3210780056494157,125.0,12.0
243,Dharali,Uttarkashi,Bhatwari,Uttarakhand,True,31.0408468,78.7815312,-0.1394969308649961,0.7111524497806834,146.0,12.0
244,Harshil,Uttarkashi,Bhatwari,Uttarakhand,True,31.0350501,78.7572289,-0.1836047758283634,0.6509983816752521,147.0,12.0
245,Jadung,Uttarkashi,Bhatwari,Uttarakhand,True,31.1648,79.0397,-0.2549995657335736,0.290602151424654,147.0,12.0
246,Jaspur,Uttarkashi,Bhatwari,Uttarakhand,True,30.727214,78.4636435,-0.2713248411243828,0.9718044911391892,127.0,12.0
247,Jhala,Uttarkashi,Bhatwari,Uttarakhand,True,31.0248573,78.7101354,-0.1003644016151221,0.4782108120338336,147.0,12.0
248,Mukhawa,Uttarkashi,Bhatwari,Uttarakhand,True,31.0542,78.7901,-0.0560815792646493,0.2569897943741525,146.0,12.0
249,Nelang,Uttarkashi,Bhatwari,Uttarakhand,True,31.121954,79.0304088,0.0430671162201641,0.260107431516358,145.0,12.0
250,Purali,Uttarkashi,Bhatwari,Uttarakhand,True,31.0299258,78.7099965,-0.1033745145055221,0.4014333320630562,147.0,12.0
251,Sukki,Uttarkashi,Bhatwari,Uttarakhand,True,31.014,78.7108,-0.1257909899415861,0.617567313094847,147.0,12.0
252,Chhitkul,Kinnaur,Unknown,Himachal Pradesh,False,31.3881,78.46219,-0.683102600114489,0.3130423841869522,73.0,12.0
253,Pooh,Kinnaur,Unknown,Himachal Pradesh,False,31.76159,78.5839324,-0.0186802615973231,0.7478842046370248,73.0,12.0
254,Nako,Kinnaur,Unknown,Himachal Pradesh,False,31.8813748,78.6270483,-0.0020516573593573,0.3861379098917765,73.0,12.0
255,Leo,Kinnaur,Unknown,Himachal Pradesh,False,31.8839167,78.5935199,-0.0428328273232771,0.4349822105567509,73.0,12.0
256,Chango,Kinnaur,Unknown,Himachal Pradesh,False,31.9777573,78.5944015,-0.0975288960827507,0.5394124920947103,74.0,12.0
257,Gue,Lahaul and Spiti,Unknown,Himachal Pradesh,False,32.1310531,78.5697113,-0.1737696863280501,0.3415065474824035,74.0,12.0
258,Lalung,Lahaul and Spiti,Unknown,Himachal Pradesh,False,32.14927,78.27071,-0.0908096630522466,0.2931873870218123,148.0,12.0
