District,Block,Habitation,Block_Confidence,geocode_query_used,latitude,longitude,geocode_status,bhuvan_vid,bhuvan_population
Chamoli,Joshimath,Bamni,Confirmed (Joshimath block = 14 villages = full Chamoli count),"Bamni, Chamoli, Uttarakhand, India",,,NO MATCH — Bhuvan also failed or district mismatch,,
Chamoli,Joshimath,Bampa,Confirmed (Joshimath block = 14 villages = full Chamoli count),"Bampa, Joshimath, Chamoli, Uttarakhand, India",30.7436664,79.8297153,matched,,
Chamoli,Joshimath,Farkiya (Farkiagaon),Confirmed (Joshimath block = 14 villages = full Chamoli count),"Farkiya (Farkiagaon), Chamoli, Uttarakhand, India",,,NO MATCH — Bhuvan also failed or district mismatch,,
Chamoli,Joshimath,Gajkoti,Confirmed (Joshimath block = 14 villages = full Chamoli count),"Gajkoti, Chamoli, Uttarakhand, India",,,NO MATCH — Bhuvan also failed or district mismatch,,
Chamoli,Joshimath,Gamsali,Confirmed (Joshimath block = 14 villages = full Chamoli count),"Gamsali, Joshimath, Chamoli, Uttarakhand, India",30.7559986,79.8261873,matched,,
Chamoli,Joshimath,Gurguti,Confirmed (Joshimath block = 14 villages = full Chamoli count),"Gurguti, Chamoli, Uttarakhand, India",30.7738,79.8758,matched via Bhuvan (district-verified),502000100078600.0,18.0
Chamoli,Joshimath,Joshimath,Confirmed (Joshimath block = 14 villages = full Chamoli count),"Joshimath, Joshimath, Chamoli, Uttarakhand, India",30.5555752,79.5612607,matched,,
Chamoli,Joshimath,Kailashpur,Confirmed (Joshimath block = 14 villages = full Chamoli count),"Kailashpur, Chamoli, Uttarakhand, India",30.7148,79.8639,matched via Bhuvan (district-verified),502000100078900.0,245.0
Chamoli,Joshimath,Kosha (Kosa),Confirmed (Joshimath block = 14 villages = full Chamoli count),"Kosha (Kosa), Chamoli, Uttarakhand, India",,,NO MATCH — Bhuvan also failed or district mismatch,,
Chamoli,Joshimath,Mahargaon,Confirmed (Joshimath block = 14 villages = full Chamoli count),"Mahargaon, Chamoli, Uttarakhand, India",30.4061118,79.4205814,"matched (fallback query, no block)",,
Chamoli,Joshimath,Malari,Confirmed (Joshimath block = 14 villages = full Chamoli count),"Malari, Joshimath, Chamoli, Uttarakhand, India",30.6845508,79.8893688,matched,,
Chamoli,Joshimath,Mana,Confirmed (Joshimath block = 14 villages = full Chamoli count),"Mana, Joshimath, Chamoli, Uttarakhand, India",30.9671228,79.4109692,matched,,
Chamoli,Joshimath,Neeti (Niti),Confirmed (Joshimath block = 14 villages = full Chamoli count),"Neeti (Niti), Chamoli, Uttarakhand, India",,,NO MATCH — Bhuvan also failed or district mismatch,,
Chamoli,Joshimath,Rewal Chak Kurkuti,Confirmed (Joshimath block = 14 villages = full Chamoli count),"Rewal Chak Kurkuti, Chamoli, Uttarakhand, India",,,NO MATCH — Bhuvan also failed or district mismatch,,
Pithoragarh,Munsyari,Bilju,Inferred from established Johar Valley geography (Munsyari block = 8; not from a single name+block source),"Bilju, Munsyari, Pithoragarh, Uttarakhand, India",30.3949398,80.1659059,matched,,
Pithoragarh,Munsyari,Burphu,Inferred from established Johar Valley geography (Munsyari block = 8; not from a single name+block source),"Burphu, Munsyari, Pithoragarh, Uttarakhand, India",30.3666548,80.1842308,matched,,
Pithoragarh,Munsyari,Martoli,Inferred from established Johar Valley geography (Munsyari block = 8; not from a single name+block source),"Martoli, Munsyari, Pithoragarh, Uttarakhand, India",30.3482498,80.1931552,matched,,
Pithoragarh,Munsyari,Milam (Meelam),Inferred from established Johar Valley geography (Munsyari block = 8; not from a single name+block source),"Milam (Meelam), Pithoragarh, Uttarakhand, India",,,NO MATCH — Bhuvan also failed or district mismatch,,
Pithoragarh,Munsyari,Pachhu Gunth,Inferred from established Johar Valley geography (Munsyari block = 8; not from a single name+block source),"Pachhu Gunth, Pithoragarh, Uttarakhand, India",,,NO MATCH — Bhuvan also failed or district mismatch,,
Pithoragarh,Munsyari,Panchhu,Inferred from established Johar Valley geography (Munsyari block = 8; not from a single name+block source),"Panchhu, Pithoragarh, Uttarakhand, India",,,NO MATCH — Bhuvan also failed or district mismatch,,
Pithoragarh,Munsyari,Rilkot,Inferred from established Johar Valley geography (Munsyari block = 8; not from a single name+block source),"Rilkot, Munsyari, Pithoragarh, Uttarakhand, India",30.3104468,80.2080315,matched,,
Pithoragarh,Munsyari,Tola,Inferred from established Johar Valley geography (Munsyari block = 8; not from a single name+block source),"Tola, Munsyari, Pithoragarh, Uttarakhand, India",30.3356863,80.2121168,matched,,
Pithoragarh,Dharchula or Kanalichhina (unresolved),Baling,UNRESOLVED - district confirmed; block not resolvable from available sources (Dharchula=17/Kanalichhina=2 aggregate only),"Baling, Pithoragarh, Uttarakhand, India",30.2092254,80.5479905,matched,,
Pithoragarh,Dharchula or Kanalichhina (unresolved),Dar,UNRESOLVED - district confirmed; block not resolvable from available sources (Dharchula=17/Kanalichhina=2 aggregate only),"Dar, Pithoragarh, Uttarakhand, India",30.069216,80.602947,matched,,
Pithoragarh,Dharchula or Kanalichhina (unresolved),Dugtu,UNRESOLVED - district confirmed; block not resolvable from available sources (Dharchula=17/Kanalichhina=2 aggregate only),"Dugtu, Pithoragarh, Uttarakhand, India",30.21,80.5679,matched via Bhuvan (district-verified),507000200898400.0,170.0
Pithoragarh,Dharchula or Kanalichhina (unresolved),Garbyang,UNRESOLVED - district confirmed; block not resolvable from available sources (Dharchula=17/Kanalichhina=2 aggregate only),"Garbyang, Pithoragarh, Uttarakhand, India",30.1251387,80.8575277,matched,,
Pithoragarh,Dharchula or Kanalichhina (unresolved),Gunji,UNRESOLVED - district confirmed; block not resolvable from available sources (Dharchula=17/Kanalichhina=2 aggregate only),"Gunji, Pithoragarh, Uttarakhand, India",30.1865763,80.8508108,matched,,
Pithoragarh,Dharchula or Kanalichhina (unresolved),Heera Gumari R.F.,UNRESOLVED - district confirmed; block not resolvable from available sources (Dharchula=17/Kanalichhina=2 aggregate only),"Heera Gumari R.F., Pithoragarh, Uttarakhand, India",,,NO MATCH — Bhuvan also failed or district mismatch,,
Pithoragarh,Dharchula or Kanalichhina (unresolved),Heera Gumari R.F. (P-2),UNRESOLVED - district confirmed; block not resolvable from available sources (Dharchula=17/Kanalichhina=2 aggregate only),"Heera Gumari R.F. (P-2), Pithoragarh, Uttarakhand, India",,,NO MATCH — Bhuvan also failed or district mismatch,,
Pithoragarh,Dharchula or Kanalichhina (unresolved),Khimling,UNRESOLVED - district confirmed; block not resolvable from available sources (Dharchula=17/Kanalichhina=2 aggregate only),"Khimling, Pithoragarh, Uttarakhand, India",,,NO MATCH — Bhuvan also failed or district mismatch,,
Pithoragarh,Dharchula or Kanalichhina (unresolved),Kuti,UNRESOLVED - district confirmed; block not resolvable from available sources (Dharchula=17/Kanalichhina=2 aggregate only),"Kuti, Pithoragarh, Uttarakhand, India",30.3078792,80.7599224,matched,,
Pithoragarh,Dharchula or Kanalichhina (unresolved),Marcha (Marchha),UNRESOLVED - district confirmed; block not resolvable from available sources (Dharchula=17/Kanalichhina=2 aggregate only),"Marcha (Marchha), Pithoragarh, Uttarakhand, India",,,NO MATCH — Bhuvan also failed or district mismatch,,
Pithoragarh,Dharchula or Kanalichhina (unresolved),Napalchu (Napalachchu),UNRESOLVED - district confirmed; block not resolvable from available sources (Dharchula=17/Kanalichhina=2 aggregate only),"Napalchu (Napalachchu), Pithoragarh, Uttarakhand, India",,,NO MATCH — Bhuvan also failed or district mismatch,,
Pithoragarh,Dharchula or Kanalichhina (unresolved),Navi,UNRESOLVED - district confirmed; block not resolvable from available sources (Dharchula=17/Kanalichhina=2 aggregate only),"Navi, Pithoragarh, Uttarakhand, India",30.2049725,80.8373063,matched,,
Pithoragarh,Dharchula or Kanalichhina (unresolved),Rongkong (Raung Kong),UNRESOLVED - district confirmed; block not resolvable from available sources (Dharchula=17/Kanalichhina=2 aggregate only),"Rongkong (Raung Kong), Pithoragarh, Uttarakhand, India",30.2033451,80.8316381,matched,,
Pithoragarh,Dharchula or Kanalichhina (unresolved),Seepu (Sipu),UNRESOLVED - district confirmed; block not resolvable from available sources (Dharchula=17/Kanalichhina=2 aggregate only),"Seepu (Sipu), Pithoragarh, Uttarakhand, India",,,NO MATCH — Bhuvan also failed or district mismatch,,
Pithoragarh,Dharchula or Kanalichhina (unresolved),Sela,UNRESOLVED - district confirmed; block not resolvable from available sources (Dharchula=17/Kanalichhina=2 aggregate only),"Sela, Pithoragarh, Uttarakhand, India",30.1472581,80.6056591,matched,,
Pithoragarh,Dharchula or Kanalichhina (unresolved),Sobla (Sobala),UNRESOLVED - district confirmed; block not resolvable from available sources (Dharchula=17/Kanalichhina=2 aggregate only),"Sobla (Sobala), Pithoragarh, Uttarakhand, India",,,NO MATCH — Bhuvan also failed or district mismatch,,
Pithoragarh,Dharchula or Kanalichhina (unresolved),Tidang,UNRESOLVED - district confirmed; block not resolvable from available sources (Dharchula=17/Kanalichhina=2 aggregate only),"Tidang, Pithoragarh, Uttarakhand, India",30.246,80.5487,matched via Bhuvan (district-verified),507000200897900.0,115.0
Pithoragarh,Dharchula or Kanalichhina (unresolved),Amali,UNRESOLVED - district confirmed; block not resolvable from available sources (Dharchula=17/Kanalichhina=2 aggregate only),"Amali, Pithoragarh, Uttarakhand, India",29.7039,80.3278,matched via Bhuvan (district-verified),507000300960200.0,89.0
Pithoragarh,Dharchula or Kanalichhina (unresolved),Beda (Bedara),UNRESOLVED - district confirmed; block not resolvable from available sources (Dharchula=17/Kanalichhina=2 aggregate only),"Beda (Bedara), Pithoragarh, Uttarakhand, India",,,NO MATCH — Bhuvan also failed or district mismatch,,
Uttarkashi,Bhatwari,Bagori,Confirmed (Bhatwari block = 10 villages = full Uttarkashi count),"Bagori, Bhatwari, Uttarkashi, Uttarakhand, India",30.7702443,78.4746317,matched,,
Uttarkashi,Bhatwari,Dharali,Confirmed (Bhatwari block = 10 villages = full Uttarkashi count),"Dharali, Bhatwari, Uttarkashi, Uttarakhand, India",31.0408468,78.7815312,matched,,
Uttarkashi,Bhatwari,Harshil,Confirmed (Bhatwari block = 10 villages = full Uttarkashi count),"Harshil, Bhatwari, Uttarkashi, Uttarakhand, India",31.0350501,78.7572289,matched,,
Uttarkashi,Bhatwari,Jadung,Confirmed (Bhatwari block = 10 villages = full Uttarkashi count),"Jadung, Uttarkashi, Uttarakhand, India",31.1648,79.0397,matched via Bhuvan (district-verified),501000400060400.0,0.0
Uttarkashi,Bhatwari,Jaspur,Confirmed (Bhatwari block = 10 villages = full Uttarkashi count),"Jaspur, Bhatwari, Uttarkashi, Uttarakhand, India",30.727214,78.4636435,matched,,
Uttarkashi,Bhatwari,Jhala,Confirmed (Bhatwari block = 10 villages = full Uttarkashi count),"Jhala, Bhatwari, Uttarkashi, Uttarakhand, India",31.0248573,78.7101354,matched,,
Uttarkashi,Bhatwari,Mukhawa,Confirmed (Bhatwari block = 10 villages = full Uttarkashi count),"Mukhawa, Uttarkashi, Uttarakhand, India",31.0542,78.7901,matched via Bhuvan (district-verified),501000400060600.0,1001.0
Uttarkashi,Bhatwari,Nelang,Confirmed (Bhatwari block = 10 villages = full Uttarkashi count),"Nelang, Bhatwari, Uttarkashi, Uttarakhand, India",31.121954,79.0304088,matched,,
Uttarkashi,Bhatwari,Purali,Confirmed (Bhatwari block = 10 villages = full Uttarkashi count),"Purali, Bhatwari, Uttarkashi, Uttarakhand, India",31.0299258,78.7099965,matched,,
Uttarkashi,Bhatwari,Sukki,Confirmed (Bhatwari block = 10 villages = full Uttarkashi count),"Sukki, Uttarkashi, Uttarakhand, India",31.014,78.7108,matched via Bhuvan (district-verified),501000400061300.0,589.0
