village_id,village,district,block,state,is_core_sample,latitude,longitude,distance_to_border_km,village_source,district_verified
1,Upper Traflagam 266829,Anjaw,Unknown,Arunachal Pradesh,True,28.3500638,96.6336613,10.504838648105533,control (non-VVP),True
2,Tarampa,Anjaw,Unknown,Arunachal Pradesh,True,28.3416126,96.6186283,11.586133525677417,control (non-VVP),True
3,Matkrong,Anjaw,Unknown,Arunachal Pradesh,True,27.8559038,96.9824133,12.589815225144246,control (non-VVP),True
4,Abochagan,Anjaw,Unknown,Arunachal Pradesh,True,28.3136489,96.6140466,14.801871758475004,control (non-VVP),True
5,Maling,Anjaw,Unknown,Arunachal Pradesh,True,28.2834154,96.5597358,16.934334664990818,control (non-VVP),True
6,Khalega,Anjaw,Unknown,Arunachal Pradesh,True,28.2806477,96.5718641,17.79677059210524,control (non-VVP),True
7,Shirong,Anjaw,Unknown,Arunachal Pradesh,True,27.903587,96.9409105,19.462420426831876,control (non-VVP),True
8,Gai,Anjaw,Unknown,Arunachal Pradesh,True,27.9167902,96.9468696,20.235107019894407,control (non-VVP),True
9,Khampti Pani,Anjaw,Unknown,Arunachal Pradesh,True,27.9282865,96.9573301,20.606753873624825,control (non-VVP),True
10,Xiao Madengliang,Anjaw,Unknown,Arunachal Pradesh,True,28.2208547,96.5152684,21.257067452938543,control (non-VVP),True
11,Tilam,Anjaw,Unknown,Arunachal Pradesh,True,28.1432798,97.0060273,21.76251613786226,control (non-VVP),True
12,Minjong,Anjaw,Unknown,Arunachal Pradesh,True,27.9447015,96.9531849,22.21694825536442,control (non-VVP),True
13,Jiliang,Anjaw,Unknown,Arunachal Pradesh,True,28.2187403,96.536865,22.335877376893624,control (non-VVP),True
14,Tinai,Anjaw,Unknown,Arunachal Pradesh,True,28.1383669,97.0271327,22.779838176246095,control (non-VVP),True
15,Kalin,Anjaw,Unknown,Arunachal Pradesh,True,27.9654847,96.9709934,22.844731132325425,control (non-VVP),True
16,Halla,Anjaw,Unknown,Arunachal Pradesh,True,27.9655372,96.962708,23.363493438772693,control (non-VVP),True
17,Yashong Camp,Anjaw,Unknown,Arunachal Pradesh,True,27.9752592,96.9686698,23.88390429456526,control (non-VVP),True
18,Menilkrai,Anjaw,Unknown,Arunachal Pradesh,True,28.1024223,97.0047561,26.341690706125203,control (non-VVP),True
19,Sarti,Anjaw,Unknown,Arunachal Pradesh,True,28.0081411,96.9619129,27.38045906842876,control (non-VVP),True
20,Tarafliang,Anjaw,Unknown,Arunachal Pradesh,True,28.1541848,96.5174198,28.555263825251934,control (non-VVP),True
21,Chinagam,Anjaw,Unknown,Arunachal Pradesh,True,28.1625933,96.5530756,28.84541487295319,control (non-VVP),True
22,Nilang,Anjaw,Unknown,Arunachal Pradesh,True,28.1764497,96.6564414,29.208028216081967,control (non-VVP),True
23,Chipru,Anjaw,Unknown,Arunachal Pradesh,True,28.1503735,96.5374173,29.57533097313382,control (non-VVP),True
24,Warti,Anjaw,Unknown,Arunachal Pradesh,True,28.0392081,96.9729224,29.59374629385533,control (non-VVP),True
25,Chareimna,Anjaw,Unknown,Arunachal Pradesh,True,28.1695789,96.6589609,29.791188121608855,control (non-VVP),True
26,Bringkong,Anjaw,Unknown,Arunachal Pradesh,True,28.1715853,96.6504862,29.97547381977245,control (non-VVP),True
27,Sethi,Anjaw,Unknown,Arunachal Pradesh,True,28.055845,96.9797354,30.190500113486607,control (non-VVP),True
28,Baligam,Anjaw,Unknown,Arunachal Pradesh,True,28.1433091,96.5356291,30.279792081054858,control (non-VVP),True
29,Challang,Anjaw,Unknown,Arunachal Pradesh,True,28.1551886,96.6522501,31.561882321674908,control (non-VVP),True
30,Matiliang 266674,Anjaw,Unknown,Arunachal Pradesh,True,28.1076072,96.445203,31.756415094290727,control (non-VVP),True
31,Tololiang,Anjaw,Unknown,Arunachal Pradesh,True,28.1256641,96.547808,32.581483962495284,control (non-VVP),True
32,Bulimina,Anjaw,Unknown,Arunachal Pradesh,True,28.1406221,96.6583188,32.764996020317085,control (non-VVP),True
33,Chamemla,Anjaw,Unknown,Arunachal Pradesh,True,28.1286743,96.5620271,32.76560254020825,control (non-VVP),True
34,Hoiliang 266714,Anjaw,Unknown,Arunachal Pradesh,True,28.0981287,96.4478867,32.87033273690764,control (non-VVP),True
35,Tuboka,Anjaw,Unknown,Arunachal Pradesh,True,28.1222299,96.5542939,33.171408601413894,control (non-VVP),True
36,Tikromna,Anjaw,Unknown,Arunachal Pradesh,True,28.1182382,96.5447809,33.28429819060436,control (non-VVP),True
37,Adomla,Anjaw,Unknown,Arunachal Pradesh,True,28.1135364,96.5375112,33.573250061226815,control (non-VVP),True
38,Tafraliang,Anjaw,Unknown,Arunachal Pradesh,True,28.0886403,96.4529695,34.04452371376132,control (non-VVP),True
39,Paluliang,Anjaw,Unknown,Arunachal Pradesh,True,28.1167741,96.5706359,34.35047498734558,control (non-VVP),True
40,Tikromla,Anjaw,Unknown,Arunachal Pradesh,True,28.0971168,96.5348369,35.2956890008453,control (non-VVP),True
41,Champhai,Anjaw,Unknown,Arunachal Pradesh,True,28.1085212,96.57408,35.3533336068139,control (non-VVP),True
42,Chirang 266667,Anjaw,Unknown,Arunachal Pradesh,True,28.0684239,96.4069505,35.490783560347104,control (non-VVP),True
43,Barafu,Anjaw,Unknown,Arunachal Pradesh,True,28.1017011,96.558488,35.51745838467262,control (non-VVP),True
44,Langum,Anjaw,Unknown,Arunachal Pradesh,True,28.1218659,96.6112899,35.60474765169315,control (non-VVP),True
45,Khupa Village 266673,Anjaw,Unknown,Arunachal Pradesh,True,28.0771387,96.4736667,35.85713335997833,control (non-VVP),True
46,Hayugam,Anjaw,Unknown,Arunachal Pradesh,True,28.0893566,96.5438268,36.3975148550209,control (non-VVP),True
47,Kalamdia,Anjaw,Unknown,Arunachal Pradesh,True,28.0994655,96.5765815,36.405086236875746,control (non-VVP),True
48,Khugam,Anjaw,Unknown,Arunachal Pradesh,True,28.0970181,96.5765587,36.66303432749204,control (non-VVP),True
49,Swami Camp,Anjaw,Unknown,Arunachal Pradesh,True,28.0761921,96.5004673,36.67803301896291,control (non-VVP),True
50,Chameliang,Anjaw,Unknown,Arunachal Pradesh,True,28.081538,96.5395274,37.134158522684906,control (non-VVP),True
51,Nenuliang,Anjaw,Unknown,Arunachal Pradesh,True,28.0695914,96.5025516,37.45951468005961,control (non-VVP),True
52,Khupa Township,Anjaw,Unknown,Arunachal Pradesh,True,28.0654038,96.4926664,37.65555089900309,control (non-VVP),True
53,Amliang,Anjaw,Unknown,Arunachal Pradesh,True,28.0586788,96.4688356,37.75712507527925,control (non-VVP),True
54,Mompani,Anjaw,Unknown,Arunachal Pradesh,True,28.0513007,96.4415599,37.94515665109882,control (non-VVP),True
55,Langjon,Anjaw,Unknown,Arunachal Pradesh,True,28.053427,96.4586965,38.07941411415684,control (non-VVP),True
56,Thamptong 266699,Anjaw,Unknown,Arunachal Pradesh,True,28.0678982,96.519264,38.09248610840039,control (non-VVP),True
57,Talang,Anjaw,Unknown,Arunachal Pradesh,True,28.0840788,96.5820921,38.24089889824487,control (non-VVP),True
58,Mahikong,Anjaw,Unknown,Arunachal Pradesh,True,28.0544424,96.4828253,38.597326730514744,control (non-VVP),True
59,Blom,Anjaw,Unknown,Arunachal Pradesh,True,28.0783604,96.5876028,39.054611272326845,control (non-VVP),True
60,布拉母哈岗,Anjaw,Unknown,Arunachal Pradesh,True,28.0669816,96.5559722,39.19576507850824,control (non-VVP),True
61,Kamba,Anjaw,Unknown,Arunachal Pradesh,True,28.0665856,96.5608784,39.3884820701343,control (non-VVP),True
62,Chillang,Anjaw,Unknown,Arunachal Pradesh,True,28.0356469,96.4227016,39.392755065696235,control (non-VVP),True
63,Kongra,Anjaw,Unknown,Arunachal Pradesh,True,28.0695862,96.5735857,39.47988017013702,control (non-VVP),True
64,Chingraliang 266703,Anjaw,Unknown,Arunachal Pradesh,True,28.0460551,96.4835718,39.5393782167354,control (non-VVP),True
65,Karangliang,Anjaw,Unknown,Arunachal Pradesh,True,28.0328845,96.4619146,40.43236519724863,control (non-VVP),True
66,Mele 266697,Anjaw,Unknown,Arunachal Pradesh,True,28.0533163,96.5470204,40.437811277781556,control (non-VVP),True
67,Naraliang,Anjaw,Unknown,Arunachal Pradesh,True,28.0272329,96.4412739,40.635849010950814,control (non-VVP),True
68,Takaliang,Anjaw,Unknown,Arunachal Pradesh,True,28.0190688,96.4160791,41.183443659739964,control (non-VVP),True
69,Chiphugam 266713,Anjaw,Unknown,Arunachal Pradesh,True,28.0127703,96.4014324,41.75594922834891,control (non-VVP),True
70,Khorlang,Anjaw,Unknown,Arunachal Pradesh,True,28.0257952,96.487329,41.867285997961865,control (non-VVP),True
71,Tummla,Anjaw,Unknown,Arunachal Pradesh,True,28.0474659,96.582792,42.16887500579057,control (non-VVP),True
72,Matong,Anjaw,Unknown,Arunachal Pradesh,True,28.0593901,96.6181031,42.274460160888594,control (non-VVP),True
73,Paya,Anjaw,Unknown,Arunachal Pradesh,True,28.0083682,96.4228615,42.47697440268165,control (non-VVP),True
74,Supnung,Anjaw,Unknown,Arunachal Pradesh,True,28.0571961,96.6182474,42.507523513004266,control (non-VVP),True
75,Huiliang,Anjaw,Unknown,Arunachal Pradesh,True,28.0180568,96.4839829,42.628388791294,control (non-VVP),True
76,Bruini,Dibang Valley,Unknown,Arunachal Pradesh,True,29.1545325,96.1488625,4.828929378390194,control (non-VVP),True
77,Andrala Omkar,Dibang Valley,Unknown,Arunachal Pradesh,True,29.0623725,95.6169709,12.490306442883961,control (non-VVP),True
78,阿进,Dibang Valley,Unknown,Arunachal Pradesh,True,29.0685,96.0265797,14.857672933170102,control (non-VVP),True
79,Mawu,Dibang Valley,Unknown,Arunachal Pradesh,True,29.0571162,96.0144078,16.0924783219876,control (non-VVP),True
80,阿普衣,Dibang Valley,Unknown,Arunachal Pradesh,True,29.0043871,95.9701987,20.633256790633148,control (non-VVP),True
81,Dambuen,Dibang Valley,Unknown,Arunachal Pradesh,True,28.931081,95.9752764,21.74253755638121,control (non-VVP),True
82,Basam,Dibang Valley,Unknown,Arunachal Pradesh,True,29.0406371,95.8135986,22.367527095940375,control (non-VVP),True
83,Angrim Valley Village,Dibang Valley,Unknown,Arunachal Pradesh,True,28.8842816,95.9786208,22.641143662473482,control (non-VVP),True
84,Rilley,Dibang Valley,Unknown,Arunachal Pradesh,True,28.8599437,95.9809166,23.37321836742668,control (non-VVP),True
85,dian,Dibang Valley,Unknown,Arunachal Pradesh,True,28.9488654,95.6849583,23.972649654241238,control (non-VVP),True
86,埃巴尼,Dibang Valley,Unknown,Arunachal Pradesh,True,29.0173756,95.8081057,24.572895465981283,control (non-VVP),True
87,Atalin,Dibang Valley,Unknown,Arunachal Pradesh,True,28.8368966,95.9659782,25.849558886793456,control (non-VVP),True
88,Ahunli,Dibang Valley,Unknown,Arunachal Pradesh,True,28.8345474,95.9597204,26.52908197473543,control (non-VVP),True
89,Abali,Dibang Valley,Unknown,Arunachal Pradesh,True,28.99724,95.8076255,26.697170154273167,control (non-VVP),True
90,Beyanli,Dibang Valley,Unknown,Arunachal Pradesh,True,28.9959135,95.8079275,26.84930056070039,control (non-VVP),True
91,Awalin,Dibang Valley,Unknown,Arunachal Pradesh,True,28.7056681,96.1699665,26.92277974809336,control (non-VVP),True
92,Singo,Dibang Valley,Unknown,Arunachal Pradesh,True,28.8257925,95.9457494,28.230304379832862,control (non-VVP),True
93,Malinye,Dibang Valley,Unknown,Arunachal Pradesh,True,28.6750197,96.1532235,28.30539834121112,control (non-VVP),True
94,Mihundo,Dibang Valley,Unknown,Arunachal Pradesh,True,28.829056,95.9393137,28.63456657099252,control (non-VVP),True
95,Akolin,Dibang Valley,Unknown,Arunachal Pradesh,True,28.8236778,95.9416852,28.7025968619355,control (non-VVP),True
96,Ayongo,Dibang Valley,Unknown,Arunachal Pradesh,True,28.8230669,95.9418373,28.721637456999456,control (non-VVP),True
97,Ahunli,Dibang Valley,Unknown,Arunachal Pradesh,True,28.8140704,95.9419262,29.207691783496173,control (non-VVP),True
98,Angulin,Dibang Valley,Unknown,Arunachal Pradesh,True,28.9748478,95.8112262,29.219148052304423,control (non-VVP),True
99,Makuni,Dibang Valley,Unknown,Arunachal Pradesh,True,28.8221427,95.9310087,29.73185832769066,control (non-VVP),True
100,Etabe,Dibang Valley,Unknown,Arunachal Pradesh,True,28.8079186,95.9351971,30.141389334028432,control (non-VVP),True
101,Baro,Dibang Valley,Unknown,Arunachal Pradesh,True,28.7934003,95.9284162,31.57913667847971,control (non-VVP),True
102,Apanli,Dibang Valley,Unknown,Arunachal Pradesh,True,28.6700204,96.1056557,31.666081809402932,control (non-VVP),True
103,Larango,Dibang Valley,Unknown,Arunachal Pradesh,True,28.7880718,95.918821,32.715599618721676,control (non-VVP),True
104,Brango,Dibang Valley,Unknown,Arunachal Pradesh,True,28.9405604,95.8173923,33.115232581316185,control (non-VVP),True
105,Amuli,Dibang Valley,Unknown,Arunachal Pradesh,True,28.7875753,95.9141519,33.14199958509013,control (non-VVP),True
106,Akunli,Dibang Valley,Unknown,Arunachal Pradesh,True,28.8111887,95.8962517,33.401423327619106,control (non-VVP),True
107,Karu,Dibang Valley,Unknown,Arunachal Pradesh,True,28.8049354,95.8992688,33.455276740775716,control (non-VVP),True
108,Tanga II,Dibang Valley,Unknown,Arunachal Pradesh,True,28.8136293,95.893295,33.54569889448366,control (non-VVP),True
109,Akhunli,Dibang Valley,Unknown,Arunachal Pradesh,True,28.6685127,96.059513,33.88230210366286,control (non-VVP),True
110,Chanli,Dibang Valley,Unknown,Arunachal Pradesh,True,28.6033089,96.0280734,34.00517852179684,control (non-VVP),True
111,Maro,Dibang Valley,Unknown,Arunachal Pradesh,True,28.8314281,95.8735957,34.54905619914438,control (non-VVP),True
112,Tapo,Dibang Valley,Unknown,Arunachal Pradesh,True,28.8150846,95.8784431,34.8231650357766,control (non-VVP),True
113,Amboli,Dibang Valley,Unknown,Arunachal Pradesh,True,28.7782095,95.9006268,34.85590058999098,control (non-VVP),True
114,Charkilo,Dibang Valley,Unknown,Arunachal Pradesh,True,28.8156575,95.8773093,34.899804844874176,control (non-VVP),True
115,Maroli,Dibang Valley,Unknown,Arunachal Pradesh,True,28.8551403,95.8604802,34.92281136175568,control (non-VVP),True
116,Angulin,Dibang Valley,Unknown,Arunachal Pradesh,True,28.7972034,95.8857247,35.06554769194197,control (non-VVP),True
117,Emoli,Dibang Valley,Unknown,Arunachal Pradesh,True,28.8871158,95.8356573,36.47291914494567,control (non-VVP),True
118,Athunli,Dibang Valley,Unknown,Arunachal Pradesh,True,28.6575175,96.0218393,36.66333800978367,control (non-VVP),True
119,Anose,Dibang Valley,Unknown,Arunachal Pradesh,True,28.6322763,96.0147489,36.71034814498758,control (non-VVP),True
120,恰帕,Dibang Valley,Unknown,Arunachal Pradesh,True,28.6587596,96.0107761,37.07889339981312,control (non-VVP),True
121,Ilupu,Dibang Valley,Unknown,Arunachal Pradesh,True,28.7766747,95.8707591,37.508495418384705,control (non-VVP),True
122,Aruko,Dibang Valley,Unknown,Arunachal Pradesh,True,28.6365123,96.0073067,37.59654195729976,control (non-VVP),True
123,Alombro,Dibang Valley,Unknown,Arunachal Pradesh,True,28.8912928,95.8139536,38.352440937823914,control (non-VVP),True
124,岷东,Dibang Valley,Unknown,Arunachal Pradesh,True,28.7733786,95.8573956,38.856782355912415,control (non-VVP),True
125,昂里,Dibang Valley,Unknown,Arunachal Pradesh,True,28.6444365,95.9929441,39.293403726414894,control (non-VVP),True
126,阿米里,Dibang Valley,Unknown,Arunachal Pradesh,True,28.3999197,95.9040857,40.10108845934955,control (non-VVP),True
127,Ashambra,Dibang Valley,Unknown,Arunachal Pradesh,True,28.4083935,95.8960457,40.86209392346507,control (non-VVP),True
128,Immli,Dibang Valley,Unknown,Arunachal Pradesh,True,28.7250516,95.8683257,40.958816216957,control (non-VVP),True
129,Koronli,Dibang Valley,Unknown,Arunachal Pradesh,True,28.4146922,95.8929454,41.15421910102154,control (non-VVP),True
130,Waing,East Kameng,Unknown,Arunachal Pradesh,True,27.7737215,92.9303658,29.10858027933751,control (non-VVP),True
131,Langchu Sollung,East Kameng,Unknown,Arunachal Pradesh,True,27.7569534,92.9355132,30.5761082507588,control (non-VVP),True
132,Saria Takhong,East Kameng,Unknown,Arunachal Pradesh,True,27.7461293,92.9324466,31.035622311214954,control (non-VVP),True
133,Takung Sullung,East Kameng,Unknown,Arunachal Pradesh,True,27.737803,92.9545701,33.380068855589585,control (non-VVP),True
134,Weigung Sullung,East Kameng,Unknown,Arunachal Pradesh,True,27.7282868,92.9780365,35.92039371723893,control (non-VVP),True
135,Mechar,East Kameng,Unknown,Arunachal Pradesh,True,27.7792152,93.0216134,36.57055063572135,control (non-VVP),True
136,Mechi,East Kameng,Unknown,Arunachal Pradesh,True,27.7740086,93.0208212,36.81218902189876,control (non-VVP),True
137,Yakli,East Kameng,Unknown,Arunachal Pradesh,True,27.7643991,93.0211222,37.40604903044489,control (non-VVP),True
138,Venia,East Kameng,Unknown,Arunachal Pradesh,True,27.7340861,93.0020799,37.572833559048185,control (non-VVP),True
139,Veo,East Kameng,Unknown,Arunachal Pradesh,True,27.7219814,93.017386,39.59905589006902,control (non-VVP),True
140,Lamniya,East Kameng,Unknown,Arunachal Pradesh,True,27.7095829,93.0130663,40.008997798796365,control (non-VVP),True
141,Kapa,East Kameng,Unknown,Arunachal Pradesh,True,27.6655139,92.9735655,40.05971025567609,control (non-VVP),True
142,Chaling,East Kameng,Unknown,Arunachal Pradesh,True,27.66365,92.9723051,40.11361225940977,control (non-VVP),True
143,Parte,East Kameng,Unknown,Arunachal Pradesh,True,27.689839,93.0024418,40.46452619403954,control (non-VVP),True
144,Tabey,East Kameng,Unknown,Arunachal Pradesh,True,27.6122188,92.9122259,40.65625906356993,control (non-VVP),True
145,Yacho,East Kameng,Unknown,Arunachal Pradesh,True,27.6396662,92.9601837,41.20669380448659,control (non-VVP),True
146,Wagyang,East Kameng,Unknown,Arunachal Pradesh,True,27.6713461,93.0008935,41.66003471930939,control (non-VVP),True
147,Nampe,East Kameng,Unknown,Arunachal Pradesh,True,27.6900524,93.018259,41.71291984623759,control (non-VVP),True
148,Hanche,East Kameng,Unknown,Arunachal Pradesh,True,27.7421636,93.0637776,42.36245995708451,control (non-VVP),True
149,Jomoh,East Kameng,Unknown,Arunachal Pradesh,True,27.6573981,92.9985809,42.52204897730093,control (non-VVP),True
150,Byale,East Kameng,Unknown,Arunachal Pradesh,True,27.7356495,93.0675738,43.07194228022101,control (non-VVP),True
151,Namta Yangfo,East Kameng,Unknown,Arunachal Pradesh,True,27.7018661,93.0532147,43.848612382069,control (non-VVP),True
152,Waii,East Kameng,Unknown,Arunachal Pradesh,True,27.5965694,92.9464187,44.084326469908504,control (non-VVP),True
153,Bodo,East Kameng,Unknown,Arunachal Pradesh,True,27.680324,93.0406964,44.17659492189338,control (non-VVP),True
154,Lapung,East Kameng,Unknown,Arunachal Pradesh,True,27.5627371,92.8898001,44.27955623416437,control (non-VVP),True
155,Kapak Leyak,East Kameng,Unknown,Arunachal Pradesh,True,27.5337804,92.8465101,44.62584993063105,control (non-VVP),True
156,Sawa,East Kameng,Unknown,Arunachal Pradesh,True,27.6833826,93.0522114,44.918930570863594,control (non-VVP),True
157,Kapak Leyak Docha,East Kameng,Unknown,Arunachal Pradesh,True,27.5303152,92.8464486,44.93225424251877,control (non-VVP),True
158,Tungi,East Kameng,Unknown,Arunachal Pradesh,True,27.674452,93.0461713,45.010636883376584,control (non-VVP),True
159,Jokhio,East Kameng,Unknown,Arunachal Pradesh,True,27.6531478,93.0282798,45.08318404257387,control (non-VVP),True
160,Bengde,East Kameng,Unknown,Arunachal Pradesh,True,27.6619285,93.0379357,45.208655087430714,control (non-VVP),True
161,Pangia,East Kameng,Unknown,Arunachal Pradesh,True,27.633391,93.0158758,45.63264120581281,control (non-VVP),True
162,Jattom Sollung,East Kameng,Unknown,Arunachal Pradesh,True,27.7610472,93.1233315,46.28786910457017,control (non-VVP),True
163,Krema Pao,East Kameng,Unknown,Arunachal Pradesh,True,27.6579303,93.0508089,46.50386465478178,control (non-VVP),True
164,Khenawa,East Kameng,Unknown,Arunachal Pradesh,True,27.6180869,93.016777,46.89486107626151,control (non-VVP),True
165,Tagampu Sollung,East Kameng,Unknown,Arunachal Pradesh,True,27.7343114,93.1143115,47.133338565602415,control (non-VVP),True
166,Norang,East Kameng,Unknown,Arunachal Pradesh,True,27.5824001,92.9783276,47.3052366463645,control (non-VVP),True
167,Margingia Camp,East Kameng,Unknown,Arunachal Pradesh,True,27.631307,93.0389871,47.505482170419214,control (non-VVP),True
168,Tarawa Yangfo,East Kameng,Unknown,Arunachal Pradesh,True,27.7267073,93.1157187,47.710614385590354,control (non-VVP),True
169,Pordung,East Kameng,Unknown,Arunachal Pradesh,True,27.6065455,93.0184293,47.934187188344275,control (non-VVP),True
170,Lengdi Liang,East Kameng,Unknown,Arunachal Pradesh,True,27.5376292,92.923885,48.40847649732043,control (non-VVP),True
171,Kamke,East Kameng,Unknown,Arunachal Pradesh,True,27.6740303,93.089903,48.64409129712615,control (non-VVP),True
172,Keyang,East Kameng,Unknown,Arunachal Pradesh,True,27.7303152,93.1297477,48.68313538325027,control (non-VVP),True
173,Killo,East Kameng,Unknown,Arunachal Pradesh,True,27.685517,93.1001025,48.81623131316066,control (non-VVP),True
174,Bameng,East Kameng,Unknown,Arunachal Pradesh,True,27.5435197,92.9483413,49.11497083047297,control (non-VVP),True
175,Mangfi Mangam,East Kameng,Unknown,Arunachal Pradesh,True,27.6440742,93.0724919,49.18115156086854,control (non-VVP),True
176,Nari Camp,East Kameng,Unknown,Arunachal Pradesh,True,27.6463432,93.0774393,49.42051191870407,control (non-VVP),True
177,Yangfo,East Kameng,Unknown,Arunachal Pradesh,True,27.7351995,93.144567,49.64562715070555,control (non-VVP),True
178,Chome,Kra daadi,Unknown,Arunachal Pradesh,True,28.1503359,93.5386063,39.40214620190348,control (non-VVP),True
179,Raha,Kra daadi,Unknown,Arunachal Pradesh,True,28.1361584,93.5375846,40.213694997227364,control (non-VVP),True
180,Nikbia,Kra daadi,Unknown,Arunachal Pradesh,True,28.1267124,93.561505,42.788514750112896,control (non-VVP),True
181,Biya,Kra daadi,Unknown,Arunachal Pradesh,True,28.1035778,93.5745502,45.36312299736999,control (non-VVP),True
182,海马西,Kra daadi,Unknown,Arunachal Pradesh,True,28.2122563,93.6474944,46.24264212898342,control (non-VVP),True
183,Hapuk,Kra daadi,Unknown,Arunachal Pradesh,True,28.0967863,93.5839299,46.57366647457608,control (non-VVP),True
184,Neorum,Kra daadi,Unknown,Arunachal Pradesh,True,28.1946749,93.6465911,46.820432307567366,control (non-VVP),True
185,Korapu,Kra daadi,Unknown,Arunachal Pradesh,True,28.1693463,93.6556686,48.7367838125482,control (non-VVP),True
186,Dongmar Langpu,Kra daadi,Unknown,Arunachal Pradesh,True,28.1625815,93.6543169,48.92239295137883,control (non-VVP),True
187,Raba Karsang,Kra daadi,Unknown,Arunachal Pradesh,True,28.1380163,93.6578323,50.44180507482689,control (non-VVP),True
188,Pipsorang,Kra daadi,Unknown,Arunachal Pradesh,True,28.1542122,93.6754322,51.23719963981684,control (non-VVP),True
189,Samba Karsang,Kra daadi,Unknown,Arunachal Pradesh,True,28.1421137,93.6699491,51.32085856739772,control (non-VVP),True
190,Lungba,Kra daadi,Unknown,Arunachal Pradesh,True,28.0563852,93.6123875,51.60772562023206,control (non-VVP),True
191,Barbia,Kra daadi,Unknown,Arunachal Pradesh,True,28.0190623,93.587875,52.52882713914186,control (non-VVP),True
192,Sangyo,Kra daadi,Unknown,Arunachal Pradesh,True,28.0739291,93.639461,52.59713629518317,control (non-VVP),True
193,Furak,Kurung Kumey,Unknown,Arunachal Pradesh,True,28.1295763,93.2446185,24.03618112605657,control (non-VVP),True
194,Terreline,Kurung Kumey,Unknown,Arunachal Pradesh,True,28.1411574,93.3572171,26.98807855166189,control (non-VVP),True
195,Terik,Kurung Kumey,Unknown,Arunachal Pradesh,True,28.1291371,93.339988,27.253604173183554,control (non-VVP),True
196,赛探,Kurung Kumey,Unknown,Arunachal Pradesh,True,28.1191826,93.3236259,27.514653092640128,control (non-VVP),True
197,Tikla,Kurung Kumey,Unknown,Arunachal Pradesh,True,28.1115397,93.3098102,27.76318891784782,control (non-VVP),True
198,Nayapuk,Kurung Kumey,Unknown,Arunachal Pradesh,True,28.1297215,93.3536247,27.883114644649,control (non-VVP),True
199,Sebia,Kurung Kumey,Unknown,Arunachal Pradesh,True,28.1070207,93.3012679,27.941142532628323,control (non-VVP),True
200,帕普,Kurung Kumey,Unknown,Arunachal Pradesh,True,28.1632499,93.405407,28.09511290624666,control (non-VVP),True
201,Sayang,Kurung Kumey,Unknown,Arunachal Pradesh,True,28.1575101,93.4060193,28.602261035751493,control (non-VVP),True
202,Hagra,Kurung Kumey,Unknown,Arunachal Pradesh,True,28.0961261,93.2908666,28.78543562624348,control (non-VVP),True
203,哈德,Kurung Kumey,Unknown,Arunachal Pradesh,True,28.1661506,93.419094,28.847891947684534,control (non-VVP),True
204,Putong,Kurung Kumey,Unknown,Arunachal Pradesh,True,28.1031564,93.3259013,29.255940373135257,control (non-VVP),True
205,达尔巴,Kurung Kumey,Unknown,Arunachal Pradesh,True,28.1607522,93.4195471,29.299565553124097,control (non-VVP),True
206,Tarla,Kurung Kumey,Unknown,Arunachal Pradesh,True,28.1131762,93.3533548,29.477852499173665,control (non-VVP),True
207,Kelong,Kurung Kumey,Unknown,Arunachal Pradesh,True,28.1556657,93.4203969,29.760483727401677,control (non-VVP),True
208,Sareng,Kurung Kumey,Unknown,Arunachal Pradesh,True,28.1433941,93.4071107,29.84548995566294,control (non-VVP),True
209,Chera,Kurung Kumey,Unknown,Arunachal Pradesh,True,28.105217,93.352456,30.219240718372365,control (non-VVP),True
210,Nayap,Kurung Kumey,Unknown,Arunachal Pradesh,True,28.1058646,93.3579216,30.42071611647499,control (non-VVP),True
211,Sitam,Kurung Kumey,Unknown,Arunachal Pradesh,True,28.0986373,93.3539313,30.94261716358287,control (non-VVP),True
212,Hiniyum,Kurung Kumey,Unknown,Arunachal Pradesh,True,28.127374,93.403807,31.006555528107075,control (non-VVP),True
213,Cheya,Kurung Kumey,Unknown,Arunachal Pradesh,True,28.0965707,93.3537616,31.140459629545745,control (non-VVP),True
214,Lubupa,Kurung Kumey,Unknown,Arunachal Pradesh,True,28.0922288,93.3535062,31.56238320170134,control (non-VVP),True
215,胡巴,Kurung Kumey,Unknown,Arunachal Pradesh,True,28.1242982,93.411274,31.749148583931046,control (non-VVP),True
216,Bamo,Kurung Kumey,Unknown,Arunachal Pradesh,True,28.0971546,93.3686732,31.80894289293791,control (non-VVP),True
217,Dania,Kurung Kumey,Unknown,Arunachal Pradesh,True,28.1225512,93.411611,31.92237461715165,control (non-VVP),True
218,Hala,Kurung Kumey,Unknown,Arunachal Pradesh,True,28.1166163,93.416693,32.76244093369174,control (non-VVP),True
219,Pilpu,Kurung Kumey,Unknown,Arunachal Pradesh,True,28.0798871,93.3655125,33.35440212614204,control (non-VVP),True
220,Nissuk,Kurung Kumey,Unknown,Arunachal Pradesh,True,28.1081822,93.414929,33.39233200993765,control (non-VVP),True
221,Goa,Kurung Kumey,Unknown,Arunachal Pradesh,True,28.0881033,93.3835385,33.45017677538817,control (non-VVP),True
222,Omla,Kurung Kumey,Unknown,Arunachal Pradesh,True,28.0789469,93.3730704,33.810575647452,control (non-VVP),True
223,Meruk,Kurung Kumey,Unknown,Arunachal Pradesh,True,28.0723991,93.3604476,33.8703403308736,control (non-VVP),True
224,Nampe,Kurung Kumey,Unknown,Arunachal Pradesh,True,28.0957497,93.4106276,34.248530435111455,control (non-VVP),True
225,Dogwa,Kurung Kumey,Unknown,Arunachal Pradesh,True,28.0967706,93.4122381,34.25147930274941,control (non-VVP),True
226,Mariangha,Kurung Kumey,Unknown,Arunachal Pradesh,True,28.0768186,93.3779326,34.25899941203038,control (non-VVP),True
227,Vitalin,Kurung Kumey,Unknown,Arunachal Pradesh,True,27.8829315,93.061541,34.54290743835621,control (non-VVP),True
228,Hirik,Kurung Kumey,Unknown,Arunachal Pradesh,True,28.0857154,93.4141714,35.37338603736179,control (non-VVP),True
229,Subuk,Kurung Kumey,Unknown,Arunachal Pradesh,True,28.0825535,93.4104364,35.44935433901714,control (non-VVP),True
230,Jali,Kurung Kumey,Unknown,Arunachal Pradesh,True,28.0713102,93.3941648,35.62119194925762,control (non-VVP),True
231,Kodela,Kurung Kumey,Unknown,Arunachal Pradesh,True,28.0167667,93.2132294,35.73635785557759,control (non-VVP),True
232,Peni,Kurung Kumey,Unknown,Arunachal Pradesh,True,28.0675109,93.390127,35.780114860239415,control (non-VVP),True
233,Retung,Kurung Kumey,Unknown,Arunachal Pradesh,True,28.0126009,93.220157,36.39654532773291,control (non-VVP),True
234,Furang,Kurung Kumey,Unknown,Arunachal Pradesh,True,28.0069345,93.2141257,36.81900121021572,control (non-VVP),True
235,Gone,Kurung Kumey,Unknown,Arunachal Pradesh,True,27.9567194,93.1119431,37.23933038800211,control (non-VVP),True
236,Taba,Kurung Kumey,Unknown,Arunachal Pradesh,True,28.0616364,93.4126933,37.53425086032585,control (non-VVP),True
237,Sejik,Kurung Kumey,Unknown,Arunachal Pradesh,True,28.0651757,93.4212354,37.677030226209254,control (non-VVP),True
238,Palo,Kurung Kumey,Unknown,Arunachal Pradesh,True,27.9441662,93.1157356,38.24130122849178,control (non-VVP),True
239,Kaney,Kurung Kumey,Unknown,Arunachal Pradesh,True,27.9880893,93.1999363,38.404264734749844,control (non-VVP),True
240,Hanglik,Kurung Kumey,Unknown,Arunachal Pradesh,True,28.0712841,93.4547212,39.131317911595964,control (non-VVP),True
241,Upper Lichila,Kurung Kumey,Unknown,Arunachal Pradesh,True,27.9798598,93.2015731,39.33767224983703,control (non-VVP),True
242,Nade,Kurung Kumey,Unknown,Arunachal Pradesh,True,27.9617646,93.1869151,40.827473893108035,control (non-VVP),True
243,Lamnia,Kurung Kumey,Unknown,Arunachal Pradesh,True,28.0504537,93.4555379,41.03275970073496,control (non-VVP),True
244,Lee,Kurung Kumey,Unknown,Arunachal Pradesh,True,27.9633075,93.202655,41.146995449543525,control (non-VVP),True
245,Chotte,Kurung Kumey,Unknown,Arunachal Pradesh,True,28.0474404,93.455651,41.31135432375806,control (non-VVP),True
246,Mala,Kurung Kumey,Unknown,Arunachal Pradesh,True,28.0438593,93.4527315,41.46253832060482,control (non-VVP),True
247,Pachik,Kurung Kumey,Unknown,Arunachal Pradesh,True,28.0431644,93.4563404,41.73972579250863,control (non-VVP),True
248,Baribayang,Kurung Kumey,Unknown,Arunachal Pradesh,True,27.9405099,93.1576514,41.756120229198125,control (non-VVP),True
249,Lower Lichila,Kurung Kumey,Unknown,Arunachal Pradesh,True,27.9634244,93.228221,41.921933081525,control (non-VVP),True
250,Sipe,Kurung Kumey,Unknown,Arunachal Pradesh,True,27.9473278,93.1919733,42.53227245946092,control (non-VVP),True
251,Haleba,Kurung Kumey,Unknown,Arunachal Pradesh,True,27.9535172,93.2212596,42.770660600164156,control (non-VVP),True
252,Kodela,Kurung Kumey,Unknown,Arunachal Pradesh,True,27.9589181,93.2421602,42.81515776896063,control (non-VVP),True
253,Sewaring,Kurung Kumey,Unknown,Arunachal Pradesh,True,27.9487419,93.2097591,42.92873805636163,control (non-VVP),True
254,Kelin,Kurung Kumey,Unknown,Arunachal Pradesh,True,28.0334539,93.4679615,43.313629675966,control (non-VVP),True
255,Tai,Kurung Kumey,Unknown,Arunachal Pradesh,True,27.9557116,93.2503551,43.33901855179588,control (non-VVP),True
256,Mangio,Kurung Kumey,Unknown,Arunachal Pradesh,True,28.0318367,93.4689617,43.519747943986175,control (non-VVP),True
257,Hashi,Kurung Kumey,Unknown,Arunachal Pradesh,True,28.029797,93.4690502,43.709532446277976,control (non-VVP),True
258,Ruktepu,Kurung Kumey,Unknown,Arunachal Pradesh,True,27.945805,93.2387355,44.136517215983716,control (non-VVP),True
259,Rilong,Kurung Kumey,Unknown,Arunachal Pradesh,True,27.9510659,93.2673215,44.20361438750863,control (non-VVP),True
260,Fua,Kurung Kumey,Unknown,Arunachal Pradesh,True,27.9448103,93.2637154,44.81907152874242,control (non-VVP),True
261,Topak,Kurung Kumey,Unknown,Arunachal Pradesh,True,27.9375989,93.2339474,44.86967213138936,control (non-VVP),True
262,Dome,Kurung Kumey,Unknown,Arunachal Pradesh,True,27.9445671,93.2883561,45.35689720760246,control (non-VVP),True
263,Solung,Kurung Kumey,Unknown,Arunachal Pradesh,True,28.016221,93.4805766,45.62783306486907,control (non-VVP),True
264,Pariuk,Kurung Kumey,Unknown,Arunachal Pradesh,True,27.9393093,93.2903924,45.979332859840056,control (non-VVP),True
265,Rakte,Kurung Kumey,Unknown,Arunachal Pradesh,True,27.926534,93.2636139,46.83359791529182,control (non-VVP),True
266,Patuk,Kurung Kumey,Unknown,Arunachal Pradesh,True,28.0084129,93.4938419,47.13111688963759,control (non-VVP),True
267,Sebi,Kurung Kumey,Unknown,Arunachal Pradesh,True,27.9282641,93.3018993,47.436775453297265,control (non-VVP),True
268,Joku,Kurung Kumey,Unknown,Arunachal Pradesh,True,28.0070922,93.4973613,47.463732979035385,control (non-VVP),True
269,Digging,Kurung Kumey,Unknown,Arunachal Pradesh,True,27.9235664,93.283198,47.567428640526884,control (non-VVP),True
270,Relung,Kurung Kumey,Unknown,Arunachal Pradesh,True,27.9267335,93.3063161,47.69723385529906,control (non-VVP),True
271,Mangdo,Kurung Kumey,Unknown,Arunachal Pradesh,True,28.0051556,93.4984123,47.701224386400405,control (non-VVP),True
272,Lungte Tacha,Kurung Kumey,Unknown,Arunachal Pradesh,True,28.0384138,93.5537004,48.5513163703201,control (non-VVP),True
273,Toba,Kurung Kumey,Unknown,Arunachal Pradesh,True,27.9156223,93.2907437,48.600596948108475,control (non-VVP),True
274,Kanchangjana,Kurung Kumey,Unknown,Arunachal Pradesh,True,27.9125039,93.3209425,49.582893087307006,control (non-VVP),True
275,Mara,Kurung Kumey,Unknown,Arunachal Pradesh,True,27.9118254,93.3236314,49.71953651317569,control (non-VVP),True
276,Tayeng,Kurung Kumey,Unknown,Arunachal Pradesh,True,27.9119263,93.3301981,49.86598472330681,control (non-VVP),True
277,Jeevandept,Kurung Kumey,Unknown,Arunachal Pradesh,True,27.9115014,93.3332283,49.987814019096064,control (non-VVP),True
278,Parsi-Parlo,Kurung Kumey,Unknown,Arunachal Pradesh,True,27.9895698,93.5138011,50.03553717612049,control (non-VVP),True
279,Nikja,Kurung Kumey,Unknown,Arunachal Pradesh,True,27.9157176,93.3536671,50.085465790850726,control (non-VVP),True
280,Tumbia,Kurung Kumey,Unknown,Arunachal Pradesh,True,28.0021269,93.5328877,50.137619912129914,control (non-VVP),True
281,Satum,Kurung Kumey,Unknown,Arunachal Pradesh,True,27.9120184,93.3437143,50.205692112088265,control (non-VVP),True
282,Labia,Kurung Kumey,Unknown,Arunachal Pradesh,True,27.9932164,93.5228247,50.27114169342594,control (non-VVP),True
283,Papin,Kurung Kumey,Unknown,Arunachal Pradesh,True,27.9124359,93.3585619,50.58380811111399,control (non-VVP),True
284,Taipa,Kurung Kumey,Unknown,Arunachal Pradesh,True,27.9074231,93.3503798,50.8881009608274,control (non-VVP),True
285,Manghe 2,Kurung Kumey,Unknown,Arunachal Pradesh,True,27.9065246,93.3469471,50.89025769186891,control (non-VVP),True
286,Chingkongne,Kurung Kumey,Unknown,Arunachal Pradesh,True,27.9172781,93.3867833,50.98535297065307,control (non-VVP),True
287,Leya,Kurung Kumey,Unknown,Arunachal Pradesh,True,27.9788093,93.5157141,51.11766792042123,control (non-VVP),True
288,Jog,Kurung Kumey,Unknown,Arunachal Pradesh,True,27.9050355,93.3500017,51.136175355254615,control (non-VVP),True
289,Furek,Kurung Kumey,Unknown,Arunachal Pradesh,True,27.9140344,93.3859036,51.29755488692778,control (non-VVP),True
290,Boa,Kurung Kumey,Unknown,Arunachal Pradesh,True,27.9822237,93.5256281,51.41769598892298,control (non-VVP),True
291,Radang,Kurung Kumey,Unknown,Arunachal Pradesh,True,27.9076277,93.3755482,51.62967909729711,control (non-VVP),True
292,Renchiporing II,Kurung Kumey,Unknown,Arunachal Pradesh,True,27.9814404,93.5279667,51.632087069821324,control (non-VVP),True
293,Pinging,Kurung Kumey,Unknown,Arunachal Pradesh,True,27.8985446,93.3430694,51.65362519753305,control (non-VVP),True
294,Sangkun,Kurung Kumey,Unknown,Arunachal Pradesh,True,27.9292256,93.435367,51.67625052516377,control (non-VVP),True
295,马拉,Kurung Kumey,Unknown,Arunachal Pradesh,True,27.8886329,93.2980263,51.730112062193975,control (non-VVP),True
296,Harrang,Kurung Kumey,Unknown,Arunachal Pradesh,True,27.9315942,93.4420695,51.73684197650472,control (non-VVP),True
297,Rambo,Kurung Kumey,Unknown,Arunachal Pradesh,True,27.8974975,93.3425604,51.75432543150933,control (non-VVP),True
298,Nyobia,Kurung Kumey,Unknown,Arunachal Pradesh,True,27.8863971,93.2907263,51.82534328694944,control (non-VVP),True
299,Yerik,Kurung Kumey,Unknown,Arunachal Pradesh,True,28.0082819,93.5670426,51.91370975696549,control (non-VVP),True
300,Deyang,Kurung Kumey,Unknown,Arunachal Pradesh,True,27.8852661,93.2892168,51.918818102400536,control (non-VVP),True
301,Konkup,Kurung Kumey,Unknown,Arunachal Pradesh,True,28.0111367,93.5726645,52.07382983199752,control (non-VVP),True
302,Johak,Kurung Kumey,Unknown,Arunachal Pradesh,True,27.8807287,93.2817346,52.26416943840109,control (non-VVP),True
303,Renchiporing,Kurung Kumey,Unknown,Arunachal Pradesh,True,27.9775535,93.5336956,52.33240726701578,control (non-VVP),True
304,Sullung Tapin,Kurung Kumey,Unknown,Arunachal Pradesh,True,27.8941928,93.3556556,52.46918182773761,control (non-VVP),True
305,Yapak 2,Kurung Kumey,Unknown,Arunachal Pradesh,True,27.900174,93.3802795,52.57939658080241,control (non-VVP),True
306,Tapone,Kurung Kumey,Unknown,Arunachal Pradesh,True,27.905549,93.4006325,52.71832601927556,control (non-VVP),True
307,Sangsar,Kurung Kumey,Unknown,Arunachal Pradesh,True,27.9123798,93.4211037,52.79653862997746,control (non-VVP),True
308,Jiri,Kurung Kumey,Unknown,Arunachal Pradesh,True,27.9024698,93.394667,52.82745650715455,control (non-VVP),True
309,Kokpunayer,Kurung Kumey,Unknown,Arunachal Pradesh,True,27.8696105,93.2638666,53.08799162248989,control (non-VVP),True
310,Rate,Kurung Kumey,Unknown,Arunachal Pradesh,True,27.9025231,93.4035863,53.14458978728701,control (non-VVP),True
311,Molo,Kurung Kumey,Unknown,Arunachal Pradesh,True,27.9634667,93.5271662,53.19157551628955,control (non-VVP),True
312,Rite,Kurung Kumey,Unknown,Arunachal Pradesh,True,27.9046219,93.4117605,53.23291678834946,control (non-VVP),True
313,Najibibuk,Kurung Kumey,Unknown,Arunachal Pradesh,True,27.8683639,93.2642347,53.23312823698754,control (non-VVP),True
314,Yarpu,Kurung Kumey,Unknown,Arunachal Pradesh,True,27.9101363,93.4264549,53.24615143731343,control (non-VVP),True
315,Manghe 1,Kurung Kumey,Unknown,Arunachal Pradesh,True,27.8964882,93.3905192,53.31540581754054,control (non-VVP),True
316,Tabumna,Kurung Kumey,Unknown,Arunachal Pradesh,True,27.8598023,93.2528662,53.61887036190232,control (non-VVP),True
317,Taram,Kurung Kumey,Unknown,Arunachal Pradesh,True,27.9628134,93.5366038,53.822544337034905,control (non-VVP),True
318,Yarpu,Kurung Kumey,Unknown,Arunachal Pradesh,True,27.894643,93.4225849,54.691646183946624,control (non-VVP),True
319,Langbang,Kurung Kumey,Unknown,Arunachal Pradesh,True,27.9544909,93.540336,54.79577404291024,control (non-VVP),True
320,Pado,Kurung Kumey,Unknown,Arunachal Pradesh,True,27.9756026,93.5757879,55.21899864800898,control (non-VVP),True
321,Made,Kurung Kumey,Unknown,Arunachal Pradesh,True,27.9780177,93.5788669,55.22245455017162,control (non-VVP),True
322,Kele,Kurung Kumey,Unknown,Arunachal Pradesh,True,27.9032308,93.4632364,55.55313131649786,control (non-VVP),True
323,Yerba,Kurung Kumey,Unknown,Arunachal Pradesh,True,27.96349,93.5654022,55.57211119674372,control (non-VVP),True
324,Sera,Kurung Kumey,Unknown,Arunachal Pradesh,True,27.9554003,93.5546431,55.59641243681598,control (non-VVP),True
325,Byate,Kurung Kumey,Unknown,Arunachal Pradesh,True,27.8878009,93.4444302,56.287466712330165,control (non-VVP),True
326,Keya,Kurung Kumey,Unknown,Arunachal Pradesh,True,27.8850396,93.4612545,57.29613376260714,control (non-VVP),True
327,Panyi,Kurung Kumey,Unknown,Arunachal Pradesh,True,27.8742022,93.4525059,58.020390224105675,control (non-VVP),True
328,Kush Lami,Kurung Kumey,Unknown,Arunachal Pradesh,True,27.8754594,93.4559652,58.03918936077741,control (non-VVP),True
329,Pari,Kurung Kumey,Unknown,Arunachal Pradesh,True,27.8773703,93.4806463,58.94791448455408,control (non-VVP),True
330,Nibi,Kurung Kumey,Unknown,Arunachal Pradesh,True,27.8906614,93.5152047,59.340268541829865,control (non-VVP),True
331,Leba,Kurung Kumey,Unknown,Arunachal Pradesh,True,27.889732,93.5177222,59.56093842432439,control (non-VVP),True
332,Sara,Kurung Kumey,Unknown,Arunachal Pradesh,True,27.8764655,93.5162563,60.77030161863449,control (non-VVP),True
333,Hiba,Kurung Kumey,Unknown,Arunachal Pradesh,True,27.8672206,93.4999319,60.869797413587015,control (non-VVP),True
334,Langria,Kurung Kumey,Unknown,Arunachal Pradesh,True,27.7303718,93.2723198,60.92056597964042,control (non-VVP),True
335,Dengba,Kurung Kumey,Unknown,Arunachal Pradesh,True,27.8559794,93.479899,61.06503740556487,control (non-VVP),True
336,Payu,Kurung Kumey,Unknown,Arunachal Pradesh,True,27.7289942,93.2749594,61.227506775357774,control (non-VVP),True
337,Sangme,Kurung Kumey,Unknown,Arunachal Pradesh,True,27.8554992,93.4857201,61.3756576437797,control (non-VVP),True
338,Cheki,Kurung Kumey,Unknown,Arunachal Pradesh,True,27.8689915,93.5175395,61.563443758097144,control (non-VVP),True
339,Palang,Kurung Kumey,Unknown,Arunachal Pradesh,True,27.7081538,93.27106,62.0393782602315,control (non-VVP),True
340,Phassang,Kurung Kumey,Unknown,Arunachal Pradesh,True,27.7243116,93.2813307,62.04128392750685,control (non-VVP),True
341,Leel,Kurung Kumey,Unknown,Arunachal Pradesh,True,27.8437826,93.4758359,62.123629047307624,control (non-VVP),True
342,Dara,Kurung Kumey,Unknown,Arunachal Pradesh,True,27.8616633,93.5158884,62.197670092994514,control (non-VVP),True
343,Sangripo,Kurung Kumey,Unknown,Arunachal Pradesh,True,27.7227416,93.282713,62.24775883531558,control (non-VVP),True
344,Sangte,Kurung Kumey,Unknown,Arunachal Pradesh,True,27.7291192,93.288153,62.38973072239573,control (non-VVP),True
345,Saleriang,Kurung Kumey,Unknown,Arunachal Pradesh,True,27.7854605,93.3201249,62.67410750706665,control (non-VVP),True
346,Mujariang,Kurung Kumey,Unknown,Arunachal Pradesh,True,27.7257548,93.2911669,62.8344615375254,control (non-VVP),True
347,Pinchi,Kurung Kumey,Unknown,Arunachal Pradesh,True,27.7735733,93.316873,62.87093570706181,control (non-VVP),True
348,Leya,Kurung Kumey,Unknown,Arunachal Pradesh,True,27.7282734,93.2932093,62.883494640525456,control (non-VVP),True
349,Raris,Kurung Kumey,Unknown,Arunachal Pradesh,True,27.7680851,93.3146271,62.9030359773339,control (non-VVP),True
350,Raluguha,Kurung Kumey,Unknown,Arunachal Pradesh,True,27.7354085,93.2990876,63.04097132854151,control (non-VVP),True
351,Jugriang,Kurung Kumey,Unknown,Arunachal Pradesh,True,27.7707148,93.3182278,63.120392546722385,control (non-VVP),True
352,Leel Camp,Kurung Kumey,Unknown,Arunachal Pradesh,True,27.8432284,93.497014,63.124611985575164,control (non-VVP),True
353,Yaki,Kurung Kumey,Unknown,Arunachal Pradesh,True,27.836181,93.4940102,63.6968154239411,control (non-VVP),True
354,Rayer Sollung,Kurung Kumey,Unknown,Arunachal Pradesh,True,27.7426766,93.3108399,63.738385833589504,control (non-VVP),True
355,恰吐姆,Kurung Kumey,Unknown,Arunachal Pradesh,True,27.8448117,93.5145294,63.791627724426974,control (non-VVP),True
356,Pinchi Sollung,Kurung Kumey,Unknown,Arunachal Pradesh,True,27.7385004,93.3140943,64.23711008771745,control (non-VVP),True
357,Tumlang,Kurung Kumey,Unknown,Arunachal Pradesh,True,27.8281634,93.4904133,64.34731111703483,control (non-VVP),True
358,Tagum,Kurung Kumey,Unknown,Arunachal Pradesh,True,27.8357436,93.5079409,64.38038151579731,control (non-VVP),True
359,Sulo,Kurung Kumey,Unknown,Arunachal Pradesh,True,27.7369819,93.3154143,64.43109999772348,control (non-VVP),True
360,Diba Koyar,Kurung Kumey,Unknown,Arunachal Pradesh,True,27.7381059,93.3187116,64.67380951385692,control (non-VVP),True
361,6 Mile Camp,Kurung Kumey,Unknown,Arunachal Pradesh,True,27.8329405,93.5083348,64.6788348706032,control (non-VVP),True
362,Kamayer,Kurung Kumey,Unknown,Arunachal Pradesh,True,27.7905642,93.3910095,64.68671640219328,control (non-VVP),True
363,Rowa,Kurung Kumey,Unknown,Arunachal Pradesh,True,27.8428454,93.5296997,64.72937712536886,control (non-VVP),True
364,Pagrang,Kurung Kumey,Unknown,Arunachal Pradesh,True,27.8509062,93.5452982,64.742927105104,control (non-VVP),True
365,Pagga,Kurung Kumey,Unknown,Arunachal Pradesh,True,27.8504991,93.5494243,64.998668557548,control (non-VVP),True
366,Powak Korar,Kurung Kumey,Unknown,Arunachal Pradesh,True,27.8375593,93.5258798,65.05965003375064,control (non-VVP),True
367,Reyup,Kurung Kumey,Unknown,Arunachal Pradesh,True,27.8567715,93.5619177,65.07040407648839,control (non-VVP),True
368,Sango,Kurung Kumey,Unknown,Arunachal Pradesh,True,27.7353472,93.3216355,65.07341785790047,control (non-VVP),True
369,Yarte,Kurung Kumey,Unknown,Arunachal Pradesh,True,27.831632,93.5141164,65.0806102713764,control (non-VVP),True
370,Lengro,Kurung Kumey,Unknown,Arunachal Pradesh,True,27.8547999,93.559177,65.10857548346836,control (non-VVP),True
371,Dangu,Kurung Kumey,Unknown,Arunachal Pradesh,True,27.835467,93.5289814,65.41798058825336,control (non-VVP),True
372,Kaung,Kurung Kumey,Unknown,Arunachal Pradesh,True,27.8225472,93.5040159,65.52297282954555,control (non-VVP),True
373,Nyori,Kurung Kumey,Unknown,Arunachal Pradesh,True,27.8475995,93.5552271,65.58383487315307,control (non-VVP),True
374,Kaglang,Kurung Kumey,Unknown,Arunachal Pradesh,True,27.8501585,93.5616729,65.68491145650103,control (non-VVP),True
375,Tachak,Kurung Kumey,Unknown,Arunachal Pradesh,True,27.841908,93.5484681,65.77616403291061,control (non-VVP),True
376,Regba,Kurung Kumey,Unknown,Arunachal Pradesh,True,27.8236364,93.5159119,65.9622888806895,control (non-VVP),True
377,Miba,Kurung Kumey,Unknown,Arunachal Pradesh,True,27.824202,93.5173691,65.97430745239905,control (non-VVP),True
378,Byasi,Kurung Kumey,Unknown,Arunachal Pradesh,True,27.8372182,93.5436135,65.98056026668415,control (non-VVP),True
379,Neokhilanghi,Kurung Kumey,Unknown,Arunachal Pradesh,True,27.7213159,93.3285769,66.39994813659872,control (non-VVP),True
380,Kamrung,Kurung Kumey,Unknown,Arunachal Pradesh,True,27.8336301,93.5467063,66.48718923074118,control (non-VVP),True
381,Dilanggang,Kurung Kumey,Unknown,Arunachal Pradesh,True,27.7796166,93.41419,66.55722703905451,control (non-VVP),True
382,Lower Happa,Kurung Kumey,Unknown,Arunachal Pradesh,True,27.825885,93.5332832,66.57242928486403,control (non-VVP),True
383,Paching,Kurung Kumey,Unknown,Arunachal Pradesh,True,27.8225097,93.5290614,66.70007702078077,control (non-VVP),True
384,Yorung,Kurung Kumey,Unknown,Arunachal Pradesh,True,27.7375945,93.3427203,66.87759880254396,control (non-VVP),True
385,Longlefoth,Kurung Kumey,Unknown,Arunachal Pradesh,True,27.776484,93.4150439,66.919867194645,control (non-VVP),True
386,Lumte,Kurung Kumey,Unknown,Arunachal Pradesh,True,27.7863252,93.446526,66.92655554983172,control (non-VVP),True
387,Gufa,Kurung Kumey,Unknown,Arunachal Pradesh,True,27.7347708,93.344262,67.15233570438872,control (non-VVP),True
388,Chebang,Kurung Kumey,Unknown,Arunachal Pradesh,True,27.7364834,93.3455625,67.18916900531578,control (non-VVP),True
389,Taris,Kurung Kumey,Unknown,Arunachal Pradesh,True,27.7358412,93.3487724,67.51203104036905,control (non-VVP),True
390,Rangdo,Kurung Kumey,Unknown,Arunachal Pradesh,True,27.7820948,93.4575729,67.77367269908065,control (non-VVP),True
391,Ralung,Kurung Kumey,Unknown,Arunachal Pradesh,True,27.7371862,93.353664,67.89499230367123,control (non-VVP),True
392,Gangnee,Kurung Kumey,Unknown,Arunachal Pradesh,True,27.7541489,93.3737844,68.19499146307581,control (non-VVP),True
393,Pinchi Solung,Kurung Kumey,Unknown,Arunachal Pradesh,True,27.7375854,93.3603528,68.48797795765051,control (non-VVP),True
394,Kampu,Kurung Kumey,Unknown,Arunachal Pradesh,True,27.7422153,93.363991,68.60926594531249,control (non-VVP),True
395,Dolo,Kurung Kumey,Unknown,Arunachal Pradesh,True,27.7568896,93.4009912,68.61464734272681,control (non-VVP),True
396,Hiya,Kurung Kumey,Unknown,Arunachal Pradesh,True,27.7752174,93.4614457,68.63852328877431,control (non-VVP),True
397,Guha,Kurung Kumey,Unknown,Arunachal Pradesh,True,27.7590364,93.4164824,68.83813211753635,control (non-VVP),True
398,Nyapin,Kurung Kumey,Unknown,Arunachal Pradesh,True,27.7515445,93.3946648,69.01868062831686,control (non-VVP),True
399,Delung,Kurung Kumey,Unknown,Arunachal Pradesh,True,27.7778716,93.4788091,69.02604048139617,control (non-VVP),True
400,Sona,Kurung Kumey,Unknown,Arunachal Pradesh,True,27.810017,93.5520226,69.05857769482293,control (non-VVP),True
401,Tumrung,Kurung Kumey,Unknown,Arunachal Pradesh,True,27.8072923,93.5473433,69.0934873091725,control (non-VVP),True
402,Takyo,Kurung Kumey,Unknown,Arunachal Pradesh,True,27.7755045,93.474237,69.09350681294279,control (non-VVP),True
403,买翁里,Lower Dibang,Unknown,Arunachal Pradesh,True,28.2822374,96.0953096,26.10559542079225,control (non-VVP),True
404,Runli,Lower Dibang,Unknown,Arunachal Pradesh,True,28.2991992,96.0743049,26.77128336291975,control (non-VVP),True
405,阿蒙岗,Lower Dibang,Unknown,Arunachal Pradesh,True,28.2700017,96.0942481,27.053521018139232,control (non-VVP),True
406,Thangdung,Tawang,Unknown,Arunachal Pradesh,True,27.4924362,91.6448955,0.05338087837367779,control (non-VVP),False
407,Chhema,Tawang,Unknown,Arunachal Pradesh,True,27.4766454,91.6640409,0.07162547260572907,control (non-VVP),False
408,Rashuthang,Tawang,Unknown,Arunachal Pradesh,True,27.1326518,91.9873523,0.2166138295754838,control (non-VVP),False
409,Khiliphu,Tawang,Unknown,Arunachal Pradesh,True,27.1933491,92.0177941,0.38772658488765416,control (non-VVP),False
410,Melongkhar,Tawang,Unknown,Arunachal Pradesh,True,27.4716594,91.6684389,0.47630495013407376,control (non-VVP),False
411,Tshothang,Tawang,Unknown,Arunachal Pradesh,True,27.1330028,91.9950426,0.5438198735177904,control (non-VVP),False
412,Manam,Tawang,Unknown,Arunachal Pradesh,True,27.4881511,91.6402804,0.6116409477067213,control (non-VVP),False
413,Yerphel,Tawang,Unknown,Arunachal Pradesh,True,27.4708286,91.6567729,0.9108160565722287,control (non-VVP),False
414,Doogti,Tawang,Unknown,Arunachal Pradesh,True,27.4825186,91.6917615,1.2786216864386837,control (non-VVP),False
415,Buri,Tawang,Unknown,Arunachal Pradesh,True,27.5138525,91.6470731,1.3906022474572084,control (non-VVP),False
416,勒村,Tawang,Unknown,Arunachal Pradesh,True,27.818098,91.7506349,1.4821008294521318,control (non-VVP),False
417,Dudunghar,Tawang,Unknown,Arunachal Pradesh,True,27.5069344,91.6530079,1.5986002204117489,control (non-VVP),False
418,Serzhong,Tawang,Unknown,Arunachal Pradesh,True,27.1264072,91.9705006,1.7977341769842867,control (non-VVP),False
419,Blaiteng,Tawang,Unknown,Arunachal Pradesh,True,27.505442,91.6575862,1.9424500855525422,control (non-VVP),False
420,Gonong,Tawang,Unknown,Arunachal Pradesh,True,27.1258692,91.9685764,1.9810072565657113,control (non-VVP),False
421,Shengdang,Tawang,Unknown,Arunachal Pradesh,True,27.4844282,91.622125,2.2871454078224445,control (non-VVP),False
422,Dongmareng,Tawang,Unknown,Arunachal Pradesh,True,27.5064997,91.6610772,2.309362171583042,control (non-VVP),False
423,Dungmanma,Tawang,Unknown,Arunachal Pradesh,True,27.0965531,91.9635015,2.574826241453045,control (non-VVP),False
424,Chhemkhar,Tawang,Unknown,Arunachal Pradesh,True,27.4797134,91.6218298,2.6231126444793427,control (non-VVP),False
425,Deptsang,Tawang,Unknown,Arunachal Pradesh,True,27.0530872,91.9825709,2.697952331050776,control (non-VVP),False
426,嘎林久村,Tawang,Unknown,Arunachal Pradesh,True,27.8293568,91.7604054,2.70594048550807,control (non-VVP),False
427,Kaben,Tawang,Unknown,Arunachal Pradesh,True,27.489457,91.7279816,3.0614816229047177,control (non-VVP),False
428,汤乌村,Tawang,Unknown,Arunachal Pradesh,True,27.7949174,92.0216484,3.2189850308578447,control (non-VVP),False
429,Rolam,Tawang,Unknown,Arunachal Pradesh,True,27.4497486,91.651622,3.324777131098403,control (non-VVP),False
430,Marmey,Tawang,Unknown,Arunachal Pradesh,True,27.5382332,91.6496721,3.3771400340346336,control (non-VVP),False
431,岗萨洞村,Tawang,Unknown,Arunachal Pradesh,True,27.7632673,91.9052521,3.537393922379085,control (non-VVP),False
432,Khinyel,Tawang,Unknown,Arunachal Pradesh,True,27.4814952,91.6087837,3.6239056543532944,control (non-VVP),False
433,Hatung La,Tawang,Unknown,Arunachal Pradesh,True,27.7767145,91.7101807,3.654151925310779,control (non-VVP),False
434,肖村,Tawang,Unknown,Arunachal Pradesh,True,27.7647714,91.9106823,3.6987632389783105,control (non-VVP),False
435,Pamdung,Tawang,Unknown,Arunachal Pradesh,True,27.5346077,91.6595459,3.710239596007614,control (non-VVP),False
436,昂定村,Tawang,Unknown,Arunachal Pradesh,True,27.7867208,91.8859646,3.8242662617561276,control (non-VVP),False
437,肖康桑村,Tawang,Unknown,Arunachal Pradesh,True,27.7654854,91.9187235,3.8919306347407145,control (non-VVP),False
438,Murshindama,Tawang,Unknown,Arunachal Pradesh,True,27.4900655,91.6009715,3.894216841193877,control (non-VVP),False
439,热吉干布村,Tawang,Unknown,Arunachal Pradesh,True,27.7800424,91.8914322,3.9127945486799076,control (non-VVP),False
440,Maeldung,Tawang,Unknown,Arunachal Pradesh,True,27.4856619,91.602426,4.001256422730607,control (non-VVP),False
441,Bakpa,Tawang,Unknown,Arunachal Pradesh,True,27.4808559,91.6030526,4.173888954166457,control (non-VVP),False
442,Chelengdung,Tawang,Unknown,Arunachal Pradesh,True,27.5402668,91.6598059,4.193411701045378,control (non-VVP),False
443,Pajab,Tawang,Unknown,Arunachal Pradesh,True,27.4874232,91.5980381,4.309586000201642,control (non-VVP),False
444,贤村,Tawang,Unknown,Arunachal Pradesh,True,27.8436163,91.7583626,4.314555240618509,control (non-VVP),False
445,Dungjee,Tawang,Unknown,Arunachal Pradesh,True,27.4989655,92.0097869,4.338941811773184,control (non-VVP),False
446,Benig,Tawang,Unknown,Arunachal Pradesh,True,27.499111,91.7352285,4.347101955043248,control (non-VVP),False
447,User,Tawang,Unknown,Arunachal Pradesh,True,27.5441215,91.6573264,4.373110658625996,control (non-VVP),False
448,Phomang,Tawang,Unknown,Arunachal Pradesh,True,27.5125531,91.694958,4.653543128075959,control (non-VVP),False
449,Sanghar,Tawang,Unknown,Arunachal Pradesh,True,27.5320099,91.6739901,4.707234530435824,control (non-VVP),False
450,Amatulla,Tawang,Unknown,Arunachal Pradesh,True,26.9164238,92.1272069,4.741773914302493,control (non-VVP),False
451,Tsechu,Tawang,Unknown,Arunachal Pradesh,True,27.7228408,92.0148221,4.907638250176255,control (non-VVP),False
452,Dormeleng,Tawang,Unknown,Arunachal Pradesh,True,27.536051,91.6739209,4.937700113927385,control (non-VVP),False
453,Bagajang Gompa,Tawang,Unknown,Arunachal Pradesh,True,27.5002605,92.0203955,5.006595526544024,control (non-VVP),False
454,Tokshing,Tawang,Unknown,Arunachal Pradesh,True,27.4808904,91.593587,5.030162233010421,control (non-VVP),False
455,Hoongla,Tawang,Unknown,Arunachal Pradesh,True,27.5133024,91.7221181,5.290406133364242,control (non-VVP),False
456,Draktsa,Tawang,Unknown,Arunachal Pradesh,True,27.4787894,91.5913526,5.332986095070722,control (non-VVP),False
457,Yalang,Tawang,Unknown,Arunachal Pradesh,True,27.4502664,91.6143036,5.380407950722963,control (non-VVP),False
458,Jyonkhar,Tawang,Unknown,Arunachal Pradesh,True,27.4166116,91.8630804,5.394563445320295,control (non-VVP),False
459,Sazo,Tawang,Unknown,Arunachal Pradesh,True,27.5211872,91.6919115,5.532226184559705,control (non-VVP),False
460,Kharung,Tawang,Unknown,Arunachal Pradesh,True,27.5083212,91.7443344,5.5466060502072345,control (non-VVP),False
461,Phongmey,Tawang,Unknown,Arunachal Pradesh,True,27.4070065,91.7604157,5.683429080429823,control (non-VVP),False
462,Domtshang,Tawang,Unknown,Arunachal Pradesh,True,27.4997616,91.5585743,5.85846031367451,control (non-VVP),False
463,Bulaisen,Tawang,Unknown,Arunachal Pradesh,True,27.7447203,91.6940265,5.905200706775433,control (non-VVP),False
464,Zirkhim,Tawang,Unknown,Arunachal Pradesh,True,27.759106,91.6987037,5.938746380800322,control (non-VVP),False
465,Kharteng,Tawang,Unknown,Arunachal Pradesh,True,27.5322737,91.68881,6.0521809761015355,control (non-VVP),False
466,次麦夺村,Tawang,Unknown,Arunachal Pradesh,True,27.8974291,92.1766052,6.115076985316885,control (non-VVP),False
467,Phanbu,Tawang,Unknown,Arunachal Pradesh,True,27.6755489,91.5190859,6.387502601574665,control (non-VVP),False
468,Omling Gumpha,Tawang,Unknown,Arunachal Pradesh,True,27.3154109,92.1483055,6.468662361044225,control (non-VVP),False
469,Malang,Tawang,Unknown,Arunachal Pradesh,True,26.9199558,91.5006852,6.629850630756158,control (non-VVP),False
470,Sayphu,Tawang,Unknown,Arunachal Pradesh,True,27.3989221,91.7976093,6.661690502240729,control (non-VVP),False
471,Taktsang,Tawang,Unknown,Arunachal Pradesh,True,27.7202129,91.7987847,6.692513866650191,control (non-VVP),False
472,Bimkhar,Tawang,Unknown,Arunachal Pradesh,True,27.5996103,91.5097951,6.712437385255616,control (non-VVP),False
473,Baghar,Tawang,Unknown,Arunachal Pradesh,True,27.5386646,91.692876,6.72820261147585,control (non-VVP),False
474,多塘村,Tawang,Unknown,Arunachal Pradesh,True,27.903248,92.1752696,6.756881920509697,control (non-VVP),False
475,Surbin,Tawang,Unknown,Arunachal Pradesh,True,27.6044729,91.6478797,6.778017993080565,control (non-VVP),False
476,Chongti,Tawang,Unknown,Arunachal Pradesh,True,26.9210081,91.5019834,6.789908746253437,control (non-VVP),False
477,聚塘贡村,Tawang,Unknown,Arunachal Pradesh,True,27.8906837,92.1452425,6.892451650990197,control (non-VVP),False
478,Lengkhar,Tawang,Unknown,Arunachal Pradesh,True,27.5034784,91.5433416,6.9051738478955995,control (non-VVP),False
479,Milum,Tawang,Unknown,Arunachal Pradesh,True,26.9234976,91.5029731,7.0859287612509885,control (non-VVP),False
480,Serpang,Tawang,Unknown,Arunachal Pradesh,True,27.4822039,91.5608666,7.104440601514886,control (non-VVP),False
481,Bilam,Tawang,Unknown,Arunachal Pradesh,True,26.9275894,91.4938939,7.216276365724303,control (non-VVP),False
482,Mitshishing,Tawang,Unknown,Arunachal Pradesh,True,26.9259082,91.501286,7.271792151523161,control (non-VVP),False
483,Phugyang,Tawang,Unknown,Arunachal Pradesh,True,27.4398176,91.5994167,7.27457959877611,control (non-VVP),False
484,西登,Upper Siang,Unknown,Arunachal Pradesh,True,29.1329116,94.9651923,2.562190944518204,control (non-VVP),True
485,Norbuling,Upper Siang,Unknown,Arunachal Pradesh,True,29.1263536,94.9733788,3.2416695474790673,control (non-VVP),True
486,Kapu,Upper Siang,Unknown,Arunachal Pradesh,True,29.05073,94.9103307,12.262297721724916,control (non-VVP),True
487,Jorging,Upper Siang,Unknown,Arunachal Pradesh,True,29.0668897,94.4790622,13.95697753428302,control (non-VVP),True
488,Tuting Panikheti,Upper Siang,Unknown,Arunachal Pradesh,True,28.973338,94.8719848,21.296509942133397,control (non-VVP),True
489,Naming,Upper Siang,Unknown,Arunachal Pradesh,True,28.9686342,94.9381419,21.33336634899785,control (non-VVP),True
490,Payendum,Upper Siang,Unknown,Arunachal Pradesh,True,28.926458,95.0315768,22.262053102816076,control (non-VVP),True
491,Nyereng,Upper Siang,Unknown,Arunachal Pradesh,True,28.9574,94.9011,22.87910808309866,control (non-VVP),True
492,Nyokong,Upper Siang,Unknown,Arunachal Pradesh,True,28.919363,95.0271109,23.16992004457483,control (non-VVP),True
493,Ninging,Upper Siang,Unknown,Arunachal Pradesh,True,28.953851,94.8333181,24.117479106553883,control (non-VVP),True
494,Devkota,Upper Siang,Unknown,Arunachal Pradesh,True,28.8829865,95.0820892,24.560701262794563,control (non-VVP),True
495,Yortung,Upper Siang,Unknown,Arunachal Pradesh,True,28.8942055,95.0642733,24.602529262564705,control (non-VVP),True
496,Silipu,Upper Siang,Unknown,Arunachal Pradesh,True,28.8527517,95.1306768,25.253669698391235,control (non-VVP),True
497,Simuge,Upper Siang,Unknown,Arunachal Pradesh,True,28.8399841,95.1568258,25.798302866161848,control (non-VVP),True
498,Singa Old,Upper Siang,Unknown,Arunachal Pradesh,True,28.8313255,95.1691884,26.461357965313468,control (non-VVP),True
499,Silage,Upper Siang,Unknown,Arunachal Pradesh,True,28.8331926,95.1580815,26.51068619316482,control (non-VVP),True
500,Tamid Arung,Upper Siang,Unknown,Arunachal Pradesh,True,28.8998406,94.5747584,26.665712981632883,control (non-VVP),True
501,Angachi,Upper Siang,Unknown,Arunachal Pradesh,True,28.8255056,95.1704914,27.080962227174982,control (non-VVP),True
502,Simuling,Upper Siang,Unknown,Arunachal Pradesh,True,28.8155203,95.2010538,27.736701557513825,control (non-VVP),True
503,Singing,Upper Siang,Unknown,Arunachal Pradesh,True,28.8977681,94.7841203,30.4545617667354,control (non-VVP),True
504,Migging,Upper Siang,Unknown,Arunachal Pradesh,True,28.8529247,94.7729372,35.54813394632882,control (non-VVP),True
505,Palling,Upper Siang,Unknown,Arunachal Pradesh,True,28.836535,94.8097586,37.39350199604249,control (non-VVP),True
506,Likor,Upper Siang,Unknown,Arunachal Pradesh,True,28.8267883,94.8955464,37.68250752391067,control (non-VVP),True
507,Mosing,Upper Siang,Unknown,Arunachal Pradesh,True,28.8091508,94.7915356,40.48500471182223,control (non-VVP),True
508,Gujinboluo,Upper Siang,Unknown,Arunachal Pradesh,True,28.7553138,94.9111952,44.751186577262146,control (non-VVP),True
509,Pugging,Upper Siang,Unknown,Arunachal Pradesh,True,28.7438597,94.9345829,45.034963512080296,control (non-VVP),True
510,Gette,Upper Siang,Unknown,Arunachal Pradesh,True,28.6863056,95.0089723,47.4878099643318,control (non-VVP),True
511,Dojubing,Upper Subansiri,Unknown,Arunachal Pradesh,True,28.4315441,93.1898276,0.2514692762152858,control (non-VVP),True
512,Ishneya,Upper Subansiri,Unknown,Arunachal Pradesh,True,28.4397601,93.1851781,0.7289219816798854,control (non-VVP),True
513,Gumsing Taying,Upper Subansiri,Unknown,Arunachal Pradesh,True,28.4321817,93.2172532,2.0289552748217994,control (non-VVP),True
514,Juga,Upper Subansiri,Unknown,Arunachal Pradesh,True,28.4467134,93.1498404,3.9931467141981054,control (non-VVP),True
515,Yorlung,Upper Subansiri,Unknown,Arunachal Pradesh,True,28.6720499,93.9704579,4.24956686804673,control (non-VVP),True
516,Gelemo,Upper Subansiri,Unknown,Arunachal Pradesh,True,28.472442,93.4628099,18.301929795352276,control (non-VVP),True
517,Gelemo Camp,Upper Subansiri,Unknown,Arunachal Pradesh,True,28.4568913,93.4620422,18.86762186598506,control (non-VVP),True
518,Dojbung,Upper Subansiri,Unknown,Arunachal Pradesh,True,28.3729191,93.4561501,23.70229524026418,control (non-VVP),True
519,Gelinceniak,Upper Subansiri,Unknown,Arunachal Pradesh,True,28.3631529,93.4766991,25.944180209930533,control (non-VVP),True
520,Chingring,Upper Subansiri,Unknown,Arunachal Pradesh,True,28.4192393,93.8246305,29.819714146711693,control (non-VVP),True
521,Poba,Upper Subansiri,Unknown,Arunachal Pradesh,True,28.414467,93.8159723,30.24332045757586,control (non-VVP),True
522,贾德普,Upper Subansiri,Unknown,Arunachal Pradesh,True,28.4082012,93.7972842,30.795950994065457,control (non-VVP),True
523,嘎如,Upper Subansiri,Unknown,Arunachal Pradesh,True,28.4068583,93.7942953,30.933808925581914,control (non-VVP),True
524,阿赖根布,Upper Subansiri,Unknown,Arunachal Pradesh,True,28.4059921,93.808704,31.1233705267222,control (non-VVP),True
525,Orak Camp,Upper Subansiri,Unknown,Arunachal Pradesh,True,28.3665963,93.5461814,31.141582608191396,control (non-VVP),True
526,Ketha,Upper Subansiri,Unknown,Arunachal Pradesh,True,28.4307648,94.061466,31.449325496884043,control (non-VVP),True
527,Raba,Upper Subansiri,Unknown,Arunachal Pradesh,True,28.4054645,93.8353976,31.525413853923823,control (non-VVP),True
528,AkI,Upper Subansiri,Unknown,Arunachal Pradesh,True,28.4045203,93.7242887,31.69153408910826,control (non-VVP),True
529,Mojang,Upper Subansiri,Unknown,Arunachal Pradesh,True,28.4013177,93.8229042,31.80179766186301,control (non-VVP),True
530,Nyare,Upper Subansiri,Unknown,Arunachal Pradesh,True,28.3708318,93.5572909,31.810939106306055,control (non-VVP),True
531,Ngoju,Upper Subansiri,Unknown,Arunachal Pradesh,True,28.399193,93.7068591,31.891282603955112,control (non-VVP),True
532,Mepu,Upper Subansiri,Unknown,Arunachal Pradesh,True,28.3744399,93.5616267,31.96616974560059,control (non-VVP),True
533,Keojariang,Upper Subansiri,Unknown,Arunachal Pradesh,True,28.4009028,93.8320953,31.979826859532427,control (non-VVP),True
534,Bogun,Upper Subansiri,Unknown,Arunachal Pradesh,True,28.3958767,93.6960267,31.998595831343906,control (non-VVP),True
535,贡岗,West Kameng,Unknown,Arunachal Pradesh,True,26.8952222,92.1170503,4.210925932086845,control (non-VVP),True
536,Balem,West Kameng,Unknown,Arunachal Pradesh,True,26.9649897,92.1516917,7.396696654370072,control (non-VVP),True
537,Rongthangjurpam,West Kameng,Unknown,Arunachal Pradesh,True,27.0382758,92.1315055,7.972817106960784,control (non-VVP),True
538,若波朗钦,West Kameng,Unknown,Arunachal Pradesh,True,27.0752385,92.1082163,8.019387087917442,control (non-VVP),True
539,Yukmadung,West Kameng,Unknown,Arunachal Pradesh,True,27.4213253,92.1244746,8.424815305900642,control (non-VVP),True
540,Warrangpam,West Kameng,Unknown,Arunachal Pradesh,True,27.1186044,92.0745879,8.691976609796239,control (non-VVP),True
541,Neygang,North,Unknown,Sikkim,True,26.8222735,89.2456924,0.03558226426097323,control (non-VVP),False
542,Mangalbare,North,Unknown,Sikkim,True,26.9641686,88.0931146,0.06476141207068528,control (non-VVP),False
543,Tingtingma,North,Unknown,Sikkim,True,26.83608,89.2607505,0.13767541310767753,control (non-VVP),False
544,Tading,North,Unknown,Sikkim,True,26.842835,89.2980981,0.18511881381604267,control (non-VVP),False
545,Katao,North,Unknown,Sikkim,True,27.6714244,88.8140893,0.41256285566364276,control (non-VVP),False
546,Kupup,North,Unknown,Sikkim,True,27.35065,88.8396693,0.4225155208694286,control (non-VVP),False
547,Kumai,North,Unknown,Sikkim,True,26.9721659,88.8529694,0.45274201564678346,control (non-VVP),False
548,Sherathang,North,Unknown,Sikkim,True,27.3803999,88.8152126,0.49556783900294993,control (non-VVP),False
549,Gidaibir,North,Unknown,Sikkim,True,26.8366987,89.2715013,0.5001160037222253,control (non-VVP),False
550,Marwatraya,North,Unknown,Sikkim,True,26.8521011,89.3113536,0.5411725208570399,control (non-VVP),False
551,Daduwachok,North,Unknown,Sikkim,True,27.278697,88.0127539,0.601678508302782,control (non-VVP),False
552,Doomshinggang,North,Unknown,Sikkim,True,26.819084,89.1416207,0.7045531802138566,control (non-VVP),False
553,Nyoenpalingmaed,North,Unknown,Sikkim,True,26.8229454,89.2250516,0.7521010739572831,control (non-VVP),False
554,Shri Antu,North,Unknown,Sikkim,True,26.8809868,88.1307377,0.8499290724614919,control (non-VVP),False
555,Doleg,North,Unknown,Sikkim,True,26.819408,89.1716232,0.9119223362096455,control (non-VVP),False
556,Rongo,North,Unknown,Sikkim,True,27.0385628,88.8358784,0.9729067913653561,control (non-VVP),False
557,Todey,North,Unknown,Sikkim,True,27.1108271,88.8252278,1.007339370678231,control (non-VVP),False
558,Dugpoling,North,Unknown,Sikkim,True,26.8538049,89.2820477,1.0223005531766292,control (non-VVP),False
559,Hauri,North,Unknown,Sikkim,True,26.8351402,89.2827694,1.0598478746735207,control (non-VVP),False
560,Totopara,North,Unknown,Sikkim,True,26.8357066,89.3075323,1.1295109397723893,control (non-VVP),False
561,Gorkhe Bazar,North,Unknown,Sikkim,True,26.9554832,88.0775912,1.8895275821573174,control (non-VVP),False
562,Tumliṅ,North,Unknown,Sikkim,True,27.0312588,88.0689601,1.9629183785489908,control (non-VVP),False
563,Gariabas,North,Unknown,Sikkim,True,27.024001,88.8656552,2.0029109786404193,control (non-VVP),False
564,Gairibas,North,Unknown,Sikkim,True,27.0592783,88.0246254,2.003166322343602,control (non-VVP),False
565,Lachhungthang,North,Unknown,Sikkim,True,26.8295321,89.1899901,2.055755176747083,control (non-VVP),False
566,Gurãse,North,Unknown,Sikkim,True,27.027135,88.0744586,2.092263793138101,control (non-VVP),False
567,Dangreyboog,North,Unknown,Sikkim,True,26.9392244,89.008113,2.149160665269404,control (non-VVP),False
568,काला पोखरी,North,Unknown,Sikkim,True,27.0788791,88.0171082,2.223006751992468,control (non-VVP),False
569,Dadheli,North,Unknown,Sikkim,True,27.0860589,87.9548391,2.291074108015092,control (non-VVP),False
570,लुम्चोक,North,Unknown,Sikkim,True,27.0800523,87.9589886,2.352470918378059,control (non-VVP),False
571,Kandan,North,Unknown,Sikkim,True,27.2632886,87.9854179,2.3905979127738695,control (non-VVP),False
572,Magargau,North,Unknown,Sikkim,True,27.2531652,87.9799507,2.4295055460182264,control (non-VVP),False
573,Changgu,North,Unknown,Sikkim,True,27.3778843,88.7709213,2.431578364820277,control (non-VVP),False
574,Bikeybhanjan,North,Unknown,Sikkim,True,27.0929468,88.01296,2.508521300469969,control (non-VVP),False
575,Megma,North,Unknown,Sikkim,True,27.0239524,88.0828861,2.5707124045394854,control (non-VVP),False
576,Sandakphu,North,Unknown,Sikkim,True,27.104806,88.0015441,2.5784162435399867,control (non-VVP),False
577,Katrepakha,North,Unknown,Sikkim,True,26.9903319,88.9319658,2.6105572006436226,control (non-VVP),False
578,Bugkha,North,Unknown,Sikkim,True,26.869138,89.2872405,2.699890755219743,control (non-VVP),False
579,Chamurchi,North,Unknown,Sikkim,True,26.8827274,89.0903663,2.731702104978543,control (non-VVP),False
580,Jhalong,North,Unknown,Sikkim,True,27.0401327,88.8732963,2.766156059393461,control (non-VVP),False
581,Tharphu,North,Unknown,Sikkim,True,26.9893377,88.9368045,2.913886534956412,control (non-VVP),False
582,Khamzangling,North,Unknown,Sikkim,True,26.9747954,88.9498508,2.930770138616877,control (non-VVP),False
583,Yugo,North,Unknown,Sikkim,True,26.8975661,89.0839157,2.938900321222627,control (non-VVP),False
584,Kardo,North,Unknown,Sikkim,True,26.9492965,88.9928788,2.9790200358896586,control (non-VVP),False
585,Paren,North,Unknown,Sikkim,True,27.0636736,88.8734078,2.998685579043204,control (non-VVP),False
586,Tonglu,North,Unknown,Sikkim,True,27.033721,88.0805457,3.0130957735189763,control (non-VVP),False
587,Samarjun,North,Unknown,Sikkim,True,27.2603728,87.975741,3.1390024824035505,control (non-VVP),False
588,Chhubakha,North,Unknown,Sikkim,True,27.8241475,88.815369,3.2414481457540965,control (non-VVP),False
589,Sisne,North,Unknown,Sikkim,True,27.2634845,87.9756726,3.28609009187711,control (non-VVP),False
590,Sampheling,North,Unknown,Sikkim,True,27.1213407,88.8490569,3.38087656914457,control (non-VVP),False
591,Rabi,North,Unknown,Sikkim,True,27.3014656,87.9929991,3.4297310352223396,control (non-VVP),False
592,Samphelgang,North,Unknown,Sikkim,True,27.1264595,88.8453086,3.6082038009572606,control (non-VVP),False
593,Sepi,North,Unknown,Sikkim,True,27.2967297,87.9885069,3.6238047098603836,control (non-VVP),False
594,Depheling,North,Unknown,Sikkim,True,26.9742504,88.9581871,3.6526411483422105,control (non-VVP),False
595,Nojangsa Nyipa,North,Unknown,Sikkim,True,26.8786124,89.3011236,3.6663691413305037,control (non-VVP),False
596,Norgeygang,North,Unknown,Sikkim,True,27.1251166,88.8483354,3.671042065024521,control (non-VVP),False
597,Tsomgo,North,Unknown,Sikkim,True,27.3754372,88.7566799,3.6841674920938545,control (non-VVP),False
598,Ekrate,North,Unknown,Sikkim,True,27.252172,87.9651893,3.7274426427131386,control (non-VVP),False
599,Karmaling,North,Unknown,Sikkim,True,27.1204516,88.8555324,3.7558196863332998,control (non-VVP),False
600,Timbure,North,Unknown,Sikkim,True,27.2927386,87.9850534,3.757176164354312,control (non-VVP),False
601,Norbuling,North,Unknown,Sikkim,True,26.8925739,89.0972757,3.835379486058355,control (non-VVP),False
602,Sugure,North,Unknown,Sikkim,True,27.2608375,87.9680869,3.8563362254337723,control (non-VVP),False
603,Kuengaling,North,Unknown,Sikkim,True,27.1353079,88.8366105,3.8717037410096937,control (non-VVP),False
604,Khangzhima,North,Unknown,Sikkim,True,26.9887258,88.950355,3.9173713054339054,control (non-VVP),False
605,Kharsaling,North,Unknown,Sikkim,True,26.9981042,88.9418471,3.9246209478900442,control (non-VVP),False
606,Bindu,North,Unknown,Sikkim,True,27.0986121,88.8716429,3.9359784428281794,control (non-VVP),False
607,Sagadada,North,Unknown,Sikkim,True,27.2743415,87.9725518,4.061456698750013,control (non-VVP),False
608,Beteni,North,Unknown,Sikkim,True,27.2990623,87.9842607,4.115611719391664,control (non-VVP),False
609,Nagrakata,North,Unknown,Sikkim,True,26.887366,88.9115671,4.119183253745337,control (non-VVP),False
610,राम्चे (Ramche),North,Unknown,Sikkim,True,27.5940731,88.0313801,4.238122205907449,control (non-VVP),False
611,Samsing,North,Unknown,Sikkim,True,26.9891656,88.8036059,4.243612211886187,control (non-VVP),False
612,Migphelgang,North,Unknown,Sikkim,True,27.1290662,88.8545122,4.394844210571658,control (non-VVP),False
613,Chamilindada,North,Unknown,Sikkim,True,27.2564045,87.9589886,4.4832465049771075,control (non-VVP),False
614,Patshaling,North,Unknown,Sikkim,True,27.1459569,88.8314001,4.507608285049529,control (non-VVP),False
615,Sisne,North,Unknown,Sikkim,True,27.278902,87.9695767,4.538528038056814,control (non-VVP),False
616,Pangpema,North,Unknown,Sikkim,True,27.7878398,88.1100906,4.717150357302978,control (non-VVP),False
617,Nojangsa Dangpa,North,Unknown,Sikkim,True,26.8871962,89.2838824,4.721893226582448,control (non-VVP),False
618,Simana,North,Unknown,Sikkim,True,26.9846521,88.1356918,4.760446113123837,control (non-VVP),False
619,Gashingma,North,Unknown,Sikkim,True,26.8543744,89.1888303,4.827932116842553,control (non-VVP),False
620,Perunge,North,Unknown,Sikkim,True,27.2523041,87.9531478,4.828940992733906,control (non-VVP),False
621,Joenleksa,North,Unknown,Sikkim,True,26.9988785,88.9532304,4.858869871852076,control (non-VVP),False
622,Phanchebun,North,Unknown,Sikkim,True,27.0558235,87.9505824,4.878141835256099,control (non-VVP),False
623,Dombang,North,Unknown,Sikkim,True,27.7456823,88.777401,4.975335401712557,control (non-VVP),False
624,Tserima,North,Unknown,Sikkim,True,26.8970136,89.1079938,5.017026170451637,control (non-VVP),False
625,Baichhadrangra,North,Unknown,Sikkim,True,26.8907462,89.1119796,5.068937260000288,control (non-VVP),False
626,Gangawa,North,Unknown,Sikkim,True,27.2961738,87.9718593,5.112733080554766,control (non-VVP),False
627,Muklabu,North,Unknown,Sikkim,True,27.2868659,87.9666335,5.166723781153882,control (non-VVP),False
628,Tirsuley,North,Unknown,Sikkim,True,27.0096612,88.9474797,5.178599746939412,control (non-VVP),False
629,Serpe,North,Unknown,Sikkim,True,27.0734953,87.9288146,5.239425553978108,control (non-VVP),False
630,Chyanthapu,North,Unknown,Sikkim,True,27.2635164,87.9541546,5.2450732607375015,control (non-VVP),False
631,Memekha,North,Unknown,Sikkim,True,26.8941073,89.3031281,5.286888108691728,control (non-VVP),False
632,Nibhare,North,Unknown,Sikkim,True,27.3091311,87.9755405,5.364545756312757,control (non-VVP),False
633,Fikkal,North,Unknown,Sikkim,True,26.8952118,88.0661527,5.530171162738994,control (non-VVP),False
634,Ghāstoli,Chamoli,Unknown,Uttarakhand,True,30.8592089,79.4699913,11.912704932770406,control (non-VVP),True
635,Niti,Chamoli,Unknown,Uttarakhand,True,30.7776642,79.8411215,13.698778962685699,control (non-VVP),True
636,Gamshali,Chamoli,Unknown,Uttarakhand,True,30.7559986,79.8261873,16.491584153191166,control (non-VVP),True
637,Pharkia,Chamoli,Unknown,Uttarakhand,True,30.7318289,79.8262831,18.73832682654009,control (non-VVP),True
638,MAHAR GAON,Chamoli,Unknown,Uttarakhand,True,30.7109424,79.8743727,18.763824413862313,control (non-VVP),True
639,Kurkuti,Chamoli,Unknown,Uttarakhand,True,30.7065954,79.8754333,19.17027552052757,control (non-VVP),True
640,Ryal Bagar,Chamoli,Unknown,Uttarakhand,True,30.7110763,79.8435457,19.916147976519458,control (non-VVP),True
641,Kosa,Chamoli,Unknown,Uttarakhand,True,30.67793,79.8609495,22.58993975697144,control (non-VVP),True
642,Ghangaria,Chamoli,Unknown,Uttarakhand,True,30.7014544,79.5938002,26.30603637606213,control (non-VVP),True
643,GARPAK,Chamoli,Unknown,Uttarakhand,True,30.6269079,79.854244,26.53514477563784,control (non-VVP),True
644,Kajila,Chamoli,Unknown,Uttarakhand,True,30.6972318,79.5898879,26.75455347709048,control (non-VVP),True
645,SINGLA,Chamoli,Unknown,Uttarakhand,True,30.6462444,79.8258027,27.168140118740897,control (non-VVP),True
646,Jelam,Chamoli,Unknown,Uttarakhand,True,30.6441526,79.8259171,27.378171305171318,control (non-VVP),True
647,Hanumanchatti,Chamoli,Unknown,Uttarakhand,True,30.6955217,79.5141532,27.599744760748248,control (non-VVP),True
648,DRONAGIRI,Chamoli,Unknown,Uttarakhand,True,30.5991704,79.8680413,27.75389664657119,control (non-VVP),True
649,Lambagad,Chamoli,Unknown,Uttarakhand,True,30.692639,79.5132394,27.93072469137702,control (non-VVP),True
650,Bhyudar,Chamoli,Unknown,Uttarakhand,True,30.674709,79.5913479,29.25481110974796,control (non-VVP),True
651,Khirao,Chamoli,Unknown,Uttarakhand,True,30.6849562,79.4763374,29.72114710674598,control (non-VVP),True
652,KAGA,Chamoli,Unknown,Uttarakhand,True,30.6124584,79.8238599,29.78872770867718,control (non-VVP),True
653,Jumma,Chamoli,Unknown,Uttarakhand,True,30.60791,79.80606,31.428669031752992,control (non-VVP),True
654,Sal,Chamoli,Unknown,Uttarakhand,True,30.6497801,79.5825101,31.992555927565707,control (non-VVP),True
655,Lambagarh,Chamoli,Unknown,Uttarakhand,True,30.6541078,79.5165784,32.05015325703574,control (non-VVP),True
656,Nayachutti,Chamoli,Unknown,Uttarakhand,True,30.6485378,79.5332429,32.40916863902012,control (non-VVP),True
657,Pulna,Chamoli,Unknown,Uttarakhand,True,30.6357595,79.5716275,33.54877113715953,control (non-VVP),True
658,Asigada,Pithoragarh,Unknown,Uttarakhand,True,29.7996422,80.4676047,0.021638885434836684,control (non-VVP),False
659,Kapada,Pithoragarh,Unknown,Uttarakhand,True,29.9558311,80.6035153,0.02685251522465478,control (non-VVP),False
660,Narayan Ashram,Pithoragarh,Unknown,Uttarakhand,True,29.9707,80.65476,0.032052590281104326,control (non-VVP),False
661,Khaikon,Pithoragarh,Unknown,Uttarakhand,True,29.4443489,80.2390132,0.045764043270923004,control (non-VVP),False
662,Napalcho,Pithoragarh,Unknown,Uttarakhand,True,30.1820716,80.8515056,0.07232806729578994,control (non-VVP),False
663,Bagrihat,Pithoragarh,Unknown,Uttarakhand,True,29.74274,80.36225,0.11736112334188285,control (non-VVP),False
664,Dhar,Pithoragarh,Unknown,Uttarakhand,True,29.9557902,80.6196706,0.22966861976391037,control (non-VVP),False
665,Bajani,Pithoragarh,Unknown,Uttarakhand,True,29.7922615,80.4523603,0.24208621995400875,control (non-VVP),False
666,Pancheshwar,Pithoragarh,Unknown,Uttarakhand,True,29.4437807,80.2435846,0.24346753849089303,control (non-VVP),False
667,गूंजी,Pithoragarh,Unknown,Uttarakhand,True,30.1865763,80.8508108,0.2987799352144547,control (non-VVP),False
668,Jadani,Pithoragarh,Unknown,Uttarakhand,True,29.746009,80.3665526,0.34260493718586,control (non-VVP),False
669,Uchauligot,Pithoragarh,Unknown,Uttarakhand,True,29.1103277,80.1412411,0.35513551259094533,control (non-VVP),False
670,Thapla,Pithoragarh,Unknown,Uttarakhand,True,29.7886805,80.4316761,0.37832451375417775,control (non-VVP),False
671,Dokat,Pithoragarh,Unknown,Uttarakhand,True,29.9568545,80.6305181,0.3788166861637907,control (non-VVP),False
672,Naji,Pithoragarh,Unknown,Uttarakhand,True,29.9619303,80.6220175,0.40499100916735115,control (non-VVP),False
673,Tarkuli,Pithoragarh,Unknown,Uttarakhand,True,29.2431392,80.2752757,0.4074673446038879,control (non-VVP),False
674,Titri,Pithoragarh,Unknown,Uttarakhand,True,29.73587,80.36225,0.4373475597831811,control (non-VVP),False
675,Bajani,Pithoragarh,Unknown,Uttarakhand,True,29.7877192,80.4580098,0.4389204859623156,control (non-VVP),False
676,Majarkana,Pithoragarh,Unknown,Uttarakhand,True,29.58069,80.36362,0.4433382001464225,control (non-VVP),False
677,Bajkot,Pithoragarh,Unknown,Uttarakhand,True,29.2933981,80.2871954,0.45432171974219004,control (non-VVP),False
678,Syaku,Pithoragarh,Unknown,Uttarakhand,True,29.9514029,80.601573,0.48968767695229404,control (non-VVP),False
679,Chhiyalekh,Pithoragarh,Unknown,Uttarakhand,True,30.1200614,80.8384468,0.515704860494164,control (non-VVP),False
680,Gullah,Pithoragarh,Unknown,Uttarakhand,True,30.02426,80.7193,0.5707053660659177,control (non-VVP),False
681,Uleni,Pithoragarh,Unknown,Uttarakhand,True,29.7756777,80.4149282,0.592101946025433,control (non-VVP),False
682,Bet,Pithoragarh,Unknown,Uttarakhand,True,29.7725614,80.4024265,0.6112044244231037,control (non-VVP),False
683,Simal,Pithoragarh,Unknown,Uttarakhand,True,29.7945851,80.4465833,0.635754879409361,control (non-VVP),False
684,Tawaghat,Pithoragarh,Unknown,Uttarakhand,True,29.9614818,80.5995242,0.6432300094263849,control (non-VVP),False
685,Bachkot,Pithoragarh,Unknown,Uttarakhand,True,29.68918,80.36774,0.6803963165164377,control (non-VVP),False
686,Maduwa,Pithoragarh,Unknown,Uttarakhand,True,29.3218766,80.2745246,0.7051012002999427,control (non-VVP),False
687,Melpata,Pithoragarh,Unknown,Uttarakhand,True,29.9557765,80.6379681,0.7096579308180718,control (non-VVP),False
688,Udai,Pithoragarh,Unknown,Uttarakhand,True,29.7873228,80.4097708,0.783525828930723,control (non-VVP),False
689,Chamdeval,Pithoragarh,Unknown,Uttarakhand,True,29.41589,80.20569,0.7886584168349895,control (non-VVP),False
690,Karali,Pithoragarh,Unknown,Uttarakhand,True,29.1173595,80.2162316,0.807269515067354,control (non-VVP),False
691,Surkada,Pithoragarh,Unknown,Uttarakhand,True,29.8006354,80.4553855,0.8210585534709238,control (non-VVP),False
692,Khela,Pithoragarh,Unknown,Uttarakhand,True,29.9624674,80.5911762,0.8541411346431013,control (non-VVP),False
693,Jauljibi,Pithoragarh,Unknown,Uttarakhand,True,29.7524071,80.376287,0.8985811833629959,control (non-VVP),False
694,Mallo Dattu,Pithoragarh,Unknown,Uttarakhand,True,29.7896805,80.4151515,0.9005402762214502,control (non-VVP),False
695,Talli Chauki,Pithoragarh,Unknown,Uttarakhand,True,29.7461365,80.3733912,0.9366618677555414,control (non-VVP),False
696,Thulgada,Pithoragarh,Unknown,Uttarakhand,True,29.9478012,80.6061487,0.9417465709016558,control (non-VVP),False
697,Nabhidang Camp,Pithoragarh,Unknown,Uttarakhand,True,30.2390998,80.9760112,0.9425115670389164,control (non-VVP),False
698,Kakada,Pithoragarh,Unknown,Uttarakhand,True,29.7972185,80.4453896,0.9475104544092228,control (non-VVP),False
699,Selpya,Pithoragarh,Unknown,Uttarakhand,True,29.7380542,80.3696233,0.982584388042189,control (non-VVP),False
700,Ela Gad,Pithoragarh,Unknown,Uttarakhand,True,29.92127,80.57099,1.033099048159702,control (non-VVP),False
701,Pipali,Pithoragarh,Unknown,Uttarakhand,True,29.67957,80.37598,1.0604151729679658,control (non-VVP),False
702,Bhungti,Pithoragarh,Unknown,Uttarakhand,True,30.02838,80.71656,1.0736363195739638,control (non-VVP),False
703,Kalika,Pithoragarh,Unknown,Uttarakhand,True,29.80866,80.49271,1.0807418381002445,control (non-VVP),False
704,Dattu,Pithoragarh,Unknown,Uttarakhand,True,29.7925513,80.4200682,1.084144903990312,control (non-VVP),False
705,Guariat,Pithoragarh,Unknown,Uttarakhand,True,29.56833,80.34165,1.0853816334119823,control (non-VVP),False
706,Sumla,Uttarkashi,Unknown,Uttarakhand,True,31.3643581,79.1315444,5.49485960368513,control (non-VVP),True
707,波林三多,Uttarkashi,Unknown,Uttarakhand,True,31.3063902,79.1304897,8.87359066584267,control (non-VVP),True
708,Tirpani,Uttarkashi,Unknown,Uttarakhand,True,31.2764904,79.1066801,12.698942864307293,control (non-VVP),True
709,Nilapani,Uttarkashi,Unknown,Uttarakhand,True,31.1133518,79.1553581,15.06104988801272,control (non-VVP),True
710,桑村,Uttarkashi,Unknown,Uttarakhand,True,31.1815194,79.044165,15.27328368425804,control (non-VVP),True
711,葱莎,Uttarkashi,Unknown,Uttarakhand,True,31.1126554,79.0053748,19.178881843076333,control (non-VVP),True
712,Hindoligad,Uttarkashi,Unknown,Uttarakhand,True,31.0767806,78.9614641,21.73440499391991,control (non-VVP),True
713,Karchha,Uttarkashi,Unknown,Uttarakhand,True,31.04462,78.92578,24.95972599085463,control (non-VVP),True
714,Mukhba,Uttarkashi,Unknown,Uttarakhand,True,31.0449555,78.7799246,26.984652299629495,control (non-VVP),True
715,Lanka,Uttarkashi,Unknown,Uttarakhand,True,31.0302365,78.8679805,27.028062760665584,control (non-VVP),True
716,Bhaironghati,Uttarkashi,Unknown,Uttarakhand,True,31.0267173,78.8678798,27.413272280024298,control (non-VVP),True
717,Harsil,Uttarkashi,Unknown,Uttarakhand,True,31.0369099,78.7506484,28.059512024172214,control (non-VVP),True
718,Halunga,Uttarkashi,Unknown,Uttarakhand,True,31.0334361,78.7436711,28.525364133628997,control (non-VVP),True
719,Dhakroliya,Uttarkashi,Unknown,Uttarakhand,True,31.0349208,78.7312391,28.549146961068917,control (non-VVP),True
720,Sunagar,Uttarkashi,Unknown,Uttarakhand,True,31.01578,78.71155,31.006836660943836,control (non-VVP),True
721,Suki,Uttarkashi,Unknown,Uttarakhand,True,31.0029571,78.7013016,32.61810414731858,control (non-VVP),True
722,Bhojwasa,Uttarkashi,Unknown,Uttarakhand,True,30.9504464,79.051513,33.26104659326479,control (non-VVP),True
723,Cherbasa,Uttarkashi,Unknown,Uttarakhand,True,30.9798732,79.0239489,33.42506767890391,control (non-VVP),True
724,Bhangeli,Uttarkashi,Unknown,Uttarakhand,True,30.9173929,78.6694748,42.56588317895909,control (non-VVP),True
725,Gangnani (village),Uttarkashi,Unknown,Uttarakhand,True,30.9124564,78.67581,42.94506930365034,control (non-VVP),True
726,Seema,Uttarkashi,Unknown,Uttarakhand,True,31.1170286,78.3499378,43.218085234583434,control (non-VVP),True
727,Yamunotri,Uttarkashi,Unknown,Uttarakhand,True,30.999214,78.4626951,43.52866806001171,control (non-VVP),True
728,Osla,Uttarkashi,Unknown,Uttarakhand,True,31.1188962,78.3427722,43.714575837843476,control (non-VVP),True
729,Hurri,Uttarkashi,Unknown,Uttarakhand,True,30.900444,78.694016,43.864116902651986,control (non-VVP),True
730,Gangnani,Uttarkashi,Unknown,Uttarakhand,True,30.9029774,78.6797824,43.87803350805251,control (non-VVP),True
731,Sungar,Uttarkashi,Unknown,Uttarakhand,True,30.8932364,78.6782549,44.963262461183085,control (non-VVP),True
732,Panwani,Uttarkashi,Unknown,Uttarakhand,True,31.1162624,78.3290382,45.00537553338049,control (non-VVP),True
733,Gangwar,Uttarkashi,Unknown,Uttarakhand,True,31.1081301,78.3128214,46.79568038060073,control (non-VVP),True
734,Janki Chatti,Uttarkashi,Unknown,Uttarakhand,True,30.9764513,78.4383369,46.95727719884075,control (non-VVP),True
735,Kharsālī,Uttarkashi,Unknown,Uttarakhand,True,30.9727889,78.4382202,47.2776673250237,control (non-VVP),True
